MONTH,CHANNEL,REGION,SKU_CODE,SKU_CODE_CLEAN,UNITS_SOLD,GROSS_REVENUE,DISCOUNT,AD_SPEND,RETURNS_UNITS,Category,MRP,UNIT_COGS,SKU_MATCH,NET_REVENUE,GROSS_MARGIN_%,ROAS,CM2,RETURN_RATE_%,CHANNEL_CLEAN,MONTH_CLEAN
Nov-24,Flipkart,North,BEC-OTH-001,BEC-OTH-001,68,10132,827.32,0,1,Others,149,72,MATCH,9304.68,47.38%,0.00,4408.68,1.47%,Flipkart,Nov-24
Sep-24,D2C,West,  BEC-TIS-002,BEC-TIS-002,128,23040,1115.67,0,12,Tissues,180,95,MATCH,21924.33,44.54%,0.00,9764.33,9.38%,D2C,Sep-24
Apr-24,Zepto,South,BEC-CLN-004,BEC-CLN-004,268,26532,2863.67,0,12,Cleaners,99,44,MATCH,23668.33,50.18%,0.00,11876.33,4.48%,Zepto,Apr-24
Feb-25,D2C,South,BEC-TIS-002,BEC-TIS-002,125,22500,3142.13,0,20,Tissues,180,95,MATCH,19357.87,38.66%,0.00,7482.87,16.00%,D2C,Feb-25
Aug-24,Flipkart,South,BEC-CLN-004,BEC-CLN-004,154,15246,3190.62,0,7,Cleaners,99,44,MATCH,12055.38,43.79%,0.00,5279.38,4.55%,Flipkart,Aug-24
Oct-24,Flipkart,South,BEC-GB-002,BEC-GB-002,88,15752,3438.63,0,2,Garbage Bags,179,86,MATCH,12313.37,38.54%,0.00,4745.37,2.27%,Flipkart,Oct-24
Nov-24,Zepto,South,BEC-BW-001,BEC-BW-001,81,17820,3543.78,0,2,Bake & Wrap,220,118,MATCH,14276.22,33.05%,0.00,4718.22,2.47%,Zepto,Nov-24
Mar-25,Swiggy Instamart,West,BEC-CLN-004,BEC-CLN-004,269,26631,3808.56,0,16,Cleaners,99,44,MATCH,22822.44,48.14%,0.00,10986.44,5.95%,Swiggy Instamart,Mar-25
Dec-24, Zepto,South,BEC-CMB-001,BEC-CMB-001,29,20271,4072.49,0,0,Others,699,330,MATCH,16198.51,40.92%,0.00,6628.51,0.00%,Zepto,Dec-24
Apr-24,Swiggy Instamart,North,BEC-CLN-003,BEC-CLN-003,257,76843,4273.78,0,5,Cleaners,299,150,MATCH,72569.22,46.88%,0.00,34019.22,1.95%,Swiggy Instamart,Apr-24
Mar-24,Blinkit,North,BEC-CLN-002,BEC-CLN-002,411,76035,4591.03,0,11,Cleaners,185,88,MATCH,71443.97,49.38%,0.00,35275.97,2.68%,Blinkit,Mar-24
Oct-24,Amazon,South,BEC-BW-001,BEC-BW-001,95,20900,5987.8,0,4,Bake & Wrap,220,118,MATCH,14912.2,24.83%,0.00,3702.2,4.21%,Amazon,Oct-24
Oct-24,Amazon,South,BEC-CLN-099,BEC-CLN-099,95,20900,5987.8,0,4,NOT FOUND,Not Found,NOT FOUND,NOT FOUND,14912.2,0.00%,0.00,0,4.21%,Amazon,Oct-24
May-25,Zepto,West,BEC-CMB-001,BEC-CMB-001,58,40542,6029.15,0,1,Others,699,330,MATCH,34512.85,44.54%,0.00,15372.85,1.72%,Zepto,May-25
Dec-24,Zepto,South,BEC-KT-002,BEC-KT-002,140,58800,6193.28,0,8,Kitchen Towel,420,205,MATCH,52606.72,45.44%,0.00,23906.72,5.71%,Zepto,Dec-24
Nov-24,Swiggy Instamart,North,BEC-GB-002,BEC-GB-002,135,24165,6215.76,0,4,Garbage Bags,179,86,MATCH,17949.24,35.32%,0.00,6339.24,2.96%,Swiggy Instamart,Nov-24
Nov-24,Amazon,South,BEC-BW-002,BEC-BW-002,162,"28,350",6568.7,0,4,Bake & Wrap,175,92,MATCH,21781.3,31.57%,0.00,6877.3,2.47%,Amazon,Nov-24
May-24, Zepto,West,BEC-BW-001,BEC-BW-001,156,34320,7130.63,0,5,Bake & Wrap,220,118,MATCH,27189.37,32.30%,0.00,8781.37,3.21%,Zepto,May-24
Apr-25,Blinkit,North,BEC-GB-001,BEC-GB-001,226,33674,8794.62,0,5,Garbage Bags,149,70,MATCH,24879.38,36.41%,0.00,9059.38,2.21%,Blinkit,Apr-25
Dec-24, Zepto,West,BEC-CLN-002,BEC-CLN-002,471,87135,9376.05,0,16,Cleaners,185,88,MATCH,77758.95,46.70%,0.00,36310.95,3.40%,Zepto,Dec-24
Feb-25,Blinkit,North,BEC-CLN-003,BEC-CLN-003,481,143819,10596.93,0,28,Cleaners,299,150,MATCH,133222.07,45.84%,0.00,61072.07,5.82%,Blinkit,Feb-25
Apr-24,Blinkit,North,BEC-CLN-003,BEC-CLN-003,283,84617,10963.33,0,16,Cleaners,299,150,MATCH,73653.67,42.37%,0.00,31203.67,5.65%,Blinkit,Apr-24
Sep-24,Blinkit,South,BEC-CLN-003,BEC-CLN-003,175,52325,14797.09,0,6,Cleaners,299,150,MATCH,37527.91,30.05%,0.00,11277.91,3.43%,Blinkit,Sep-24
Feb-25, Zepto,South,BEC-CLN-003,BEC-CLN-003,243,72657,19103.66,0,5,Cleaners,299,150,MATCH,53553.34,31.94%,0.00,17103.34,2.06%,Zepto,Feb-25
Nov-24,Swiggy Instamart,South,BEC-OTH-001,BEC-OTH-001,33,4917,919.74,292.43,1,Others,149,72,MATCH,3997.26,40.56%,16.81,1328.83,3.03%,Swiggy Instamart,Nov-24
Oct-24,Swiggy Instamart,South,BEC-OTH-001,BEC-OTH-001,40,5960,1429.92,303.92,1,Others,149,72,MATCH,4530.08,36.42%,19.61,1346.16,2.50%,Swiggy Instamart,Oct-24
Sep-24,Swiggy Instamart,South,BEC-BW-002,BEC-BW-002,41,7175,970.93,318.22,2,Bake & Wrap,175,92,MATCH,6204.07,39.20%,22.55,2113.85,4.88%,Swiggy Instamart,Sep-24
Nov-24,Zepto,South,BEC-OTH-001,BEC-OTH-001,51,7599,1609.94,331.79,1,Others,149,72,MATCH,5989.06,38.69%,22.90,1985.27,1.96%,Zepto,Nov-24
Jul-24,Swiggy Instamart,South,BEC-BW-002,BEC-BW-002,45,7875,1293.97,348.4,0,Bake & Wrap,175,92,MATCH,6581.03,37.09%,22.60,2092.63,0.00%,Swiggy Instamart,Jul-24
Sep-24,Swiggy Instamart,West,BEC-OTH-001,BEC-OTH-001,56,8344,1777.13,349.81,2,Others,149,72,MATCH,6566.87,38.60%,23.85,2185.06,3.57%,Swiggy Instamart,Sep-24
Feb-24,Swiggy Instamart,South,  BEC-BW-002,BEC-BW-002,44,7700,1547.3,368.94,1,Bake & Wrap,175,92,MATCH,6152.7,34.21%,20.87,1735.76,2.27%,Swiggy Instamart,Feb-24
Mar-24,Flipkart,South,BEC-OTH-001,BEC-OTH-001,52,7748,1515.69,378.86,2,Others,149,72,MATCH,6232.31,39.93%,20.45,2109.45,3.85%,Flipkart,Mar-24
Jul-24,D2C,South,BEC-OTH-001,BEC-OTH-001,41,6109,597.71,383.06,6,Others,149,72,MATCH,5511.29,46.44%,15.95,2176.23,14.63%,D2C,Jul-24
Jun-24,Swiggy Instamart,West,BEC-OTH-001,BEC-OTH-001,52,7748,2119.71,397.04,2,Others,149,72,MATCH,5628.29,33.48%,19.51,1487.25,3.85%,Swiggy Instamart,Jun-24
Aug-24, Zepto,South,BEC-OTH-001,BEC-OTH-001,48,7152,1929.37,398.77,1,Others,149,72,MATCH,5222.63,33.83%,17.94,1367.86,2.08%,Zepto,Aug-24
Jan-25,Swiggy Instamart,North,BEC-OTH-001,BEC-OTH-001,56,8344,1986.11,404.13,2,Others,149,72,MATCH,6357.89,36.58%,20.65,1921.76,3.57%,Swiggy Instamart,Jan-25
Oct-24,D2C,South,BEC-TIS-001,BEC-TIS-001,100,9500,1306.45,416.48,11,Tissues,95,42,MATCH,8193.55,48.74%,22.81,3577.07,11.00%,D2C,Oct-24
Aug-24,Swiggy Instamart,South,BEC-TIS-001,BEC-TIS-001,84,7980,1059.13,417.12,3,Tissues,95,42,MATCH,6920.87,49.02%,19.13,2975.75,3.57%,Swiggy Instamart,Aug-24
Aug-24,D2C,North,BEC-OTH-001,BEC-OTH-001,40,5960,622.31,423.75,5,Others,149,72,MATCH,5337.69,46.04%,14.06,2033.94,12.50%,D2C,Aug-24
Aug-24,Swiggy Instamart,South,BEC-OTH-001,BEC-OTH-001,42,6258,1420.32,424.79,1,Others,149,72,MATCH,4837.68,37.49%,14.73,1388.89,2.38%,Swiggy Instamart,Aug-24
Jun-24,D2C,North,BEC-OTH-001,BEC-OTH-001,44,6556,960.15,426.5,4,Others,149,72,MATCH,5595.85,43.39%,15.37,2001.35,9.09%,D2C,Jun-24
Jul-24,Swiggy Instamart,North,BEC-OTH-001,BEC-OTH-001,42,6258,422.69,426.72,1,Others,149,72,MATCH,5835.31,48.18%,14.67,2384.59,2.38%,Swiggy Instamart,Jul-24
Aug-24,Swiggy Instamart,North,BEC-BW-001,BEC-BW-001,50,"11,000",3032.16,426.85,1,Bake & Wrap,220,118,MATCH,7967.84,25.95%,25.77,1640.99,2.00%,Swiggy Instamart,Aug-24
Jan-24,Swiggy Instamart,North,BEC-OTH-001,BEC-OTH-001,40,5960,681.42,426.94,1,Others,149,72,MATCH,5278.58,45.44%,13.96,1971.64,2.50%,Swiggy Instamart,Aug-24
Aug-24,Blinkit,South,BEC-OTH-001,BEC-OTH-001,57,8493,2247.19,433.32,2,Others,149,72,MATCH,6245.81,34.29%,19.60,1708.49,3.51%,Blinkit,Aug-24
Apr-25,Swiggy Instamart,South,BEC-TIS-001,BEC-TIS-001,120,11400,2922.14,434.29,6,Tissues,95,42,MATCH,8477.86,40.55%,26.25,3003.57,5.00%,Swiggy Instamart,Apr-25
Mar-24,Swiggy Instamart,South,BEC-TIS-001,BEC-TIS-001,102,9690,1898.43,437.93,3,Tissues,95,42,MATCH,7791.57,45.02%,22.13,3069.64,2.94%,Swiggy Instamart,Mar-24
Oct-24,Flipkart,South,BEC-KT-001,BEC-KT-001,70,11200,2380.61,442.78,2,Kitchen Towel,160,78,MATCH,8819.39,38.09%,25.29,2916.61,2.86%,Flipkart,Oct-24
Nov-24,Flipkart,West,BEC-OTH-001,BEC-OTH-001,66,9834,1219.97,451.08,1,Others,149,72,MATCH,8614.03,44.83%,21.80,3410.95,1.52%,Flipkart,Nov-24
Oct-24, Zepto,South,BEC-OTH-001,BEC-OTH-001,54,8046,2356.39,452.29,1,Others,149,72,MATCH,5689.61,31.66%,17.79,1349.32,1.85%,Zepto,Oct-24
Jan-24,Swiggy Instamart,South,BEC-OTH-001,BEC-OTH-001,33,4917,1283.87,452.39,1,Others,149,72,MATCH,3633.13,34.60%,10.87,804.74,3.03%,Swiggy Instamart,Jan-24
Mar-25,Zepto,South,BEC-OTH-001,BEC-OTH-001,66,9834,2391.8,452.4,3,Others,149,72,MATCH,7442.2,36.15%,21.74,2237.8,4.55%,Zepto,Mar-25
Mar-24,Blinkit,South,BEC-OTH-001,BEC-OTH-001,71,10579,1718.18,453.45,2,Others,149,72,MATCH,8860.82,42.31%,23.33,3295.37,2.82%,Blinkit,Mar-24
Jul-24, Zepto,South,BEC-BW-002,BEC-BW-002,59,10325,1723.17,455.75,1,Bake & Wrap,175,92,MATCH,8601.83,36.90%,22.65,2718.08,1.69%,Zepto,Jul-24
Mar-24,Swiggy Instamart,South,BEC-OTH-001,BEC-OTH-001,50,7450,964.44,457.45,2,Others,149,72,MATCH,6485.56,44.49%,16.29,2428.11,4.00%,Swiggy Instamart,Mar-24
Nov-24,Flipkart,South,BEC-TIS-001,BEC-TIS-001,128,12160,3571.51,460.09,3,Tissues,95,42,MATCH,8588.49,37.40%,26.43,2752.4,2.34%,Flipkart,Nov-24
Sep-24,Flipkart,North,BEC-BW-001,BEC-BW-001,51,11220,2228.29,461.39,2,Bake & Wrap,220,118,MATCH,8991.71,33.07%,24.32,2512.32,3.92%,Flipkart,Sep-24
Jul-24,Swiggy Instamart,South,BEC-OTH-001,BEC-OTH-001,32,4768,736.55,461.94,0,Others,149,72,MATCH,4031.45,42.85%,10.32,1265.51,0.00%,Swiggy Instamart,Jul-24
Sep-24,Flipkart,South,BEC-OTH-001,BEC-OTH-001,35,5215,428.61,462.04,1,Others,149,72,MATCH,4786.39,47.35%,11.29,1804.35,2.86%,Flipkart,Sep-24
Sep-24,D2C,North,BEC-BW-002,BEC-BW-002,56,9800,712.37,465.67,7,Bake & Wrap,175,92,MATCH,9087.63,43.31%,21.04,3469.96,12.50%,D2C,Sep-24
Feb-24,D2C,South,BEC-BW-002,BEC-BW-002,49,8575,207.14,469.06,7,Bake & Wrap,175,92,MATCH,8367.86,46.13%,18.28,3390.8,14.29%,D2C,Feb-24
Sep-24,Swiggy Instamart,North,BEC-TIS-001,BEC-TIS-001,100,9500,1497.96,472.07,4,Tissues,95,42,MATCH,8002.04,47.51%,20.12,3329.97,4.00%,Swiggy Instamart,Sep-24
Apr-24,D2C,South,BEC-OTH-001,BEC-OTH-001,42,6258,464.26,479.29,7,Others,149,72,MATCH,5793.74,47.81%,13.06,2290.45,16.67%,D2C,Apr-24
Oct-24,Flipkart,South,BEC-OTH-001,BEC-OTH-001,50,7450,1373.57,481.43,2,Others,149,72,MATCH,6076.43,40.75%,15.47,1995,4.00%,Flipkart,Oct-24
May-25,D2C,South,BEC-OTH-001,BEC-OTH-001,59,8791,453.99,482.49,5,Others,149,72,MATCH,8337.01,49.05%,18.22,3606.52,8.47%,D2C,May-25
Jul-24, Zepto,North,BEC-OTH-001,BEC-OTH-001,61,9089,2319.09,489.24,1,Others,149,72,MATCH,6769.91,35.12%,18.58,1888.67,1.64%,Zepto,Jul-24
Aug-24,Swiggy Instamart,North,BEC-BW-002,BEC-BW-002,50,8750,1353.48,495.04,1,Bake & Wrap,175,92,MATCH,7396.52,37.81%,17.68,2301.48,2.00%,Swiggy Instamart,Aug-24
Dec-24,Swiggy Instamart,South,BEC-TIS-001,BEC-TIS-001,120,11400,1911.73,496.13,5,Tissues,95,42,MATCH,9488.27,46.88%,22.98,3952.14,4.17%,Swiggy Instamart,Dec-24
Nov-24,Swiggy Instamart,South,BEC-TIS-001,BEC-TIS-001,101,9595,1685.67,502.53,3,Tissues,95,42,MATCH,7909.33,46.37%,19.09,3164.8,2.97%,Swiggy Instamart,Nov-24
Aug-24,Swiggy Instamart,West,BEC-BW-002,BEC-BW-002,63,11025,1396.12,504.07,3,Bake & Wrap,175,92,MATCH,9628.88,39.81%,21.87,3328.81,4.76%,Swiggy Instamart,Aug-24
May-24,Flipkart,South,BEC-OTH-001,BEC-OTH-001,48,7152,1151.43,508.93,1,Others,149,72,MATCH,6000.57,42.41%,14.05,2035.64,2.08%,Flipkart,May-24
Feb-25,Swiggy Instamart,North,BEC-OTH-001,BEC-OTH-001,71,10579,2804.15,514.02,1,Others,149,72,MATCH,7774.85,34.25%,20.58,2148.83,1.41%,Swiggy Instamart,Feb-25
Jun-25,Flipkart,South,BEC-BW-002,BEC-BW-002,68,11900,0,514.32,3,Bake & Wrap,175,92,MATCH,11900,47.43%,23.14,5129.68,4.41%,Flipkart,Jun-25
Jan-24,Blinkit,North,BEC-OTH-001,BEC-OTH-001,93,13857,3603.62,514.45,4,Others,149,72,MATCH,10253.38,34.69%,26.94,3042.93,4.30%,Blinkit,Jan-24
Jun-24,Flipkart,South,BEC-OTH-001,BEC-OTH-001,43,6407,1887.63,520.25,1,Others,149,72,MATCH,4519.37,31.49%,12.32,903.12,2.33%,Flipkart,Jun-24
Aug-24,Blinkit,North,BEC-OTH-001,BEC-OTH-001,79,11771,2786.23,528.14,3,Others,149,72,MATCH,8984.77,36.69%,22.29,2768.63,3.80%,Blinkit,Aug-24
Oct-24,Swiggy Instamart,South,BEC-BW-002,BEC-BW-002,39,6825,1532.72,529.38,1,Bake & Wrap,175,92,MATCH,5292.28,32.20%,12.89,1174.9,2.56%,Swiggy Instamart,Oct-24
Mar-24,D2C,South,BEC-OTH-001,BEC-OTH-001,41,6109,592.95,530.94,5,Others,149,72,MATCH,5516.05,46.48%,11.51,2033.11,12.20%,D2C,Mar-24
Apr-24,Swiggy Instamart,South,BEC-OTH-001,BEC-OTH-001,38,5662,1193.75,532.29,0,Others,149,72,MATCH,4468.25,38.77%,10.64,1199.96,0.00%,Swiggy Instamart,Apr-24
Jun-24,Swiggy Instamart,South,BEC-OTH-001,BEC-OTH-001,40,5960,655.15,541.1,1,Others,149,72,MATCH,5304.85,45.71%,11.01,1883.75,2.50%,Swiggy Instamart,Jun-24
Apr-25,Swiggy Instamart,South,BEC-BW-001,BEC-BW-001,61,13420,2928.29,544.97,3,Bake & Wrap,220,118,MATCH,10491.71,31.39%,24.63,2748.74,4.92%,Swiggy Instamart,Apr-25
Apr-24,Swiggy Instamart,South,BEC-BW-002,BEC-BW-002,65,11375,3240.46,546.6,2,Bake & Wrap,175,92,MATCH,8134.54,26.49%,20.81,1607.94,3.08%,Swiggy Instamart,Apr-24
Sep-24,Swiggy Instamart,South,BEC-OTH-001,BEC-OTH-001,42,6258,1252,549.63,1,Others,149,72,MATCH,5006,39.59%,11.39,1432.37,2.38%,Swiggy Instamart,Sep-24
Dec-24,D2C,South,BEC-OTH-001,BEC-OTH-001,45,6705,487.41,549.99,5,Others,149,72,MATCH,6217.59,47.89%,12.19,2427.6,11.11%,D2C,Dec-24
Dec-24,Swiggy Instamart,South,BEC-CMB-001,BEC-CMB-001,19,13281,3502.18,551.87,0,Others,699,330,MATCH,9778.82,35.88%,24.07,2956.95,0.00%,Swiggy Instamart,Dec-24
Aug-24,Flipkart,North,BEC-OTH-001,BEC-OTH-001,47,7003,562.19,555.17,1,Others,149,72,MATCH,6440.81,47.46%,12.61,2501.64,2.13%,Flipkart,Aug-24
Jan-24,Swiggy Instamart,West,BEC-OTH-001,BEC-OTH-001,54,8046,918.66,557.78,2,Others,149,72,MATCH,7127.34,45.45%,14.43,2681.56,3.70%,Swiggy Instamart,Jan-24
Jun-25,Swiggy Instamart,South,BEC-BW-002,BEC-BW-002,61,10675,2504.05,561.42,2,Bake & Wrap,175,92,MATCH,8170.95,31.32%,19.01,1997.53,3.28%,Swiggy Instamart,Jun-25
Feb-25,Flipkart,South,BEC-OTH-001,BEC-OTH-001,85,12665,2749.94,561.72,2,Others,149,72,MATCH,9915.06,38.28%,22.55,3233.34,2.35%,Flipkart,Feb-25
Aug-24,D2C,South,BEC-BW-002,BEC-BW-002,60,10500,915.97,562.9,6,Bake & Wrap,175,92,MATCH,9584.03,42.40%,18.65,3501.13,10.00%,D2C,Aug-24
Jul-24,Flipkart,North,BEC-OTH-001,BEC-OTH-001,71,10579,1285.49,564.18,1,Others,149,72,MATCH,9293.51,44.99%,18.75,3617.33,1.41%,Flipkart,Jul-24
Sep-24,Swiggy Instamart,South,BEC-CMB-001,BEC-CMB-001,12,8388,1525.42,568.21,0,Others,699,330,MATCH,6862.58,42.30%,14.76,2334.37,0.00%,Swiggy Instamart,Sep-24
Jan-24,Flipkart,South,BEC-BW-002,BEC-BW-002,65,11375,3264.55,575.91,3,Bake & Wrap,175,92,MATCH,8110.45,26.27%,19.75,1554.54,4.62%,Flipkart,Jan-24
May-24,D2C,South,BEC-OTH-001,BEC-OTH-001,48,7152,148.91,576.38,7,Others,149,72,MATCH,7003.09,50.65%,12.41,2970.71,14.58%,D2C,May-24
May-24,Flipkart,South,BEC-TIS-001,BEC-TIS-001,119,11305,2816.75,580.86,3,Tissues,95,42,MATCH,8488.25,41.12%,19.46,2909.39,2.52%,Flipkart,May-24
Sep-24,Swiggy Instamart,North,BEC-CMB-001,BEC-CMB-001,19,13281,2821.81,581.36,0,Others,699,330,MATCH,10459.19,40.05%,22.84,3607.83,0.00%,Swiggy Instamart,Sep-24
Jul-24,Swiggy Instamart,West,BEC-OTH-001,BEC-OTH-001,55,8195,1080.14,581.52,2,Others,149,72,MATCH,7114.86,44.34%,14.09,2573.34,3.64%,Swiggy Instamart,Jul-24
Aug-24,Amazon,North,BEC-OTH-001,BEC-OTH-001,109,16241,4498.2,590.02,5,Others,149,72,MATCH,11742.8,33.17%,27.53,3304.78,4.59%,Amazon,Aug-24
May-24,Flipkart,South,BEC-BW-002,BEC-BW-002,57,9975,2578.74,590.75,2,Bake & Wrap,175,92,MATCH,7396.26,29.10%,16.89,1561.51,3.51%,Flipkart,May-24
Feb-24,Swiggy Instamart,North,BEC-CMB-001,BEC-CMB-001,22,15378,4171.68,591.52,0,Others,699,330,MATCH,11206.32,35.22%,26.00,3354.8,0.00%,Swiggy Instamart,Feb-24
Feb-25, Zepto,South,BEC-OTH-001,BEC-OTH-001,69,10281,1656.74,594.87,2,Others,149,72,MATCH,8624.26,42.40%,17.28,3061.39,2.90%,Zepto,Feb-25
Apr-24,D2C,North,BEC-OTH-001,BEC-OTH-001,81,12069,1293.96,597.85,13,Others,149,72,MATCH,10775.04,45.87%,20.19,4345.19,16.05%,D2C,Apr-24
Sep-24,D2C,South,BEC-OTH-001,BEC-OTH-001,34,5066,558.43,598.54,4,Others,149,72,MATCH,4507.57,45.69%,8.46,1461.03,11.76%,D2C,Sep-24
Nov-24,Blinkit,South,BEC-OTH-001,BEC-OTH-001,77,11473,3104.17,599.77,4,Others,149,72,MATCH,8368.83,33.75%,19.13,2225.06,5.19%,Blinkit,Nov-24
Oct-24,D2C,North,BEC-CMB-001,BEC-CMB-001,17,11883,668.51,600.76,1,Others,699,330,MATCH,11214.49,49.98%,19.78,5003.73,5.88%,D2C,Oct-24
Jul-24,Swiggy Instamart,North,BEC-BW-002,BEC-BW-002,53,9275,1852.92,601.35,2,Bake & Wrap,175,92,MATCH,7422.08,34.30%,15.42,1944.73,3.77%,Swiggy Instamart,Jul-24
Sep-24,Swiggy Instamart,North,BEC-OTH-001,BEC-OTH-001,40,5960,895.48,601.55,1,Others,149,72,MATCH,5064.52,43.13%,9.91,1582.97,2.50%,Swiggy Instamart,Sep-24
Oct-24,Swiggy Instamart,South,BEC-KT-001,BEC-KT-001,94,15040,3075.4,601.84,3,Kitchen Towel,160,78,MATCH,11964.6,38.72%,24.99,4030.76,3.19%,Swiggy Instamart,Oct-24
Apr-24,Flipkart,South,BEC-BW-002,BEC-BW-002,60,10500,2015.98,604.08,2,Bake & Wrap,175,92,MATCH,8484.02,34.94%,17.38,2359.94,3.33%,Flipkart,Apr-24
Sep-24,Blinkit,North,BEC-OTH-001,BEC-OTH-001,97,14453,0,604.48,3,Others,149,72,MATCH,14453,51.68%,23.91,6864.52,3.09%,Blinkit,Sep-24
Aug-24,Zepto,North,BEC-TIS-001,BEC-TIS-001,165,15675,3888.36,605.54,4,Tissues,95,42,MATCH,11786.64,41.20%,25.89,4251.1,2.42%,Zepto,Aug-24
Feb-25,Swiggy Instamart,North,  BEC-TIS-001,BEC-TIS-001,153,14535,3078.82,608.43,8,Tissues,95,42,MATCH,11456.18,43.91%,23.89,4421.75,5.23%,Swiggy Instamart,Feb-25
Feb-24,Zepto,South,BEC-OTH-001,BEC-OTH-001,59,8791,1966.28,609.88,2,Others,149,72,MATCH,6824.72,37.76%,14.41,1966.84,3.39%,Zepto,Feb-24
Jul-24,D2C,South,BEC-BW-002,BEC-BW-002,45,7875,947.09,610.44,6,Bake & Wrap,175,92,MATCH,6927.91,40.24%,12.90,2177.47,13.33%,D2C,Jul-24
May-25, Zepto,South,BEC-OTH-001,BEC-OTH-001,82,12218,3307.38,615.33,2,Others,149,72,MATCH,8910.62,33.74%,19.86,2391.29,2.44%,Zepto,May-25
Aug-24,Flipkart,North,BEC-TIS-001,BEC-TIS-001,125,11875,1443.68,615.63,2,Tissues,95,42,MATCH,10431.32,49.67%,19.29,4565.69,1.60%,Flipkart,Aug-24
Jun-25,D2C,South,BEC-OTH-001,BEC-OTH-001,49,7301,931.27,617.85,5,Others,149,72,MATCH,6369.73,44.61%,11.82,2223.88,10.20%,D2C,Jun-25
Aug-24,Flipkart,South,BEC-OTH-001,BEC-OTH-001,50,7450,1689.58,618.32,2,Others,149,72,MATCH,5760.42,37.50%,12.05,1542.1,4.00%,Flipkart,Aug-24
Aug-24,D2C,South,BEC-OTH-001,BEC-OTH-001,41,6109,682.23,623.57,6,Others,149,72,MATCH,5426.77,45.60%,9.80,1851.2,14.63%,D2C,Aug-24
Jan-24,Flipkart,North,BEC-TIS-001,BEC-TIS-001,134,12730,2287.02,624.8,5,Tissues,95,42,MATCH,10442.98,46.11%,20.37,4190.18,3.73%,Flipkart,Jan-24
Dec-24,D2C,South,BEC-BW-002,BEC-BW-002,80,14000,1967.52,625.83,13,Bake & Wrap,175,92,MATCH,12032.48,38.83%,22.37,4046.65,16.25%,D2C,Dec-24
Nov-24,D2C,North,BEC-OTH-001,BEC-OTH-001,65,9685,1171.2,634.73,9,Others,149,72,MATCH,8513.8,45.03%,15.26,3199.07,13.85%,D2C,Nov-24
May-24,Swiggy Instamart,South,BEC-BW-001,BEC-BW-001,74,16280,3539.44,638.95,1,Bake & Wrap,220,118,MATCH,12740.56,31.46%,25.48,3369.61,1.35%,Swiggy Instamart,May-24
Jan-25,Swiggy Instamart,North,  BEC-CMB-001,BEC-CMB-001,21,14679,2783.92,639.43,0,Others,699,330,MATCH,11895.08,41.74%,22.96,4325.65,0.00%,Swiggy Instamart,Jan-25
Apr-24,Flipkart,South,BEC-CMB-001,BEC-CMB-001,210,14679,2182.85,639.91,0,Others,699,330,MATCH,12496.15,-454.57%,22.94,-57443.76,0.00%,Flipkart,Apr-24
Oct-24,D2C,South,BEC-CMB-001,BEC-CMB-001,18,12582,582.58,645.81,2,Others,699,330,MATCH,11999.42,50.50%,19.48,5413.61,11.11%,D2C,Oct-24
Jun-24,D2C,South,  BEC-OTH-001,BEC-OTH-001,52,7748,1080,646.04,6,Others,149,72,MATCH,6668,43.85%,11.99,2277.96,11.54%,D2C,Jun-24
Jul-24,Flipkart,South,BEC-BW-002,BEC-BW-002,51,8925,645.48,649.51,1,Bake & Wrap,175,92,MATCH,8279.52,43.33%,13.74,2938.01,1.96%,Flipkart,Jul-24
Jan-25,Flipkart,South,BEC-OTH-001,BEC-OTH-001,63,9387,2569.92,653.82,1,Others,149,72,MATCH,6817.08,33.46%,14.36,1627.26,1.59%,Flipkart,Jan-25
Jun-25,D2C,South,BEC-BW-001,BEC-BW-001,53,11660,1727.36,656.26,5,Bake & Wrap,220,118,MATCH,9932.64,37.04%,17.77,3022.38,9.43%,D2C,Jun-25
Jun-25,Swiggy Instamart,South,BEC-BW-001,BEC-BW-001,76,16720,4845.71,658.18,2,Bake & Wrap,220,118,MATCH,11874.29,24.48%,25.40,2248.11,2.63%,Swiggy Instamart,Jun-25
Jun-24,Swiggy Instamart,South,BEC-CMB-001,BEC-CMB-001,13,9087,1541.57,658.3,0,Others,699,330,MATCH,7545.43,43.14%,13.80,2597.13,0.00%,Swiggy Instamart,Jun-24
Jul-24,D2C,West,BEC-OTH-001,BEC-OTH-001,77,11473,1631.21,661.31,8,Others,149,72,MATCH,9841.79,43.67%,17.35,3636.48,10.39%,D2C,Jul-24
Sep-24,Swiggy Instamart,South,BEC-GB-002,BEC-GB-002,86,15394,2297.56,661.38,1,Garbage Bags,179,86,MATCH,13096.44,43.53%,23.28,5039.06,1.16%,Swiggy Instamart,Sep-24
Oct-24,D2C,South,BEC-OTH-001,BEC-OTH-001,55,8195,361.4,662.98,5,Others,149,72,MATCH,7833.6,49.45%,12.36,3210.62,9.09%,D2C,Oct-24
Feb-25,D2C,West,BEC-OTH-001,BEC-OTH-001,95,14155,1041.82,663.69,10,Others,149,72,MATCH,13113.18,47.84%,21.33,5609.49,10.53%,D2C,Feb-25
Oct-24,Blinkit,South,BEC-BW-002,BEC-BW-002,101,17675,4870.1,667.96,5,Bake & Wrap,175,92,MATCH,12804.9,27.43%,26.46,2844.94,4.95%,Blinkit,Oct-24
Nov-24,D2C,South,BEC-OTH-001,BEC-OTH-001,56,8344,200.67,669.3,8,Others,149,72,MATCH,8143.33,50.49%,12.47,3442.03,14.29%,D2C,Nov-24
Aug-24,Flipkart,South,BEC-TIS-001,BEC-TIS-001,117,11115,2607.24,671.43,5,Tissues,95,42,MATCH,8507.76,42.24%,16.55,2922.33,4.27%,Flipkart,Aug-24
May-25, Zepto,South,BEC-BW-002,BEC-BW-002,87,15225,3237.37,675.35,3,Bake & Wrap,175,92,MATCH,11987.63,33.23%,22.54,3308.28,3.45%,Zepto,May-25
Oct-24,D2C,North,BEC-OTH-001,BEC-OTH-001,49,7301,644.94,675.55,5,Others,149,72,MATCH,6656.06,47.00%,10.81,2452.51,10.20%,D2C,Oct-24
Dec-24,Flipkart,South,BEC-TIS-001,BEC-TIS-001,162,15390,3076.48,675.56,6,Tissues,95,42,MATCH,12313.52,44.74%,22.78,4833.96,3.70%,Flipkart,Dec-24
Oct-24,Swiggy Instamart,South,BEC-CMB-001,BEC-CMB-001,13,9087,2323.95,677.09,0,Others,699,330,MATCH,6763.05,36.57%,13.42,1795.96,0.00%,Swiggy Instamart,Oct-24
Aug-24,Swiggy Instamart,South,BEC-CMB-001,BEC-CMB-001,14,9786,990.86,681.23,0,Others,699,330,MATCH,8795.14,47.47%,14.37,3493.91,0.00%,Swiggy Instamart,Aug-24
Feb-24,Swiggy Instamart,South,BEC-KT-001,BEC-KT-001,77,12320,3271.49,681.8,1,Kitchen Towel,160,78,MATCH,9048.51,33.62%,18.07,2360.71,1.30%,Swiggy Instamart,Feb-24
Mar-25,Flipkart,South,BEC-OTH-001,BEC-OTH-001,74,11026,1696.77,682.69,4,Others,149,72,MATCH,9329.23,42.89%,16.15,3318.54,5.41%,Flipkart,Mar-25
Sep-24,Zepto,North,BEC-TIS-001,BEC-TIS-001,153,14535,1281.52,682.72,8,Tissues,95,42,MATCH,13253.48,51.51%,21.29,6144.76,5.23%,Zepto,Sep-24
Apr-24,D2C,South,BEC-KT-001,BEC-KT-001,87,13920,870.39,686.4,13,Kitchen Towel,160,78,MATCH,13049.61,48.00%,20.28,5577.21,14.94%,D2C,Apr-24
Oct-24,Swiggy Instamart,West,BEC-OTH-001,BEC-OTH-001,50,7450,1631.38,689.7,2,Others,149,72,MATCH,5818.62,38.13%,10.80,1528.92,4.00%,Swiggy Instamart,Oct-24
Apr-25,Zepto,South,BEC-TIS-001,BEC-TIS-001,198,18810,5221.81,693.83,9,Tissues,95,42,MATCH,13588.19,38.80%,27.11,4578.36,4.55%,Zepto,Apr-25
Nov-24,Flipkart,North,BEC-BW-002,BEC-BW-002,73,12775,3546.44,696.26,4,Bake & Wrap,175,92,MATCH,9228.56,27.23%,18.35,1816.3,5.48%,Flipkart,Nov-24
May-25,Swiggy Instamart,South,BEC-OTH-001,BEC-OTH-001,59,8791,1078.81,696.47,3,Others,149,72,MATCH,7712.19,44.92%,12.62,2767.72,5.08%,Swiggy Instamart,May-25
Feb-24,Swiggy Instamart,West,BEC-BW-002,BEC-BW-002,83,14525,3619.27,699.21,1,Bake & Wrap,175,92,MATCH,10905.73,29.98%,20.77,2570.52,1.20%,Swiggy Instamart,Feb-24
Jul-24,Swiggy Instamart,South,BEC-CMB-001,BEC-CMB-001,14,9786,2555.3,699.43,0,Others,699,330,MATCH,7230.7,36.11%,13.99,1911.27,0.00%,Swiggy Instamart,Jul-24
Feb-24,Swiggy Instamart,South,BEC-OTH-001,BEC-OTH-001,62,9238,1021.84,701.95,2,Others,149,72,MATCH,8216.16,45.67%,13.16,3050.21,3.23%,Swiggy Instamart,Feb-24
Dec-24,Swiggy Instamart,North,BEC-GB-001,BEC-GB-001,101,15049,1729.39,701.95,5,Garbage Bags,149,70,MATCH,13319.61,46.92%,21.44,5547.66,4.95%,Swiggy Instamart,Dec-24
Aug-24,Zepto,South,BEC-TIS-001,BEC-TIS-001,141,13395,3981.6,702.29,8,Tissues,95,42,MATCH,9413.4,37.09%,19.07,2789.11,5.67%,Zepto,Aug-24
Feb-24,Swiggy Instamart,South,BEC-CMB-001,BEC-CMB-001,21,14679,1150.75,704.76,0,Others,699,330,MATCH,13528.25,48.77%,20.83,5893.49,0.00%,Swiggy Instamart,Feb-24
Jul-24,D2C,South,BEC-TIS-001,BEC-TIS-001,98,9310,600.63,705.51,14,Tissues,95,42,MATCH,8709.37,52.74%,13.20,3887.86,14.29%,D2C,Jul-24
Feb-24,D2C,South,BEC-OTH-001,BEC-OTH-001,41,6109,369.22,705.67,4,Others,149,72,MATCH,5739.78,48.57%,8.66,2082.11,9.76%,D2C,Feb-24
Jan-25,Swiggy Instamart,North,BEC-BW-002,BEC-BW-002,65,11375,1720.43,705.69,2,Bake & Wrap,175,92,MATCH,9654.57,38.06%,16.12,2968.88,3.08%,Swiggy Instamart,Jan-25
May-24,Swiggy Instamart,North,BEC-BW-002,BEC-BW-002,69,12075,3159.65,709.57,1,Bake & Wrap,175,92,MATCH,8915.35,28.80%,17.02,1857.78,1.45%,Swiggy Instamart,May-24
Sep-24,Flipkart,South,BEC-BW-002,BEC-BW-002,50,8750,2484.26,710.72,1,Bake & Wrap,175,92,MATCH,6265.74,26.58%,12.31,955.02,2.00%,Flipkart,Sep-24
Sep-24, Zepto,West,BEC-OTH-001,BEC-OTH-001,70,10430,2322.06,712.13,3,Others,149,72,MATCH,8107.94,37.84%,14.65,2355.81,4.29%,Zepto,Sep-24
Oct-24,Swiggy Instamart,North,BEC-BW-002,BEC-BW-002,60,10500,2531.13,713.9,3,Bake & Wrap,175,92,MATCH,7968.87,30.73%,14.71,1734.97,5.00%,Swiggy Instamart,Oct-24
Jun-24,Amazon,North,BEC-OTH-001,BEC-OTH-001,121,18029,5099.86,714.55,6,Others,149,72,MATCH,12929.14,32.62%,25.23,3502.59,4.96%,Amazon,Jun-24
Oct-24,Flipkart,West,BEC-BW-002,BEC-BW-002,115,20125,5851.26,714.77,5,Bake & Wrap,175,92,MATCH,14273.74,25.88%,28.16,2978.97,4.35%,Flipkart,Oct-24
Oct-24,Flipkart,South,BEC-BW-002,BEC-BW-002,59,10325,2751.12,715.74,2,Bake & Wrap,175,92,MATCH,7573.88,28.33%,14.43,1430.14,3.39%,Flipkart,Oct-24
Jan-25,Blinkit,South,BEC-OTH-001,BEC-OTH-001,101,15049,3002.73,720.13,4,Others,149,72,MATCH,12046.27,39.63%,20.90,4054.14,3.96%,Blinkit,Jan-25
Mar-25,D2C,South,BEC-BW-002,BEC-BW-002,59,10325,241.9,722.3,8,Bake & Wrap,175,92,MATCH,10083.1,46.17%,14.29,3932.8,13.56%,D2C,Mar-25
Dec-24,Blinkit,South,BEC-OTH-001,BEC-OTH-001,82,12218,1666.09,722.41,4,Others,149,72,MATCH,10551.91,44.05%,16.91,3925.5,4.88%,Blinkit,Dec-24
Dec-24,Blinkit,North,BEC-OTH-001,BEC-OTH-001,88,"13,112",3805.9,729.32,3,Others,149,72,MATCH,9306.1,31.92%,17.98,2240.78,3.41%,Blinkit,Dec-24
Aug-24,Flipkart,South,BEC-BW-002,BEC-BW-002,71,12425,3056.76,732.41,2,Bake & Wrap,175,92,MATCH,9368.24,30.28%,16.96,2103.83,2.82%,Flipkart,Aug-24
Jan-25,D2C,South,BEC-OTH-001,BEC-OTH-001,67,9983,1306.21,735.08,10,Others,149,72,MATCH,8676.79,44.40%,13.58,3117.71,14.93%,D2C,Jan-25
Mar-24, Zepto,West,BEC-OTH-001,BEC-OTH-001,112,16688,2555,736.22,3,Others,149,72,MATCH,14133,42.94%,22.67,5332.78,2.68%,Zepto,Mar-24
Jun-24,Zepto,North,BEC-OTH-001,BEC-OTH-001,101,15049,2307.69,736.55,5,Others,149,72,MATCH,12741.31,42.93%,20.43,4732.76,4.95%,Zepto,Jun-24
Feb-24,Flipkart,South,BEC-CMB-001,BEC-CMB-001,21,14679,4382.82,737.83,0,Others,699,330,MATCH,10296.18,32.69%,19.89,2628.35,0.00%,Flipkart,Feb-24
May-25,Blinkit,North,BEC-OTH-001,BEC-OTH-001,103,15347,2889.21,738.92,3,Others,149,72,MATCH,12457.79,40.47%,20.77,4302.87,2.91%,Blinkit,May-25
Jul-24, Zepto,South,BEC-OTH-001,BEC-OTH-001,51,7599,1340.16,740.6,2,Others,149,72,MATCH,6258.84,41.33%,10.26,1846.24,3.92%,Zepto,Jul-24
Jun-25,Swiggy Instamart,North,BEC-OTH-001,BEC-OTH-001,68,10132,779.54,741.25,2,Others,149,72,MATCH,9352.46,47.65%,13.67,3715.21,2.94%,Swiggy Instamart,Jun-25
Nov-24,Swiggy Instamart,West,BEC-BW-002,BEC-BW-002,99,17325,3451.35,741.48,5,Bake & Wrap,175,92,MATCH,13873.65,34.35%,23.37,4024.17,5.05%,Swiggy Instamart,Nov-24
Mar-24,Swiggy Instamart,North,BEC-TIS-001,BEC-TIS-001,129,12255,3141.7,741.52,5,Tissues,95,42,MATCH,9113.3,40.55%,16.53,2953.78,3.88%,Swiggy Instamart,Mar-24
Apr-24,Swiggy Instamart,South,BEC-CMB-001,BEC-CMB-001,21,14679,4027.99,742.83,0,Others,699,330,MATCH,10651.01,34.94%,19.76,2978.18,0.00%,Swiggy Instamart,Apr-24
Jun-24,D2C,South,BEC-BW-002,BEC-BW-002,61,10675,1404.62,744.01,8,Bake & Wrap,175,92,MATCH,9270.38,39.46%,14.35,2914.37,13.11%,D2C,Jun-24
Feb-25,D2C,South,BEC-OTH-001,BEC-OTH-001,57,8493,594.27,744.78,6,Others,149,72,MATCH,7898.73,48.04%,11.40,3049.95,10.53%,D2C,Feb-25
Jun-24,D2C,South,BEC-CMB-001,BEC-CMB-001,14,9786,1399.79,749,1,Others,699,330,MATCH,8386.21,44.91%,13.07,3017.21,7.14%,D2C,Jun-24
Mar-24,D2C,South,BEC-BW-002,BEC-BW-002,52,9100,709.05,749.53,6,Bake & Wrap,175,92,MATCH,8390.95,42.99%,12.14,2857.42,11.54%,D2C,Mar-24
Aug-24,Zepto,North,BEC-BW-002,BEC-BW-002,68,11900,1250.37,749.97,1,Bake & Wrap,175,92,MATCH,10649.63,41.26%,15.87,3643.66,1.47%,Zepto,Aug-24
Jul-24,Blinkit,West,BEC-OTH-001,BEC-OTH-001,89,13261,3343.98,750.11,4,Others,149,72,MATCH,9917.02,35.38%,17.68,2758.91,4.49%,Blinkit,Jul-24
Jun-24,Flipkart,South,BEC-BW-001,BEC-BW-001,75,16500,1713.34,750.98,3,Bake & Wrap,220,118,MATCH,14786.66,40.15%,21.97,5185.68,4.00%,Flipkart,Jun-24
Oct-24,Swiggy Instamart,South,BEC-TIS-001,BEC-TIS-001,76,7220,1825.36,754.51,1,Tissues,95,42,MATCH,5394.64,40.83%,9.57,1448.13,1.32%,Swiggy Instamart,Oct-24
Jul-24,D2C,North,BEC-OTH-001,BEC-OTH-001,44,6556,355.39,756.35,6,Others,149,72,MATCH,6200.61,48.91%,8.67,2276.26,13.64%,D2C,Jul-24
Nov-24,Blinkit,North,BEC-TIS-001,BEC-TIS-001,204,19380,4383.01,759.48,11,Tissues,95,42,MATCH,14996.99,42.87%,25.52,5669.51,5.39%,Blinkit,Nov-24
Jul-24,D2C,West,BEC-BW-002,BEC-BW-002,75,13125,595.46,760.14,11,Bake & Wrap,175,92,MATCH,12529.54,44.93%,17.27,4869.4,14.67%,D2C,Jul-24
May-25,D2C,South,BEC-TIS-001,BEC-TIS-001,144,13680,942.65,761.23,13,Tissues,95,42,MATCH,12737.35,52.52%,17.97,5928.12,9.03%,D2C,May-25
Oct-24,Blinkit,South,BEC-OTH-001,BEC-OTH-001,70,10430,1261.46,763.44,3,Others,149,72,MATCH,9168.54,45.03%,13.66,3365.1,4.29%,Blinkit,Oct-24
Jan-25,Zepto,West,BEC-OTH-001,BEC-OTH-001,105,15645,1459.54,764.25,5,Others,149,72,MATCH,14185.46,46.71%,20.47,5861.21,4.76%,Zepto,Jan-25
Jun-25,Swiggy Instamart,South,BEC-CMB-001,BEC-CMB-001,21,14679,3243.98,765.86,0,Others,699,330,MATCH,11435.02,39.40%,19.17,3739.16,0.00%,Swiggy Instamart,Jun-25
Dec-24,Flipkart,West,BEC-OTH-001,BEC-OTH-001,110,16390,4654.22,765.94,5,Others,149,72,MATCH,11735.78,32.51%,21.40,3049.84,4.55%,Flipkart,Dec-24
May-24,Swiggy Instamart,South,BEC-KT-001,BEC-KT-001,87,13920,2349.6,766.34,3,Kitchen Towel,160,78,MATCH,11570.4,41.35%,18.16,4018.06,3.45%,Swiggy Instamart,May-24
Oct-24,Blinkit,West,BEC-OTH-001,BEC-OTH-001,126,18774,4442.67,767.98,6,Others,149,72,MATCH,14331.33,36.70%,24.45,4491.35,4.76%,Blinkit,Oct-24
Jan-24, Zepto,South,BEC-OTH-001,BEC-OTH-001,74,11026,2494.76,768.95,3,Others,149,72,MATCH,8531.24,37.55%,14.34,2434.29,4.05%,Zepto,Sep-24
Jun-24,Swiggy Instamart,South,BEC-TIS-001,BEC-TIS-001,85,8075,2136.2,770.79,2,Tissues,95,42,MATCH,5938.8,39.89%,10.48,1598.01,2.35%,Swiggy Instamart,Jun-24
Aug-24,Zepto,West,BEC-BW-002,BEC-BW-002,107,18725,5524.27,771.08,3,Bake & Wrap,175,92,MATCH,13200.73,25.43%,24.28,2585.65,2.80%,Zepto,Aug-24
Jan-25,Swiggy Instamart,South,BEC-TIS-001,BEC-TIS-001,158,15010,1333.24,773.08,9,Tissues,95,42,MATCH,13676.76,51.48%,19.42,6267.68,5.70%,Swiggy Instamart,Jan-25
Oct-24,Swiggy Instamart,West,BEC-BW-002,BEC-BW-002,89,15575,4406.38,773.59,4,Bake & Wrap,175,92,MATCH,11168.62,26.69%,20.13,2207.03,4.49%,Swiggy Instamart,Oct-24
Apr-24,Swiggy Instamart,North,BEC-OTH-001,BEC-OTH-001,48,7152,1143.96,775.49,1,Others,149,72,MATCH,6008.04,42.48%,9.22,1776.55,2.08%,Swiggy Instamart,Apr-24
Sep-24,Swiggy Instamart,West,BEC-CMB-001,BEC-CMB-001,26,18174,4778.8,775.81,1,Others,699,330,MATCH,13395.2,35.95%,23.43,4039.39,3.85%,Swiggy Instamart,Sep-24
Aug-24,Swiggy Instamart,West,BEC-GB-001,BEC-GB-001,101,15049,3705.79,777.24,3,Garbage Bags,149,70,MATCH,11343.21,37.67%,19.36,3495.97,2.97%,Swiggy Instamart,Aug-24
Feb-24,Flipkart,South,BEC-OTH-001,BEC-OTH-001,69,10281,1135.61,781.29,2,Others,149,72,MATCH,9145.39,45.68%,13.16,3396.1,2.90%,Flipkart,Feb-24
Jan-25,Swiggy Instamart,North,BEC-BW-001,BEC-BW-001,90,19800,5128.25,781.68,3,Bake & Wrap,220,118,MATCH,14671.75,27.62%,25.33,3270.07,3.33%,Swiggy Instamart,Jan-25
Jun-24,Flipkart,West,BEC-OTH-001,BEC-OTH-001,68,10132,2169.95,783.32,3,Others,149,72,MATCH,7962.05,38.51%,12.93,2282.73,4.41%,Flipkart,Jun-24
Nov-24,Flipkart,West,BEC-TIS-001,BEC-TIS-001,195,18525,3291.24,786.96,11,Tissues,95,42,MATCH,15233.76,46.24%,23.54,6256.8,5.64%,Flipkart,Nov-24
Jun-24,D2C,West,BEC-OTH-001,BEC-OTH-001,65,9685,566.88,787.26,7,Others,149,72,MATCH,9118.12,48.67%,12.30,3650.86,10.77%,D2C,Jun-24
Oct-24,Swiggy Instamart,South,BEC-GB-002,BEC-GB-002,66,11814,1390.59,789.19,3,Garbage Bags,179,86,MATCH,10423.41,45.55%,14.97,3958.22,4.55%,Swiggy Instamart,Oct-24
Jul-24,Flipkart,North,BEC-BW-002,BEC-BW-002,67,11725,3331.94,789.19,2,Bake & Wrap,175,92,MATCH,8393.06,26.56%,14.86,1439.87,2.99%,Flipkart,Jul-24
Dec-24, Zepto,South,  BEC-TIS-001,BEC-TIS-001,183,17385,2138.02,792.88,5,Tissues,95,42,MATCH,15246.98,49.59%,21.93,6768.1,2.73%,Zepto,Dec-24
Aug-24,Amazon,South,BEC-BW-002,BEC-BW-002,108,18900,4108.81,793.22,6,Bake & Wrap,175,92,MATCH,14791.19,32.82%,23.83,4061.97,5.56%,Amazon,Aug-24
Apr-24,Swiggy Instamart,South,BEC-BW-001,BEC-BW-001,76,16720,3536.43,793.54,2,Bake & Wrap,220,118,MATCH,13183.57,31.98%,21.07,3422.03,2.63%,Swiggy Instamart,Apr-24
Nov-24,Flipkart,South,BEC-OTH-001,BEC-OTH-001,59,8791,1847.45,793.74,2,Others,149,72,MATCH,6943.55,38.82%,11.08,1901.81,3.39%,Flipkart,Nov-24
May-25,Swiggy Instamart,North,BEC-TIS-001,BEC-TIS-001,153,14535,3932.65,795.14,8,Tissues,95,42,MATCH,10602.35,39.39%,18.28,3381.21,5.23%,Swiggy Instamart,May-25
May-24, Zepto,South,BEC-CLN-099,BEC-CLN-099,21,14679,3804.09,796.11,0,NOT FOUND,Not Found,NOT FOUND,NOT FOUND,10874.91,0.00%,18.44,0,0.00%,Zepto,May-24
May-24, Zepto,South,BEC-CMB-001,BEC-CMB-001,21,14679,3804.09,796.11,0,Others,699,330,MATCH,10874.91,36.28%,18.44,3148.8,0.00%,Zepto,May-24
Jun-24,Blinkit,South,BEC-TIS-001,BEC-TIS-001,216,20520,5508.17,798.34,4,Tissues,95,42,MATCH,15011.83,39.57%,25.70,5141.49,1.85%,Blinkit,Jun-24
Apr-25,D2C,South,BEC-GB-002,BEC-GB-002,101,18079,2291.88,799.5,16,Garbage Bags,179,86,MATCH,15787.12,44.98%,22.61,6301.62,15.84%,D2C,Apr-25
Mar-24,Swiggy Instamart,North,BEC-CMB-001,BEC-CMB-001,21,14679,1261.14,801.18,1,Others,699,330,MATCH,13417.86,48.35%,18.32,5686.68,4.76%,Swiggy Instamart,Mar-24
Jan-24,Zepto,North,BEC-OTH-001,BEC-OTH-001,114,16986,4309.35,802.06,4,Others,149,72,MATCH,12676.65,35.25%,21.18,3666.59,3.51%,Zepto,Jan-24
Oct-24,D2C,South,BEC-BW-002,BEC-BW-002,44,7700,344.74,804.88,6,Bake & Wrap,175,92,MATCH,7355.26,44.96%,9.57,2502.38,13.64%,D2C,Oct-24
Jun-25,Flipkart,South,BEC-OTH-001,BEC-OTH-001,55,8195,2109.84,804.88,1,Others,149,72,MATCH,6085.16,34.92%,10.18,1320.28,1.82%,Flipkart,Jun-25
Apr-24,D2C,South,BEC-BW-001,BEC-BW-001,69,15180,1773.78,806.45,10,Bake & Wrap,220,118,MATCH,13406.22,39.27%,18.82,4457.77,14.49%,D2C,Apr-24
Jun-25,Swiggy Instamart,South,  BEC-OTH-001,BEC-OTH-001,56,8344,1991.16,807.4,3,Others,149,72,MATCH,6352.84,36.53%,10.33,1513.44,5.36%,Swiggy Instamart,Jun-25
Jan-25,Flipkart,South,BEC-BW-002,BEC-BW-002,65,11375,1445.38,807.42,2,Bake & Wrap,175,92,MATCH,9929.62,39.78%,14.09,3142.2,3.08%,Flipkart,Jan-25
Dec-24,Zepto,North,BEC-OTH-001,BEC-OTH-001,68,10132,2322.7,808.94,1,Others,149,72,MATCH,7809.3,37.31%,12.53,2104.36,1.47%,Zepto,Dec-24
Jun-24,Swiggy Instamart,North,BEC-BW-002,BEC-BW-002,49,8575,1800.86,809.23,0,Bake & Wrap,175,92,MATCH,6774.14,33.45%,10.60,1456.91,0.00%,Swiggy Instamart,Jun-24
May-24,Swiggy Instamart,North,BEC-OTH-001,BEC-OTH-001,63,9387,769.75,812.51,2,Others,149,72,MATCH,8617.25,47.36%,11.55,3268.74,3.17%,Swiggy Instamart,May-24
Jul-24,Flipkart,South,BEC-CMB-001,BEC-CMB-001,24,16776,3689.29,812.51,1,Others,699,330,MATCH,13086.71,39.48%,20.65,4354.2,4.17%,Flipkart,Jul-24
Jun-24,Swiggy Instamart,South,BEC-BW-001,BEC-BW-001,56,12320,3551.74,812.69,2,Bake & Wrap,220,118,MATCH,8768.26,24.64%,15.16,1347.57,3.57%,Swiggy Instamart,Jun-24
Jan-24,Blinkit,South,BEC-TIS-001,BEC-TIS-001,203,19285,5158.6,814.25,11,Tissues,95,42,MATCH,14126.4,39.64%,23.68,4786.15,5.42%,Blinkit,Jan-24
Jan-24,Swiggy Instamart,North,BEC-OTH-001,BEC-OTH-001,60,8940,2361.5,814.37,2,Others,149,72,MATCH,6578.5,34.33%,10.98,1444.13,3.33%,Swiggy Instamart,Jan-24
May-24,Flipkart,South,BEC-BW-001,BEC-BW-001,88,19360,4337.02,815.85,3,Bake & Wrap,220,118,MATCH,15022.98,30.88%,23.73,3823.13,3.41%,Flipkart,May-24
Jan-25,Flipkart,North,BEC-OTH-001,BEC-OTH-001,89,13261,2736.41,818.73,2,Others,149,72,MATCH,10524.59,39.11%,16.20,3297.86,2.25%,Flipkart,Jan-25
Jun-24,Swiggy Instamart,North,BEC-OTH-001,BEC-OTH-001,44,6556,1011.59,820.81,2,Others,149,72,MATCH,5544.41,42.86%,7.99,1555.6,4.55%,Swiggy Instamart,Jun-24
Jan-24,Flipkart,South,BEC-TIS-001,BEC-TIS-001,118,11210,976.16,820.86,3,Tissues,95,42,MATCH,10233.84,51.57%,13.66,4456.98,2.54%,Flipkart,Jan-24
Feb-24,Swiggy Instamart,West,BEC-OTH-001,BEC-OTH-001,82,12218,2551.15,822.1,3,Others,149,72,MATCH,9666.85,38.93%,14.86,2940.75,3.66%,Swiggy Instamart,Feb-24
Aug-24, Zepto,West,BEC-TIS-001,BEC-TIS-001,184,17480,4545.97,823,5,Tissues,95,42,MATCH,12934.03,40.25%,21.24,4383.03,2.72%,Zepto,Aug-24
Mar-24,Flipkart,West,  BEC-BW-002,BEC-BW-002,93,16275,2416.27,823.27,5,Bake & Wrap,175,92,MATCH,13858.73,38.26%,19.77,4479.46,5.38%,Flipkart,Mar-24
May-24,Swiggy Instamart,North,BEC-TIS-001,BEC-TIS-001,181,17195,4367.34,823.77,9,Tissues,95,42,MATCH,12827.66,40.74%,20.87,4401.89,4.97%,Swiggy Instamart,May-24
Mar-24,Flipkart,South,BEC-BW-002,BEC-BW-002,89,15575,1679.15,824.47,4,Bake & Wrap,175,92,MATCH,13895.85,41.08%,18.89,4883.38,4.49%,Flipkart,Mar-24
Jan-24,D2C,North,BEC-OTH-001,BEC-OTH-001,49,7301,402.23,825.81,4,Others,149,72,MATCH,6898.77,48.86%,8.84,2544.96,8.16%,D2C,Jan-24
Oct-24, Zepto,North,  BEC-OTH-001,BEC-OTH-001,75,11175,3343.32,827.16,2,Others,149,72,MATCH,7831.68,31.05%,13.51,1604.52,2.67%,Zepto,Oct-24
Jan-24,Swiggy Instamart,South,BEC-GB-001,BEC-GB-001,75,11175,2043.7,827.29,2,Garbage Bags,149,70,MATCH,9131.3,42.51%,13.51,3054.01,2.67%,Swiggy Instamart,Jan-24
Jan-24,Swiggy Instamart,South,BEC-TIS-001,BEC-TIS-001,103,9785,1905.8,831.16,5,Tissues,95,42,MATCH,7879.2,45.10%,11.77,2722.04,4.85%,Swiggy Instamart,Feb-24
Nov-24,Swiggy Instamart,North,BEC-TIS-001,BEC-TIS-001,107,10165,1682.15,832.07,2,Tissues,95,42,MATCH,8482.85,47.02%,12.22,3156.78,1.87%,Swiggy Instamart,Nov-24
Mar-25,Swiggy Instamart,South,BEC-OTH-001,BEC-OTH-001,74,11026,3017.87,832.98,3,Others,149,72,MATCH,8008.13,33.47%,13.24,1847.15,4.05%,Swiggy Instamart,Mar-25
Sep-24,D2C,North,BEC-KT-001,BEC-KT-001,84,13440,1541.34,833.35,8,Kitchen Towel,160,78,MATCH,11898.66,44.93%,16.13,4513.31,9.52%,D2C,Sep-24
Apr-25,Swiggy Instamart,West,BEC-OTH-001,BEC-OTH-001,107,15943,2652.66,835.48,6,Others,149,72,MATCH,13290.34,42.03%,19.08,4750.86,5.61%,Swiggy Instamart,Apr-25
Apr-25,Swiggy Instamart,West,BEC-CLN-099,BEC-CLN-099,107,15943,2652.66,835.48,6,NOT FOUND,Not Found,NOT FOUND,NOT FOUND,13290.34,0.00%,19.08,0,5.61%,Swiggy Instamart,Apr-25
Mar-25,Flipkart,South,BEC-BW-002,BEC-BW-002,80,14000,2436.62,836.34,3,Bake & Wrap,175,92,MATCH,11563.38,36.35%,16.74,3367.04,3.75%,Flipkart,Mar-25
May-24,Zepto,South,BEC-TIS-001,BEC-TIS-001,194,18430,4362.48,836.56,9,Tissues,95,42,MATCH,14067.52,42.08%,22.03,5082.96,4.64%,Zepto,May-24
Oct-24,Swiggy Instamart,North,BEC-GB-001,BEC-GB-001,92,13708,892.37,838.13,4,Garbage Bags,149,70,MATCH,12815.63,49.75%,16.36,5537.5,4.35%,Swiggy Instamart,Oct-24
Nov-24,D2C,South,BEC-KT-001,BEC-KT-001,88,14080,708.57,838.16,13,Kitchen Towel,160,78,MATCH,13371.43,48.67%,16.80,5669.27,14.77%,D2C,Nov-24
Apr-25,Blinkit,South,BEC-OTH-001,BEC-OTH-001,130,19370,4361.3,838.25,5,Others,149,72,MATCH,15008.7,37.64%,23.11,4810.45,3.85%,Blinkit,Apr-25
Nov-24,Swiggy Instamart,South,BEC-BW-002,BEC-BW-002,46,8050,1735.13,841.64,1,Bake & Wrap,175,92,MATCH,6314.87,32.98%,9.56,1241.23,2.17%,Swiggy Instamart,Nov-24
Apr-24,D2C,West,BEC-OTH-001,BEC-OTH-001,82,12218,501.56,841.84,7,Others,149,72,MATCH,11716.44,49.61%,14.51,4970.6,8.54%,D2C,Apr-24
Oct-24,D2C,South,BEC-TIS-002,BEC-TIS-002,99,17820,2516.21,843.11,14,Tissues,180,95,MATCH,15303.79,38.54%,21.14,5055.68,14.14%,D2C,Oct-24
Feb-25,D2C,South,BEC-BW-001,BEC-BW-001,67,14740,1132.56,843.64,7,Bake & Wrap,220,118,MATCH,13607.44,41.90%,17.47,4857.8,10.45%,D2C,Feb-25
Jul-24,Swiggy Instamart,South,BEC-GB-001,BEC-GB-001,115,17135,1845.47,844.7,2,Garbage Bags,149,70,MATCH,15289.53,47.35%,20.29,6394.83,1.74%,Swiggy Instamart,Jul-24
Jan-24,Swiggy Instamart,North,BEC-BW-002,BEC-BW-002,71,12425,2597.81,844.92,3,Bake & Wrap,175,92,MATCH,9827.19,33.53%,14.71,2450.27,4.23%,Swiggy Instamart,Jan-24
Apr-25,Swiggy Instamart,South,BEC-OTH-001,BEC-OTH-001,57,8493,2280.02,848.82,3,Others,149,72,MATCH,6212.98,33.94%,10.01,1260.16,5.26%,Swiggy Instamart,Apr-25
May-24,Flipkart,South,BEC-GB-001,BEC-GB-001,130,19370,4531.11,848.89,6,Garbage Bags,149,70,MATCH,14838.89,38.67%,22.82,4890,4.62%,Flipkart,May-24
Sep-24,Swiggy Instamart,North,BEC-KT-001,BEC-KT-001,103,16480,4881.73,849.66,2,Kitchen Towel,160,78,MATCH,11598.27,30.73%,19.40,2714.61,1.94%,Swiggy Instamart,Sep-24
Jul-24,Flipkart,South,BEC-OTH-001,BEC-OTH-001,64,9536,1052.27,850.58,2,Others,149,72,MATCH,8483.73,45.68%,11.21,3025.15,3.13%,Flipkart,Jul-24
Jan-24,Swiggy Instamart,South,BEC-BW-002,BEC-BW-002,41,7175,1481.57,850.63,2,Bake & Wrap,175,92,MATCH,5693.43,33.75%,8.43,1070.8,4.88%,Swiggy Instamart,Jan-24
Dec-24,Swiggy Instamart,South,BEC-OTH-001,BEC-OTH-001,56,8344,2303.9,851.11,3,Others,149,72,MATCH,6040.1,33.25%,9.80,1156.99,5.36%,Swiggy Instamart,Dec-24
May-24,Swiggy Instamart,South,BEC-BW-002,BEC-BW-002,48,8400,2486.86,851.24,1,Bake & Wrap,175,92,MATCH,5913.14,25.32%,9.87,645.899999999999,2.08%,Swiggy Instamart,May-24
May-24,D2C,West,BEC-TIS-001,BEC-TIS-001,172,"16,340",1926.05,852.32,24,Tissues,95,42,MATCH,14413.95,49.88%,19.17,6337.63,13.95%,D2C,May-24
Jul-24,D2C,South,BEC-TIS-002,BEC-TIS-002,107,19260,2718.7,853.09,12,Tissues,180,95,MATCH,16541.3,38.55%,22.58,5523.21,11.21%,D2C,Jul-24
Mar-24,D2C,North,BEC-BW-002,BEC-BW-002,64,11200,1326.57,853.16,6,Bake & Wrap,175,92,MATCH,9873.43,40.37%,13.13,3132.27,9.38%,D2C,Mar-24
Apr-24,Swiggy Instamart,North,BEC-BW-002,BEC-BW-002,88,15400,3970.26,854.7,4,Bake & Wrap,175,92,MATCH,11429.74,29.17%,18.02,2479.04,4.55%,Swiggy Instamart,Apr-24
Nov-24,D2C,South,BEC-BW-002,BEC-BW-002,52,9100,1309.84,855.83,5,Bake & Wrap,175,92,MATCH,7790.16,38.59%,10.63,2150.33,9.62%,D2C,Nov-24
Jun-25,Zepto,South,BEC-BW-001,BEC-BW-001,95,20900,5438.54,856.71,2,Bake & Wrap,220,118,MATCH,15461.46,27.50%,24.40,3394.75,2.11%,Zepto,Jun-25
Jan-24,D2C,South,BEC-TIS-001,BEC-TIS-001,123,11685,1662.59,857.38,17,Tissues,95,42,MATCH,10022.41,48.46%,13.63,3999.03,13.82%,D2C,Jan-24
Feb-25,Flipkart,West,BEC-TIS-001,BEC-TIS-001,211,20045,5550.41,857.82,9,Tissues,95,42,MATCH,14494.59,38.86%,23.37,4774.77,4.27%,Flipkart,Feb-25
Dec-24,Swiggy Instamart,South,BEC-KT-001,BEC-KT-001,74,11840,2626.38,857.92,4,Kitchen Towel,160,78,MATCH,9213.62,37.35%,13.80,2583.7,5.41%,Swiggy Instamart,Dec-24
Nov-24,D2C,West,BEC-OTH-001,BEC-OTH-001,100,14900,1189.33,859.6,14,Others,149,72,MATCH,13710.67,47.49%,17.33,5651.07,14.00%,D2C,Nov-24
May-25,Swiggy Instamart,South,BEC-CMB-001,BEC-CMB-001,17,11883,1083.64,860.39,0,Others,699,330,MATCH,10799.36,48.05%,13.81,4328.97,0.00%,Swiggy Instamart,May-25
Feb-24, Zepto,West,BEC-OTH-001,BEC-OTH-001,114,16986,2375.05,863.46,3,Others,149,72,MATCH,14610.95,43.82%,19.67,5539.49,2.63%,Zepto,Feb-24
Feb-24,Flipkart,North,BEC-BW-002,BEC-BW-002,112,19600,4881.68,864.26,4,Bake & Wrap,175,92,MATCH,14718.32,29.99%,22.68,3550.06,3.57%,Flipkart,Feb-24
Jan-24,D2C,South,BEC-BW-001,BEC-BW-001,49,10780,569.11,865.26,5,Bake & Wrap,220,118,MATCH,10210.89,43.37%,12.46,3563.63,10.20%,D2C,Jan-24
May-25,Blinkit,South,BEC-OTH-001,BEC-OTH-001,87,12963,2089.88,866.01,3,Others,149,72,MATCH,10873.12,42.39%,14.97,3743.11,3.45%,Blinkit,May-25
Mar-24,Swiggy Instamart,North,BEC-OTH-001,BEC-OTH-001,46,6854,668.18,869.04,1,Others,149,72,MATCH,6185.82,46.46%,7.89,2004.78,2.17%,Swiggy Instamart,Mar-24
Nov-24,Swiggy Instamart,South,BEC-GB-002,BEC-GB-002,98,17542,4955.29,872.52,3,Garbage Bags,179,86,MATCH,12586.71,33.04%,20.10,3286.19,3.06%,Swiggy Instamart,Nov-24
Mar-24,Amazon,South,BEC-OTH-001,BEC-OTH-001,121,18029,3715.06,872.6,5,Others,149,72,MATCH,14313.94,39.14%,20.66,4729.34,4.13%,Amazon,Mar-24
Jun-24,Zepto,South,BEC-KT-001,BEC-KT-001,103,16480,2677.32,874.91,5,Kitchen Towel,160,78,MATCH,13802.68,41.79%,18.84,4893.77,4.85%,Zepto,Jun-24
Feb-24,Blinkit,South,BEC-CMB-001,BEC-CMB-001,34,23766,6598.47,876.73,0,Others,699,330,MATCH,17167.53,34.64%,27.11,5070.8,0.00%,Blinkit,Feb-24
May-24,Flipkart,North,BEC-CMB-001,BEC-CMB-001,24,16776,2537.99,877.03,0,Others,699,330,MATCH,14238.01,44.37%,19.13,5440.98,0.00%,Flipkart,May-24
Apr-24,Flipkart,South,BEC-OTH-001,BEC-OTH-001,49,7301,1370.58,877.26,2,Others,149,72,MATCH,5930.42,40.51%,8.32,1525.16,4.08%,Flipkart,Apr-24
Dec-24,D2C,South,BEC-BW-001,BEC-BW-001,62,13640,507.63,877.74,7,Bake & Wrap,220,118,MATCH,13132.37,44.29%,15.54,4938.63,11.29%,D2C,Dec-24
Jul-24,Flipkart,North,BEC-BW-001,BEC-BW-001,68,14960,753.48,877.84,3,Bake & Wrap,220,118,MATCH,14206.52,43.52%,17.04,5304.68,4.41%,Flipkart,Jul-24
Sep-24, Zepto,South,BEC-TIS-001,BEC-TIS-001,143,13585,3406.36,878.1,8,Tissues,95,42,MATCH,10178.64,40.99%,15.47,3294.54,5.59%,Zepto,Sep-24
Feb-25,Flipkart,South,  BEC-CMB-001,BEC-CMB-001,29,20271,5411.73,878.39,1,Others,699,330,MATCH,14859.27,35.60%,23.08,4410.88,3.45%,Flipkart,Feb-25
Apr-25,Swiggy Instamart,North,BEC-BW-002,BEC-BW-002,63,11025,3073.45,879.75,1,Bake & Wrap,175,92,MATCH,7951.55,27.11%,12.53,1275.8,1.59%,Swiggy Instamart,Apr-25
Jan-24,D2C,South,BEC-OTH-001,BEC-OTH-001,47,7003,381.09,879.96,4,Others,149,72,MATCH,6621.91,48.90%,7.96,2357.95,8.51%,D2C,Jan-24
Aug-24,Flipkart,South,BEC-CMB-001,BEC-CMB-001,22,15378,3127.87,880.29,0,Others,699,330,MATCH,12250.13,40.74%,17.47,4109.84,0.00%,Flipkart,Aug-24
Sep-24,Flipkart,North,BEC-OTH-001,BEC-OTH-001,46,6854,721.14,881.22,2,Others,149,72,MATCH,6132.86,46.00%,7.78,1939.64,4.35%,Flipkart,Sep-24
Apr-25,Flipkart,South,BEC-OTH-001,BEC-OTH-001,63,9387,876.49,881.95,1,Others,149,72,MATCH,8510.51,46.70%,10.64,3092.56,1.59%,Flipkart,Apr-25
Sep-24,Zepto,South,BEC-BW-002,BEC-BW-002,51,8925,1014.01,882.02,2,Bake & Wrap,175,92,MATCH,7910.99,40.69%,10.12,2336.97,3.92%,Zepto,Sep-24
Jan-25,Amazon,South,BEC-OTH-001,BEC-OTH-001,113,16837,2319.41,884.03,2,Others,149,72,MATCH,14517.59,43.96%,19.05,5497.56,1.77%,Amazon,Jan-25
May-25,Swiggy Instamart,South,BEC-BW-002,BEC-BW-002,74,12950,2719.39,884.46,2,Bake & Wrap,175,92,MATCH,10230.61,33.45%,14.64,2538.15,2.70%,Swiggy Instamart,May-25
May-25,D2C,North,BEC-BW-002,BEC-BW-002,90,15750,1122.46,885.09,11,Bake & Wrap,175,92,MATCH,14627.54,43.39%,17.79,5462.45,12.22%,D2C,May-25
Oct-24,Zepto,North,BEC-BW-002,BEC-BW-002,78,13650,1779.77,886.23,2,Bake & Wrap,175,92,MATCH,11870.23,39.55%,15.40,3808,2.56%,Zepto,Oct-24
Feb-24,Flipkart,West,BEC-OTH-001,BEC-OTH-001,86,12814,1208.42,887.42,1,Others,149,72,MATCH,11605.58,46.65%,14.44,4526.16,1.16%,Flipkart,Feb-24
May-24,Swiggy Instamart,South,BEC-OTH-001,BEC-OTH-001,62,9238,1288.25,890.34,2,Others,149,72,MATCH,7949.75,43.85%,10.38,2595.41,3.23%,Swiggy Instamart,May-24
Apr-25,Amazon ,South,BEC-OTH-001,BEC-OTH-001,150,22350,6046.59,891.26,4,Others,149,72,MATCH,16303.41,33.76%,25.08,4612.15,2.67%,Amazon,Apr-25
Feb-25,Flipkart,North,BEC-TIS-001,BEC-TIS-001,257,24415,7248.27,892.18,8,Tissues,95,42,MATCH,17166.73,37.12%,27.37,5480.55,3.11%,Flipkart,Feb-25
Mar-24, Zepto,South,BEC-BW-002,BEC-BW-002,124,21700,5291.21,893.01,5,Bake & Wrap,175,92,MATCH,16408.79,30.48%,24.30,4107.78,4.03%,Zepto,Mar-24
Jul-24,D2C,South,BEC-KT-001,BEC-KT-001,103,16480,1375.48,893.16,16,Kitchen Towel,160,78,MATCH,15104.52,46.81%,18.45,6177.36,15.53%,D2C,Jul-24
Jan-24,Swiggy Instamart,West,BEC-OTH-001,BEC-OTH-001,62,9238,774.77,896.49,2,Others,149,72,MATCH,8463.23,47.25%,10.30,3102.74,3.23%,Swiggy Instamart,Dec-24
Apr-25,Flipkart,South,BEC-BW-001,BEC-BW-001,67,14740,3648.04,896.92,3,Bake & Wrap,220,118,MATCH,11091.96,28.72%,16.43,2289.04,4.48%,Flipkart,Apr-25
Aug-24,Zepto,North,BEC-OTH-001,BEC-OTH-001,70,10430,2491.49,897.39,1,Others,149,72,MATCH,7938.51,36.51%,11.62,2001.12,1.43%,Zepto,Aug-24
Jul-24,Blinkit,North,BEC-OTH-001,BEC-OTH-001,116,17284,1098.66,898.93,6,Others,149,72,MATCH,16185.34,48.40%,19.23,6934.41,5.17%,Blinkit,Jul-24
Sep-24,Swiggy Instamart,South,BEC-GB-001,BEC-GB-001,66,9834,1619.88,899.04,2,Garbage Bags,149,70,MATCH,8214.12,43.76%,10.94,2695.08,3.03%,Swiggy Instamart,Sep-24
Apr-24,Amazon,South,BEC-OTH-001,BEC-OTH-001,88,13112,3271.72,899.5,4,Others,149,72,MATCH,9840.28,35.61%,14.58,2604.78,4.55%,Amazon,Apr-24
Nov-24,Flipkart,South,BEC-GB-002,BEC-GB-002,114,20406,4116.62,903.37,4,Garbage Bags,179,86,MATCH,16289.38,39.81%,22.59,5582.01,3.51%,Flipkart,Nov-24
Jun-25,Flipkart,South,BEC-GB-001,BEC-GB-001,129,19221,1940.43,903.53,5,Garbage Bags,149,70,MATCH,17280.57,47.74%,21.27,7347.04,3.88%,Flipkart,Jun-25
Oct-24,Swiggy Instamart,South,BEC-BW-001,BEC-BW-001,40,8800,1726.88,903.78,1,Bake & Wrap,220,118,MATCH,7073.12,33.27%,9.74,1449.34,2.50%,Swiggy Instamart,Oct-24
Sep-24,Flipkart,West,BEC-OTH-001,BEC-OTH-001,87,12963,826.98,904.3,4,Others,149,72,MATCH,12136.02,48.39%,14.33,4967.72,4.60%,Flipkart,Sep-24
May-24, Zepto,North,BEC-OTH-001,BEC-OTH-001,74,11026,1005.32,904.36,1,Others,149,72,MATCH,10020.68,46.83%,12.19,3788.32,1.35%,Zepto,May-24
Mar-24,Swiggy Instamart,South,BEC-GB-001,BEC-GB-001,98,14602,2350.62,905.47,3,Garbage Bags,149,70,MATCH,12251.38,44.01%,16.13,4485.91,3.06%,Swiggy Instamart,Mar-24
Jan-24,D2C,South,BEC-BW-002,BEC-BW-002,62,10850,1596.22,907.24,7,Bake & Wrap,175,92,MATCH,9253.78,38.36%,11.96,2642.54,11.29%,D2C,Jan-24
Nov-24, Zepto,South,BEC-BW-002,BEC-BW-002,90,15750,4384.44,907.61,4,Bake & Wrap,175,92,MATCH,11365.56,27.15%,17.35,2177.95,4.44%,Zepto,Nov-24
Nov-24,Swiggy Instamart,North,BEC-OTH-001,BEC-OTH-001,63,9387,2337.92,909.09,1,Others,149,72,MATCH,7049.08,35.65%,10.33,1603.99,1.59%,Swiggy Instamart,Nov-24
May-24,Swiggy Instamart,West,BEC-CMB-001,BEC-CMB-001,24,16776,2144.51,912.01,0,Others,699,330,MATCH,14631.49,45.87%,18.39,5799.48,0.00%,Swiggy Instamart,May-24
Jul-24,Zepto,South,BEC-TIS-001,BEC-TIS-001,143,13585,3083.93,912.61,5,Tissues,95,42,MATCH,10501.07,42.81%,14.89,3582.46,3.50%,Zepto,Jul-24
Mar-25,D2C,South,BEC-OTH-001,BEC-OTH-001,58,8642,1165.82,914.05,7,Others,149,72,MATCH,7476.18,44.14%,9.45,2386.13,12.07%,D2C,Mar-25
Apr-25,D2C,North,BEC-OTH-001,BEC-OTH-001,94,14006,986.39,915.66,14,Others,149,72,MATCH,13019.61,48.02%,15.30,5335.95,14.89%,D2C,Apr-25
Jul-24,Swiggy Instamart,South,BEC-GB-002,BEC-GB-002,66,11814,2175.55,915.94,1,Garbage Bags,179,86,MATCH,9638.45,41.11%,12.90,3046.51,1.52%,Swiggy Instamart,Jul-24
Oct-24,D2C,North,BEC-GB-001,BEC-GB-001,114,16986,371.24,916.12,16,Garbage Bags,149,70,MATCH,16614.76,51.97%,18.54,7718.64,14.04%,D2C,Oct-24
Jul-24,Amazon ,West,BEC-OTH-001,BEC-OTH-001,132,19668,5753.63,916.89,2,Others,149,72,MATCH,13914.37,31.70%,21.45,3493.48,1.52%,Amazon,Jul-24
Dec-24,Swiggy Instamart,West,BEC-GB-001,BEC-GB-001,127,18923,5571.75,916.92,2,Garbage Bags,149,70,MATCH,13351.25,33.41%,20.64,3544.33,1.57%,Swiggy Instamart,Dec-24
Sep-24,D2C,South,  BEC-BW-002,BEC-BW-002,39,6825,445.08,916.93,5,Bake & Wrap,175,92,MATCH,6379.92,43.76%,7.44,1874.99,12.82%,D2C,Sep-24
Feb-25,Blinkit,South,BEC-TIS-001,BEC-TIS-001,198,18810,4036.74,917.4,11,Tissues,95,42,MATCH,14773.26,43.71%,20.50,5539.86,5.56%,Blinkit,Feb-25
Jan-24,Flipkart,South,BEC-OTH-001,BEC-OTH-001,72,10728,2491.86,917.51,3,Others,149,72,MATCH,8236.14,37.06%,11.69,2134.63,4.17%,Flipkart,Jan-24
Jan-24,Zepto,South,BEC-BW-002,BEC-BW-002,92,16100,3300.29,918.57,3,Bake & Wrap,175,92,MATCH,12799.71,33.87%,17.53,3417.14,3.26%,Zepto,Jan-24
Jun-24,Flipkart,North,BEC-BW-001,BEC-BW-001,72,15840,2245.99,919.69,3,Bake & Wrap,220,118,MATCH,13594.01,37.50%,17.22,4178.32,4.17%,Flipkart,Jun-24
Dec-24,Swiggy Instamart,North,BEC-BW-001,BEC-BW-001,87,19140,2514.45,920.04,4,Bake & Wrap,220,118,MATCH,16625.55,38.25%,20.80,5439.51,4.60%,Swiggy Instamart,Dec-24
Sep-24,Blinkit,South,BEC-GB-001,BEC-GB-001,134,19966,2294.32,921.3,6,Garbage Bags,149,70,MATCH,17671.68,46.92%,21.67,7370.38,4.48%,Blinkit,Sep-24
Aug-24,D2C,South,BEC-KT-001,BEC-KT-001,106,16960,584.47,921.33,17,Kitchen Towel,160,78,MATCH,16375.53,49.51%,18.41,7186.2,16.04%,D2C,Aug-24
Feb-24,D2C,West,BEC-OTH-001,BEC-OTH-001,91,13559,627.01,921.65,8,Others,149,72,MATCH,12931.99,49.33%,14.71,5458.34,8.79%,D2C,Feb-24
Jun-24,Swiggy Instamart,North,BEC-TIS-001,BEC-TIS-001,132,12540,649.8,923.27,7,Tissues,95,42,MATCH,11890.2,53.37%,13.58,5422.93,5.30%,Swiggy Instamart,Jun-24
Jun-24,D2C,North,  BEC-BW-002,BEC-BW-002,85,14875,306.68,923.81,12,Bake & Wrap,175,92,MATCH,14568.32,46.32%,16.10,5824.51,14.12%,D2C,Jun-24
Jul-24,Swiggy Instamart,South,BEC-BW-001,BEC-BW-001,59,12980,3118.99,923.91,2,Bake & Wrap,220,118,MATCH,9861.01,29.40%,14.05,1975.1,3.39%,Swiggy Instamart,Jul-24
Nov-24,Swiggy Instamart,South,BEC-CMB-001,BEC-CMB-001,15,10485,1407.63,924.09,0,Others,699,330,MATCH,9077.37,45.47%,11.35,3203.28,0.00%,Swiggy Instamart,Nov-24
Jun-24,Swiggy Instamart,South,BEC-BW-002,BEC-BW-002,40,7000,552.44,924.13,1,Bake & Wrap,175,92,MATCH,6447.56,42.92%,7.57,1843.43,2.50%,Swiggy Instamart,Jun-24
Jul-24,Swiggy Instamart,North,BEC-KT-001,BEC-KT-001,102,16320,4815.91,927.84,4,Kitchen Towel,160,78,MATCH,11504.09,30.84%,17.59,2620.25,3.92%,Swiggy Instamart,Jul-24
May-25,Blinkit,South,BEC-BW-002,BEC-BW-002,87,15225,4212.52,928.05,3,Bake & Wrap,175,92,MATCH,11012.48,27.32%,16.41,2080.43,3.45%,Blinkit,May-25
Sep-24,Blinkit,South,  BEC-OTH-001,BEC-OTH-001,89,13261,3259.32,928.59,3,Others,149,72,MATCH,10001.68,35.93%,14.28,2665.09,3.37%,Blinkit,Sep-24
Oct-24, Zepto,West,BEC-OTH-001,BEC-OTH-001,80,11920,1420.63,932.52,3,Others,149,72,MATCH,10499.37,45.14%,12.78,3806.85,3.75%,Zepto,Oct-24
Dec-24,Swiggy Instamart,North,BEC-OTH-001,BEC-OTH-001,55,8195,413.53,933.6,1,Others,149,72,MATCH,7781.47,49.11%,8.78,2887.87,1.82%,Swiggy Instamart,Dec-24
Feb-24,Blinkit,South,BEC-OTH-001,BEC-OTH-001,80,11920,3483.47,934.84,2,Others,149,72,MATCH,8436.53,31.73%,12.75,1741.69,2.50%,Blinkit,Feb-24
Oct-24,D2C,North,BEC-TIS-001,BEC-TIS-001,154,14630,1436.58,938.05,18,Tissues,95,42,MATCH,13193.42,50.98%,15.60,5787.37,11.69%,D2C,Oct-24
Jul-24,Flipkart,West,BEC-OTH-001,BEC-OTH-001,67,9983,593.5,941.25,1,Others,149,72,MATCH,9389.5,48.62%,10.61,3624.25,1.49%,Flipkart,Jul-24
Jun-25,D2C,North,BEC-TIS-001,BEC-TIS-001,168,15960,1142.79,942.23,25,Tissues,95,42,MATCH,14817.21,52.38%,16.94,6818.98,14.88%,D2C,Jun-25
Nov-24,Swiggy Instamart,South,  BEC-BW-001,BEC-BW-001,60,13200,2331.79,943.45,2,Bake & Wrap,220,118,MATCH,10868.21,34.86%,13.99,2844.76,3.33%,Swiggy Instamart,Nov-24
Jul-24,Amazon,South,BEC-BW-002,BEC-BW-002,96,16800,1052.05,944.08,2,Bake & Wrap,175,92,MATCH,15747.95,43.92%,17.80,5971.87,2.08%,Amazon,Jul-24
Apr-24,Swiggy Instamart,West,BEC-BW-001,BEC-BW-001,84,18480,1237.64,945.8,1,Bake & Wrap,220,118,MATCH,17242.36,42.51%,19.54,6384.56,1.19%,Swiggy Instamart,Apr-24
Aug-24,Amazon,South,BEC-BW-001,BEC-BW-001,102,22440,3635.14,948.96,2,Bake & Wrap,220,118,MATCH,18804.86,36.00%,23.65,5819.9,1.96%,Amazon,Aug-24
Sep-24,D2C,North,BEC-TIS-001,BEC-TIS-001,141,13395,997.31,949.11,21,Tissues,95,42,MATCH,12397.69,52.23%,14.11,5526.58,14.89%,D2C,Sep-24
Nov-24,Swiggy Instamart,West,BEC-TIS-001,BEC-TIS-001,189,17955,1948.63,954.01,9,Tissues,95,42,MATCH,16006.37,50.41%,18.82,7114.36,4.76%,Swiggy Instamart,Nov-24
May-25,D2C,South,BEC-BW-002,BEC-BW-002,52,9100,203.7,955.46,5,Bake & Wrap,175,92,MATCH,8896.3,46.22%,9.52,3156.84,9.62%,D2C,May-25
Jun-25,D2C,South,BEC-GB-001,BEC-GB-001,98,14602,1410.69,955.84,13,Garbage Bags,149,70,MATCH,13191.31,48.00%,15.28,5375.47,13.27%,D2C,Jun-25
Aug-24,D2C,West,BEC-OTH-001,BEC-OTH-001,78,11622,1677.38,956.23,10,Others,149,72,MATCH,9944.62,43.53%,12.15,3372.39,12.82%,D2C,Aug-24
Jun-24,Blinkit,West,BEC-BW-002,BEC-BW-002,139,24325,5789.31,956.38,6,Bake & Wrap,175,92,MATCH,18535.69,31.01%,25.43,4791.31,4.32%,Blinkit,Jun-24
Oct-24,Swiggy Instamart,South,BEC-TIS-002,BEC-TIS-002,112,20160,2976.27,956.5,2,Tissues,180,95,MATCH,17183.73,38.08%,21.08,5587.23,1.79%,Swiggy Instamart,Oct-24
May-25,Swiggy Instamart,North,BEC-BW-002,BEC-BW-002,61,10675,1744.3,957.01,1,Bake & Wrap,175,92,MATCH,8930.7,37.16%,11.15,2361.69,1.64%,Swiggy Instamart,May-25
Sep-24,D2C,North,BEC-CMB-001,BEC-CMB-001,24,16776,1012.79,957.46,3,Others,699,330,MATCH,15763.21,49.76%,17.52,6885.75,12.50%,D2C,Sep-24
Jun-25,Flipkart,North,BEC-OTH-001,BEC-OTH-001,58,8642,1432.95,957.8,1,Others,149,72,MATCH,7209.05,42.07%,9.02,2075.25,1.72%,Flipkart,Jun-25
Feb-24,Swiggy Instamart,North,BEC-OTH-001,BEC-OTH-001,55,8195,1579.84,961.06,2,Others,149,72,MATCH,6615.16,40.14%,8.53,1694.1,3.64%,Swiggy Instamart,Feb-24
Jun-24,Flipkart,South,BEC-BW-002,BEC-BW-002,87,15225,3498.12,962.79,4,Bake & Wrap,175,92,MATCH,11726.88,31.75%,15.81,2760.09,4.60%,Flipkart,Jun-24
Apr-24,Swiggy Instamart,West,BEC-TIS-001,BEC-TIS-001,164,15580,2685.04,967.6,5,Tissues,95,42,MATCH,12894.96,46.58%,16.10,5039.36,3.05%,Swiggy Instamart,Apr-24
Nov-24,Flipkart,South,BEC-BW-001,BEC-BW-001,48,10560,1838.46,968.54,1,Bake & Wrap,220,118,MATCH,8721.54,35.06%,10.90,2089,2.08%,Flipkart,Nov-24
Nov-24,D2C,North,BEC-BW-002,BEC-BW-002,57,9975,1274.17,968.84,7,Bake & Wrap,175,92,MATCH,8700.83,39.73%,10.30,2487.99,12.28%,D2C,Nov-24
Jun-25,Zepto,North,BEC-BW-001,BEC-BW-001,115,25300,6048.27,969.19,2,Bake & Wrap,220,118,MATCH,19251.73,29.51%,26.10,4712.54,1.74%,Zepto,Jun-25
Mar-25,Blinkit,North,BEC-OTH-001,BEC-OTH-001,117,17433,2069.67,969.28,2,Others,149,72,MATCH,15363.33,45.17%,17.99,5970.05,1.71%,Blinkit,Mar-25
Dec-24,Blinkit,South,BEC-BW-002,BEC-BW-002,91,15925,3928.12,969.72,5,Bake & Wrap,175,92,MATCH,11996.88,30.22%,16.42,2655.16,5.49%,Blinkit,Dec-24
Feb-24,Blinkit,West,BEC-OTH-001,BEC-OTH-001,155,23095,5811.86,971.51,3,Others,149,72,MATCH,17283.14,35.43%,23.77,5151.63,1.94%,Blinkit,Feb-24
Oct-24,Amazon,South,BEC-OTH-001,BEC-OTH-001,76,11324,3166.87,972.6,2,Others,149,72,MATCH,8157.13,32.92%,11.64,1712.53,2.63%,Amazon,Oct-24
Sep-24,Flipkart,South,BEC-TIS-002,BEC-TIS-002,113,20340,5127.1,973.3,4,Tissues,180,95,MATCH,15212.9,29.43%,20.90,3504.6,3.54%,Flipkart,Sep-24
May-25,Flipkart,South,BEC-OTH-001,BEC-OTH-001,75,11175,2625.45,973.88,2,Others,149,72,MATCH,8549.55,36.84%,11.47,2175.67,2.67%,Flipkart,May-25
Jun-25,Flipkart,South,BEC-TIS-001,BEC-TIS-001,161,15295,1990.13,974.33,6,Tissues,95,42,MATCH,13304.87,49.18%,15.70,5568.54,3.73%,Flipkart,Jun-25
Feb-25,Flipkart,West,BEC-OTH-001,BEC-OTH-001,80,11920,752.57,974.92,2,Others,149,72,MATCH,11167.43,48.42%,12.23,4432.51,2.50%,Flipkart,Feb-25
Oct-24,Swiggy Instamart,North,BEC-CMB-001,BEC-CMB-001,16,11184,769.07,975.3,0,Others,699,330,MATCH,10414.93,49.30%,11.47,4159.63,0.00%,Swiggy Instamart,Oct-24
Jul-24,Flipkart,North,BEC-TIS-001,BEC-TIS-001,209,19855,1992.18,975.36,8,Tissues,95,42,MATCH,17862.82,50.86%,20.36,8109.46,3.83%,Flipkart,Jul-24
Jul-24,Flipkart,South,BEC-GB-001,BEC-GB-001,84,12516,750.77,975.5,2,Garbage Bags,149,70,MATCH,11765.23,50.02%,12.83,4909.73,2.38%,Flipkart,Jul-24
Feb-25,Flipkart,West,BEC-BW-001,BEC-BW-001,113,24860,6790.49,976.13,5,Bake & Wrap,220,118,MATCH,18069.51,26.21%,25.47,3759.38,4.42%,Flipkart,Feb-25
Aug-24,Swiggy Instamart,South,BEC-BW-002,BEC-BW-002,56,9800,1574.62,978.28,2,Bake & Wrap,175,92,MATCH,8225.38,37.36%,10.02,2095.1,3.57%,Swiggy Instamart,Aug-24
Dec-24,Swiggy Instamart,South,BEC-BW-002,BEC-BW-002,63,11025,2020.74,979,1,Bake & Wrap,175,92,MATCH,9004.26,35.63%,11.26,2229.26,1.59%,Swiggy Instamart,Dec-24
Jun-25,D2C,North,BEC-KT-001,BEC-KT-001,107,17120,2035.21,980.73,16,Kitchen Towel,160,78,MATCH,15084.79,44.67%,17.46,5758.06,14.95%,D2C,Jun-25
Jun-24, Zepto,South,BEC-BW-002,BEC-BW-002,63,11025,1239.34,980.92,1,Bake & Wrap,175,92,MATCH,9785.66,40.77%,11.24,3008.74,1.59%,Zepto,Jun-24
Jan-24,Zepto,South,BEC-BW-001,BEC-BW-001,58,12760,878.1,982.05,2,Bake & Wrap,220,118,MATCH,11881.9,42.40%,12.99,4055.85,3.45%,Zepto,Jul-24
Jun-25,D2C,West,BEC-OTH-001,BEC-OTH-001,66,9834,1012.09,988.14,7,Others,149,72,MATCH,8821.91,46.13%,9.95,3081.77,10.61%,D2C,Jun-25
Jan-25,Flipkart,South,BEC-BW-001,BEC-BW-001,87,19140,2272.84,988.94,4,Bake & Wrap,220,118,MATCH,16867.16,39.14%,19.35,5612.22,4.60%,Flipkart,Jan-25
Mar-24,Blinkit,South,BEC-KT-001,BEC-KT-001,156,24960,6070.75,993.2,6,Kitchen Towel,160,78,MATCH,18889.25,35.58%,25.13,5728.05,3.85%,Blinkit,Mar-24
Feb-25,Swiggy Instamart,North,BEC-BW-002,BEC-BW-002,83,14525,790.52,994.67,2,Bake & Wrap,175,92,MATCH,13734.48,44.40%,14.60,5103.81,2.41%,Swiggy Instamart,Feb-25
May-24,Flipkart,North,BEC-OTH-001,BEC-OTH-001,87,12963,1205,995.03,2,Others,149,72,MATCH,11758,46.73%,13.03,4498.97,2.30%,Flipkart,May-24
May-25,Swiggy Instamart,North,BEC-CMB-001,BEC-CMB-001,26,18174,1736.9,997.73,0,Others,699,330,MATCH,16437.1,47.80%,18.22,6859.37,0.00%,Swiggy Instamart,May-25
Nov-24,D2C,North,BEC-CMB-001,BEC-CMB-001,31,21669,1995.49,998.04,5,Others,699,330,MATCH,19673.51,48.00%,21.71,8445.47,16.13%,D2C,Nov-24
Nov-24,Amazon,South,BEC-OTH-001,BEC-OTH-001,86,12814,1467.56,998.22,2,Others,149,72,MATCH,11346.44,45.43%,12.84,4156.22,2.33%,Amazon,Nov-24
Jun-25,Flipkart,West,BEC-OTH-001,BEC-OTH-001,83,12367,3131.58,999.25,3,Others,149,72,MATCH,9235.42,35.29%,12.38,2260.17,3.61%,Flipkart,Jun-25
Apr-24, Zepto,South,BEC-CMB-001,BEC-CMB-001,23,16077,2332.44,1000.37,1,Others,699,330,MATCH,13744.56,44.78%,16.07,5154.19,4.35%,Zepto,Apr-24
Feb-24,Flipkart,South,BEC-TIS-001,BEC-TIS-001,114,10830,1111.38,1000.51,6,Tissues,95,42,MATCH,9718.62,50.73%,10.82,3930.11,5.26%,Flipkart,Feb-24
Nov-24,Blinkit,South,BEC-BW-001,BEC-BW-001,69,15180,2514.09,1001.6,2,Bake & Wrap,220,118,MATCH,12665.91,35.72%,15.16,3522.31,2.90%,Blinkit,Nov-24
Oct-24,Flipkart,South,BEC-BW-001,BEC-BW-001,72,15840,4019.93,1002.49,3,Bake & Wrap,220,118,MATCH,11820.07,28.12%,15.80,2321.58,4.17%,Flipkart,Oct-24
Sep-24,Blinkit,North,BEC-TIS-001,BEC-TIS-001,171,16245,3609.2,1002.87,3,Tissues,95,42,MATCH,12635.8,43.16%,16.20,4450.93,1.75%,Blinkit,Sep-24
Sep-24,Blinkit,North,BEC-BW-002,BEC-BW-002,86,15050,2537.05,1002.91,3,Bake & Wrap,175,92,MATCH,12512.95,36.77%,15.01,3598.04,3.49%,Blinkit,Sep-24
Nov-24,Swiggy Instamart,South,BEC-GB-001,BEC-GB-001,74,11026,3139.47,1003.26,2,Garbage Bags,149,70,MATCH,7886.53,34.32%,10.99,1703.27,2.70%,Swiggy Instamart,Nov-24
Jan-25,Swiggy Instamart,South,BEC-OTH-001,BEC-OTH-001,58,8642,565.12,1004.89,2,Others,149,72,MATCH,8076.88,48.30%,8.60,2895.99,3.45%,Swiggy Instamart,Jan-25
Apr-24,D2C,North,BEC-BW-002,BEC-BW-002,73,12775,1344.84,1006.62,11,Bake & Wrap,175,92,MATCH,11430.16,41.24%,12.69,3707.54,15.07%,D2C,Apr-24
Jan-25,Swiggy Instamart,South,BEC-BW-002,BEC-BW-002,65,11375,3394.44,1007.25,3,Bake & Wrap,175,92,MATCH,7980.56,25.07%,11.29,993.31,4.62%,Swiggy Instamart,Jan-25
Feb-24,D2C,South,BEC-TIS-001,BEC-TIS-001,105,9975,1021.11,1007.56,10,Tissues,95,42,MATCH,8953.89,50.75%,9.90,3536.33,9.52%,D2C,Feb-24
May-24,Blinkit,South,BEC-OTH-001,BEC-OTH-001,112,16688,2605.94,1007.9,5,Others,149,72,MATCH,14082.06,42.74%,16.56,5010.16,4.46%,Blinkit,May-24
Feb-24,D2C,South,BEC-GB-001,BEC-GB-001,95,14155,1152.26,1008.29,12,Garbage Bags,149,70,MATCH,13002.74,48.86%,14.04,5344.45,12.63%,D2C,Feb-24
Mar-24,Swiggy Instamart,West,BEC-OTH-001,BEC-OTH-001,89,13261,2162.93,1008.74,4,Others,149,72,MATCH,11098.07,42.26%,13.15,3681.33,4.49%,Swiggy Instamart,Mar-24
Jan-25,D2C,South,BEC-KT-001,BEC-KT-001,121,19360,563.64,1010.71,17,Kitchen Towel,160,78,MATCH,18796.36,49.79%,19.15,8347.65,14.05%,D2C,Jan-25
Nov-24,Swiggy Instamart,West,BEC-OTH-001,BEC-OTH-001,89,13261,3912.48,1011.46,1,Others,149,72,MATCH,9348.52,31.45%,13.11,1929.06,1.12%,Swiggy Instamart,Nov-24
Jul-24,Swiggy Instamart,West,BEC-BW-002,BEC-BW-002,77,13475,3400.75,1011.73,2,Bake & Wrap,175,92,MATCH,10074.25,29.68%,13.32,1978.52,2.60%,Swiggy Instamart,Jul-24
Mar-24,Swiggy Instamart,South,BEC-CMB-001,BEC-CMB-001,23,16077,2712.89,1012.09,0,Others,699,330,MATCH,13364.11,43.21%,15.88,4762.02,0.00%,Swiggy Instamart,Mar-24
Jan-24,Swiggy Instamart,North,BEC-TIS-001,BEC-TIS-001,135,12825,1440.44,1012.33,4,Tissues,95,42,MATCH,11384.56,50.20%,12.67,4702.23,2.96%,Swiggy Instamart,Jan-24
Mar-24,Swiggy Instamart,South,BEC-BW-002,BEC-BW-002,46,8050,936.42,1013.04,1,Bake & Wrap,175,92,MATCH,7113.58,40.51%,7.95,1868.54,2.17%,Swiggy Instamart,Mar-24
Aug-24, Zepto,West,BEC-OTH-001,BEC-OTH-001,84,12516,1426.62,1013.07,3,Others,149,72,MATCH,11089.38,45.46%,12.35,4028.31,3.57%,Zepto,Aug-24
Jan-25,Swiggy Instamart,South,BEC-GB-002,BEC-GB-002,112,20048,4498.68,1013.95,6,Garbage Bags,179,86,MATCH,15549.32,38.06%,19.77,4903.37,5.36%,Swiggy Instamart,Jan-25
Sep-24,D2C,South,BEC-BW-001,BEC-BW-001,47,10340,1432.6,1014.76,4,Bake & Wrap,220,118,MATCH,8907.4,37.74%,10.19,2346.64,8.51%,D2C,Sep-24
Oct-24,Swiggy Instamart,North,BEC-OTH-001,BEC-OTH-001,65,9685,2498.9,1017.22,2,Others,149,72,MATCH,7186.1,34.87%,9.52,1488.88,3.08%,Swiggy Instamart,Oct-24
Jan-25,Zepto,South,BEC-CMB-001,BEC-CMB-001,23,16077,2485.1,1017.6,0,Others,699,330,MATCH,13591.9,44.16%,15.80,4984.3,0.00%,Zepto,Jan-25
Feb-24,Zepto,North,BEC-OTH-001,BEC-OTH-001,94,14006,4166.69,1018.04,3,Others,149,72,MATCH,9839.31,31.21%,13.76,2053.27,3.19%,Zepto,Feb-24
Sep-24,Flipkart,North,BEC-BW-002,BEC-BW-002,69,12075,3443.95,1018.2,2,Bake & Wrap,175,92,MATCH,8631.05,26.45%,11.86,1264.85,2.90%,Flipkart,Sep-24
Jan-25,D2C,North,BEC-CMB-001,BEC-CMB-001,28,19572,2902.8,1018.83,3,Others,699,330,MATCH,16669.2,44.57%,19.21,6410.37,10.71%,D2C,Jan-25
Aug-24,Blinkit,South,BEC-GB-001,BEC-GB-001,150,22350,5909.75,1020.46,5,Garbage Bags,149,70,MATCH,16440.25,36.13%,21.90,4919.79,3.33%,Blinkit,Aug-24
Sep-24,D2C,North,BEC-OTH-001,BEC-OTH-001,67,9983,1206.91,1026.06,8,Others,149,72,MATCH,8776.09,45.03%,9.73,2926.03,11.94%,D2C,Sep-24
Jul-24,Swiggy Instamart,West,BEC-KT-001,BEC-KT-001,110,17600,4217.65,1026.91,4,Kitchen Towel,160,78,MATCH,13382.35,35.89%,17.14,3775.44,3.64%,Swiggy Instamart,Jul-24
Feb-24,Flipkart,North,BEC-TIS-001,BEC-TIS-001,237,22515,6735.55,1026.94,6,Tissues,95,42,MATCH,15779.45,36.92%,21.92,4798.51,2.53%,Flipkart,Feb-24
Oct-24,Amazon,North,BEC-OTH-001,BEC-OTH-001,89,13261,3900.18,1027.64,4,Others,149,72,MATCH,9360.82,31.54%,12.90,1925.18,4.49%,Amazon,Oct-24
May-24,Swiggy Instamart,South,BEC-TIS-002,BEC-TIS-002,107,19260,2071.49,1029.25,4,Tissues,180,95,MATCH,17188.51,40.86%,18.71,5994.26,3.74%,Swiggy Instamart,May-24
Mar-25, Zepto,North,BEC-OTH-001,BEC-OTH-001,142,21158,4725.31,1031.24,6,Others,149,72,MATCH,16432.69,37.78%,20.52,5177.45,4.23%,Zepto,Mar-25
Jan-25, Zepto,South,BEC-GB-002,BEC-GB-002,143,25597,7075.03,1031.32,6,Garbage Bags,179,86,MATCH,18521.97,33.60%,24.82,5192.65,4.20%,Zepto,Jan-25
Sep-24,Blinkit,South,BEC-KT-001,BEC-KT-001,105,16800,2267.75,1031.47,4,Kitchen Towel,160,78,MATCH,14532.25,43.64%,16.29,5310.78,3.81%,Blinkit,Sep-24
Jun-25,Flipkart,North,BEC-TIS-001,BEC-TIS-001,168,15960,3542.99,1031.64,3,Tissues,95,42,MATCH,12417.01,43.17%,15.47,4329.37,1.79%,Flipkart,Jun-25
Feb-24,Zepto,South,BEC-TIS-001,BEC-TIS-001,231,21945,1893.14,1032.67,11,Tissues,95,42,MATCH,20051.86,51.62%,21.25,9317.19,4.76%,Zepto,Feb-24
Mar-25,Swiggy Instamart,North,BEC-BW-002,BEC-BW-002,82,14350,2930.8,1032.79,2,Bake & Wrap,175,92,MATCH,11419.2,33.94%,13.89,2842.41,2.44%,Swiggy Instamart,Mar-25
Aug-24,Blinkit,West,BEC-BW-001,BEC-BW-001,114,25080,5896.42,1034.84,4,Bake & Wrap,220,118,MATCH,19183.58,29.88%,24.24,4696.74,3.51%,Blinkit,Aug-24
Apr-24, Zepto,South,BEC-OTH-001,BEC-OTH-001,82,12218,1538.75,1035.23,3,Others,149,72,MATCH,10679.25,44.72%,11.80,3740.02,3.66%,Zepto,Apr-24
Jul-24,D2C,South,BEC-CMB-001,BEC-CMB-001,21,14679,493.91,1035.36,2,Others,699,330,MATCH,14185.09,51.15%,14.18,6219.73,9.52%,D2C,Jul-24
Apr-25,Flipkart,West,BEC-OTH-001,BEC-OTH-001,95,14155,3975.02,1038.51,2,Others,149,72,MATCH,10179.98,32.81%,13.63,2301.47,2.11%,Flipkart,Apr-25
Mar-25,D2C,West,BEC-OTH-001,BEC-OTH-001,110,16390,869.3,1038.66,18,Others,149,72,MATCH,15520.7,48.97%,15.78,6562.04,16.36%,D2C,Mar-25
Apr-24,Amazon,North,BEC-OTH-001,BEC-OTH-001,142,21158,5402.95,1040.19,6,Others,149,72,MATCH,15755.05,35.11%,20.34,4490.86,4.23%,Amazon,Apr-24
Jun-25,D2C,North,BEC-OTH-001,BEC-OTH-001,62,9238,813.35,1041.41,5,Others,149,72,MATCH,8424.65,47.01%,8.87,2919.24,8.06%,D2C,Jun-25
May-25,Swiggy Instamart,West,  BEC-BW-002,BEC-BW-002,78,13650,2634.83,1043.09,2,Bake & Wrap,175,92,MATCH,11015.17,34.85%,13.09,2796.08,2.56%,Swiggy Instamart,May-25
May-25,Flipkart,South,BEC-BW-002,BEC-BW-002,67,11725,1748.9,1045.28,2,Bake & Wrap,175,92,MATCH,9976.1,38.21%,11.22,2766.82,2.99%,Flipkart,May-25
Dec-24,D2C,West,BEC-OTH-001,BEC-OTH-001,103,15347,1293.11,1045.41,14,Others,149,72,MATCH,14053.89,47.23%,14.68,5592.48,13.59%,D2C,Dec-24
Apr-25,D2C,South,BEC-OTH-001,BEC-OTH-001,80,11920,418.16,1048.03,11,Others,149,72,MATCH,11501.84,49.92%,11.37,4693.81,13.75%,D2C,Apr-25
Jun-25,D2C,West,BEC-BW-002,BEC-BW-002,113,19775,1545.64,1049.43,12,Bake & Wrap,175,92,MATCH,18229.36,42.97%,18.84,6783.93,10.62%,D2C,Jun-25
May-25,Swiggy Instamart,North,BEC-TIS-002,BEC-TIS-002,135,24300,5439.97,1050.25,2,Tissues,180,95,MATCH,18860.03,32.00%,23.14,4984.78,1.48%,Swiggy Instamart,May-25
Sep-24,D2C,South,BEC-KT-001,BEC-KT-001,87,13920,514.69,1050.82,8,Kitchen Towel,160,78,MATCH,13405.31,49.38%,13.25,5568.49,9.20%,D2C,Sep-24
May-24, Zepto,South,BEC-OTH-001,BEC-OTH-001,78,11622,3198.24,1050.83,2,Others,149,72,MATCH,8423.76,33.33%,11.06,1756.93,2.56%,Zepto,May-24
Mar-24,Swiggy Instamart,South,BEC-BW-001,BEC-BW-001,79,17380,3149.43,1052.69,2,Bake & Wrap,220,118,MATCH,14230.57,34.49%,16.51,3855.88,2.53%,Swiggy Instamart,Mar-24
Oct-24,D2C,South,BEC-KT-001,BEC-KT-001,67,10720,426.68,1052.91,9,Kitchen Towel,160,78,MATCH,10293.32,49.23%,10.18,4014.41,13.43%,D2C,Oct-24
Feb-24,Flipkart,North,BEC-OTH-001,BEC-OTH-001,72,10728,3058.12,1053.32,1,Others,149,72,MATCH,7669.88,32.41%,10.18,1432.56,1.39%,Flipkart,Feb-24
Dec-24,D2C,North,BEC-CMB-001,BEC-CMB-001,22,15378,741.11,1054.27,3,Others,699,330,MATCH,14636.89,50.40%,14.59,6322.62,13.64%,D2C,Dec-24
Apr-25,D2C,North,BEC-BW-002,BEC-BW-002,76,13300,912.89,1055.26,12,Bake & Wrap,175,92,MATCH,12387.11,43.55%,12.60,4339.85,15.79%,D2C,Apr-25
May-24,D2C,South,BEC-CMB-001,BEC-CMB-001,26,18174,740.56,1057.36,3,Others,699,330,MATCH,17433.44,50.78%,17.19,7796.08,11.54%,D2C,May-24
Feb-25,Swiggy Instamart,South,BEC-GB-001,BEC-GB-001,128,19072,4191.86,1059.48,5,Garbage Bags,149,70,MATCH,14880.14,39.79%,18.00,4860.66,3.91%,Swiggy Instamart,Feb-25
Aug-24,Swiggy Instamart,North,BEC-KT-001,BEC-KT-001,76,12160,2291.65,1059.57,3,Kitchen Towel,160,78,MATCH,9868.35,39.93%,11.48,2880.78,3.95%,Swiggy Instamart,Aug-24
Feb-24, Zepto,South,BEC-CMB-001,BEC-CMB-001,23,16077,4607.51,1059.75,1,Others,699,330,MATCH,11469.49,33.82%,15.17,2819.74,4.35%,Zepto,Feb-24
Jun-25,Blinkit,South,BEC-CMB-001,BEC-CMB-001,32,22368,5835.42,1060.52,1,Others,699,330,MATCH,16532.58,36.13%,21.09,4912.06,3.13%,Blinkit,Jun-25
Mar-25,Swiggy Instamart,South,BEC-CMB-001,BEC-CMB-001,24,16776,3758.67,1060.58,0,Others,699,330,MATCH,13017.33,39.16%,15.82,4036.75,0.00%,Swiggy Instamart,Mar-25
May-25,Flipkart,North,BEC-OTH-001,BEC-OTH-001,90,13410,2202.93,1061.23,2,Others,149,72,MATCH,11207.07,42.18%,12.64,3665.84,2.22%,Flipkart,May-25
Jan-24,Flipkart,North,BEC-BW-002,BEC-BW-002,96,16800,2972.35,1061.25,4,Bake & Wrap,175,92,MATCH,13827.65,36.13%,15.83,3934.4,4.17%,Flipkart,Jan-24
May-24,D2C,South,BEC-BW-001,BEC-BW-001,68,14960,835.26,1061.68,9,Bake & Wrap,220,118,MATCH,14124.74,43.19%,14.09,5039.06,13.24%,D2C,May-24
Apr-24,Flipkart,South,BEC-BW-001,BEC-BW-001,97,21340,5816.59,1061.72,4,Bake & Wrap,220,118,MATCH,15523.41,26.27%,20.10,3015.69,4.12%,Flipkart,Apr-24
Apr-24,Blinkit,South,BEC-OTH-001,BEC-OTH-001,101,15049,3892.89,1062.76,4,Others,149,72,MATCH,11156.11,34.82%,14.16,2821.35,3.96%,Blinkit,Apr-24
Dec-24,Flipkart,North,BEC-CMB-001,BEC-CMB-001,22,15378,3732.49,1063.96,0,Others,699,330,MATCH,11645.51,37.66%,14.45,3321.55,0.00%,Flipkart,Dec-24
Feb-24,Zepto,West,BEC-CMB-001,BEC-CMB-001,38,26562,6291.53,1064.79,1,Others,699,330,MATCH,20270.47,38.14%,24.95,6665.68,2.63%,Zepto,Feb-24
Aug-24,Blinkit,South,BEC-CMB-001,BEC-CMB-001,29,20271,5928.72,1064.92,1,Others,699,330,MATCH,14342.28,33.27%,19.04,3707.36,3.45%,Blinkit,Aug-24
Apr-24,Blinkit,South,BEC-BW-002,BEC-BW-002,83,14525,2459.98,1070.8,2,Bake & Wrap,175,92,MATCH,12065.02,36.71%,13.56,3358.22,2.41%,Blinkit,Apr-24
Jan-24,Swiggy Instamart,West,BEC-BW-002,BEC-BW-002,71,12425,3081.3,1071.09,2,Bake & Wrap,175,92,MATCH,9343.7,30.09%,11.60,1740.61,2.82%,Swiggy Instamart,Jan-24
Aug-24,D2C,West,BEC-CMB-001,BEC-CMB-001,21,14679,1191.58,1071.55,2,Others,699,330,MATCH,13487.42,48.62%,13.70,5485.87,9.52%,D2C,Aug-24
Mar-24,D2C,South,BEC-TIS-001,BEC-TIS-001,179,17005,612.09,1071.84,19,Tissues,95,42,MATCH,16392.91,54.14%,15.87,7803.07,10.61%,D2C,Mar-24
Jan-24,Swiggy Instamart,North,BEC-KT-001,BEC-KT-001,139,22240,3337.9,1071.98,4,Kitchen Towel,160,78,MATCH,18902.1,42.64%,20.75,6988.12,2.88%,Swiggy Instamart,Jan-24
May-25,Flipkart,North,  BEC-BW-001,BEC-BW-001,76,16720,4618.18,1074.64,1,Bake & Wrap,220,118,MATCH,12101.82,25.90%,15.56,2059.18,1.32%,Flipkart,May-25
May-25,D2C,North,BEC-OTH-001,BEC-OTH-001,58,8642,1120.45,1075.39,8,Others,149,72,MATCH,7521.55,44.48%,8.04,2270.16,13.79%,D2C,May-25
Sep-24,Amazon,West,BEC-OTH-001,BEC-OTH-001,112,16688,4755.78,1080.14,4,Others,149,72,MATCH,11932.22,32.42%,15.45,2788.08,3.57%,Amazon,Sep-24
Sep-24,Flipkart,North,BEC-TIS-001,BEC-TIS-001,117,11115,1069.22,1081.23,5,Tissues,95,42,MATCH,10045.78,51.08%,10.28,4050.55,4.27%,Flipkart,Sep-24
Jun-25,Swiggy Instamart,North,BEC-BW-001,BEC-BW-001,59,12980,3046.43,1081.53,3,Bake & Wrap,220,118,MATCH,9933.57,29.91%,12.00,1890.04,5.08%,Swiggy Instamart,Jun-25
Jan-25,Blinkit,West,BEC-OTH-001,BEC-OTH-001,150,22350,2895.64,1083.05,7,Others,149,72,MATCH,19454.36,44.49%,20.64,7571.31,4.67%,Blinkit,Jan-25
Feb-24,Swiggy Instamart,South,BEC-BW-001,BEC-BW-001,69,15180,803.2,1086.33,2,Bake & Wrap,220,118,MATCH,14376.8,43.37%,13.97,5148.47,2.90%,Swiggy Instamart,Feb-24
Oct-24,Flipkart,South,BEC-TIS-001,BEC-TIS-001,156,14820,2530.66,1086.71,3,Tissues,95,42,MATCH,12289.34,46.69%,13.64,4650.63,1.92%,Flipkart,Oct-24
Mar-24,D2C,West,BEC-TIS-001,BEC-TIS-001,172,16340,820.5,1086.74,22,Tissues,95,42,MATCH,15519.5,53.45%,15.04,7208.76,12.79%,D2C,Mar-24
Jun-25,D2C,South,BEC-TIS-001,BEC-TIS-001,154,14630,516.22,1087.4,13,Tissues,95,42,MATCH,14113.78,54.17%,13.45,6558.38,8.44%,D2C,Jun-25
Mar-24,Swiggy Instamart,South,BEC-KT-001,BEC-KT-001,119,19040,2715.5,1087.59,5,Kitchen Towel,160,78,MATCH,16324.5,43.14%,17.51,5954.91,4.20%,Swiggy Instamart,Mar-24
Jan-25,Swiggy Instamart,West,BEC-BW-001,BEC-BW-001,87,19140,4082.09,1088.29,2,Bake & Wrap,220,118,MATCH,15057.91,31.82%,17.59,3703.62,2.30%,Swiggy Instamart,Jan-25
Jun-25,Swiggy Instamart,North,BEC-BW-002,BEC-BW-002,71,12425,2679.89,1089.42,1,Bake & Wrap,175,92,MATCH,9745.11,32.97%,11.41,2123.69,1.41%,Swiggy Instamart,Jun-25
Jun-25,Flipkart,West,BEC-TIS-001,BEC-TIS-001,225,21375,6327.32,1089.51,6,Tissues,95,42,MATCH,15047.68,37.20%,19.62,4508.17,2.67%,Flipkart,Jun-25
Jun-24,Blinkit,South,BEC-BW-002,BEC-BW-002,70,12250,1444.32,1092.56,1,Bake & Wrap,175,92,MATCH,10805.68,40.40%,11.21,3273.12,1.43%,Blinkit,Jun-24
Jun-24,Zepto,South,BEC-OTH-001,BEC-OTH-001,73,10877,2617.06,1092.76,2,Others,149,72,MATCH,8259.94,36.37%,9.95,1911.18,2.74%,Zepto,Jun-24
Dec-24,Flipkart,South,BEC-KT-001,BEC-KT-001,118,18880,1731.14,1097.99,4,Kitchen Towel,160,78,MATCH,17148.86,46.33%,17.20,6846.87,3.39%,Flipkart,Dec-24
Oct-24,Zepto,South,BEC-GB-002,BEC-GB-002,112,20048,4642.06,1098.89,3,Garbage Bags,179,86,MATCH,15405.94,37.48%,18.24,4675.05,2.68%,Zepto,Oct-24
Jun-24,Zepto,West,BEC-OTH-001,BEC-OTH-001,144,21456,5183.6,1099.68,5,Others,149,72,MATCH,16272.4,36.28%,19.51,4804.72,3.47%,Zepto,Jun-24
Apr-25,Zepto,North,BEC-GB-001,BEC-GB-001,179,26671,4974.25,1100.56,5,Garbage Bags,149,70,MATCH,21696.75,42.25%,24.23,8066.19,2.79%,Zepto,Apr-25
Apr-24,Blinkit,South,BEC-CMB-001,BEC-CMB-001,29,20271,1365.77,1100.6,0,Others,699,330,MATCH,18905.23,49.38%,18.42,8234.63,0.00%,Blinkit,Apr-24
Jan-25,D2C,South,BEC-GB-001,BEC-GB-001,135,20115,681.63,1100.65,17,Garbage Bags,149,70,MATCH,19433.37,51.37%,18.28,8882.72,12.59%,D2C,Jan-25
Aug-24,Zepto,South,BEC-BW-001,BEC-BW-001,93,20460,1890.21,1100.68,1,Bake & Wrap,220,118,MATCH,18569.79,40.90%,18.59,6495.11,1.08%,Zepto,Aug-24
Mar-25,Swiggy Instamart,South,BEC-BW-002,BEC-BW-002,64,11200,1586.19,1101.29,2,Bake & Wrap,175,92,MATCH,9613.81,38.75%,10.17,2624.52,3.13%,Swiggy Instamart,Mar-25
Jun-25,Flipkart,North,BEC-BW-002,BEC-BW-002,104,18200,3778.99,1102.37,4,Bake & Wrap,175,92,MATCH,14421.01,33.65%,16.51,3750.64,3.85%,Flipkart,Jun-25
Jul-24,Swiggy Instamart,West,BEC-CMB-001,BEC-CMB-001,25,17475,2702.26,1102.79,1,Others,699,330,MATCH,14772.74,44.15%,15.85,5419.95,4.00%,Swiggy Instamart,Jul-24
Jun-24,Blinkit,South,BEC-CMB-001,BEC-CMB-001,24,16776,3139.34,1103.82,1,Others,699,330,MATCH,13636.66,41.92%,15.20,4612.84,4.17%,Blinkit,Jun-24
Apr-24,Flipkart,North,BEC-OTH-001,BEC-OTH-001,82,12218,676.23,1103.83,2,Others,149,72,MATCH,11541.77,48.85%,11.07,4533.94,2.44%,Flipkart,Apr-24
Aug-24,Zepto,South,BEC-BW-002,BEC-BW-002,52,9100,1202.3,1104.38,2,Bake & Wrap,175,92,MATCH,7897.7,39.43%,8.24,2009.32,3.85%,Zepto,Aug-24
Apr-24,Flipkart,North,BEC-BW-001,BEC-BW-001,103,22660,2862.6,1105.49,2,Bake & Wrap,220,118,MATCH,19797.4,38.61%,20.50,6537.91,1.94%,Flipkart,Apr-24
Oct-24,D2C,North,BEC-KT-001,BEC-KT-001,100,16000,2081.16,1105.73,15,Kitchen Towel,160,78,MATCH,13918.84,43.96%,14.47,5013.11,15.00%,D2C,Oct-24
Aug-24,Flipkart,West,BEC-BW-002,BEC-BW-002,78,13650,3592.25,1106.48,4,Bake & Wrap,175,92,MATCH,10057.75,28.65%,12.34,1775.27,5.13%,Flipkart,Aug-24
Nov-24,Flipkart,North,BEC-BW-001,BEC-BW-001,88,19360,1621.75,1107.05,3,Bake & Wrap,220,118,MATCH,17738.25,41.46%,17.49,6247.2,3.41%,Flipkart,Nov-24
Aug-24,Flipkart,North,BEC-TIS-002,BEC-TIS-002,128,23040,6625.01,1107.45,6,Tissues,180,95,MATCH,16414.99,25.92%,20.80,3147.54,4.69%,Flipkart,Aug-24
Aug-24,D2C,North,BEC-BW-002,BEC-BW-002,57,9975,665.75,1108.29,5,Bake & Wrap,175,92,MATCH,9309.25,43.67%,9.00,2956.96,8.77%,D2C,Aug-24
Sep-24,Amazon,South,BEC-OTH-001,BEC-OTH-001,87,12963,3136.95,1108.39,2,Others,149,72,MATCH,9826.05,36.25%,11.70,2453.66,2.30%,Amazon,Sep-24
Mar-24,Zepto,South,BEC-BW-001,BEC-BW-001,125,27500,6893.7,1108.75,2,Bake & Wrap,220,118,MATCH,20606.3,28.42%,24.80,4747.55,1.60%,Zepto,Mar-24
Jul-24,Swiggy Instamart,West,BEC-GB-001,BEC-GB-001,160,23840,5790.37,1110.84,8,Garbage Bags,149,70,MATCH,18049.63,37.95%,21.46,5738.79,5.00%,Swiggy Instamart,Jul-24
Apr-24,Flipkart,South,BEC-GB-001,BEC-GB-001,136,20264,5264.1,1110.97,6,Garbage Bags,149,70,MATCH,14999.9,36.53%,18.24,4368.93,4.41%,Flipkart,Apr-24
Feb-24,Zepto,North,BEC-TIS-001,BEC-TIS-001,247,23465,3435.61,1110.99,13,Tissues,95,42,MATCH,20029.39,48.21%,21.12,8544.4,5.26%,Zepto,Feb-24
Apr-24,Flipkart,North,BEC-TIS-001,BEC-TIS-001,191,18145,2881.97,1111.23,11,Tissues,95,42,MATCH,15263.03,47.44%,16.33,6129.8,5.76%,Flipkart,Apr-24
Feb-25,D2C,North,BEC-CMB-001,BEC-CMB-001,35,24465,2953.95,1111.6,5,Others,699,330,MATCH,21511.05,46.31%,22.01,8849.45,14.29%,D2C,Feb-25
May-25,Flipkart,South,BEC-KT-001,BEC-KT-001,96,15360,2521.08,1111.85,3,Kitchen Towel,160,78,MATCH,12838.92,41.68%,13.81,4239.07,3.13%,Flipkart,May-25
Apr-24,Swiggy Instamart,North,BEC-GB-001,BEC-GB-001,182,27118,5105.36,1112.74,4,Garbage Bags,149,70,MATCH,22012.64,42.12%,24.37,8159.9,2.20%,Swiggy Instamart,Apr-24
Apr-25,Swiggy Instamart,West,  BEC-BW-001,BEC-BW-001,134,29480,8300.46,1112.74,5,Bake & Wrap,220,118,MATCH,21179.54,25.34%,26.49,4254.8,3.73%,Swiggy Instamart,Apr-25
Nov-24,D2C,South,BEC-BW-001,BEC-BW-001,63,13860,1722.57,1113.1,9,Bake & Wrap,220,118,MATCH,12137.43,38.75%,12.45,3590.33,14.29%,D2C,Nov-24
Mar-25,Flipkart,North,BEC-OTH-001,BEC-OTH-001,86,12814,1518.73,1113.48,4,Others,149,72,MATCH,11295.27,45.18%,11.51,3989.79,4.65%,Flipkart,Mar-25
Jul-24,Blinkit,North,BEC-BW-002,BEC-BW-002,145,25375,4868.14,1114.28,3,Bake & Wrap,175,92,MATCH,20506.86,34.95%,22.77,6052.58,2.07%,Blinkit,Jul-24
Jul-24, Zepto,South,BEC-KT-001,BEC-KT-001,115,18400,2615.56,1114.72,3,Kitchen Towel,160,78,MATCH,15784.44,43.17%,16.51,5699.72,2.61%,Zepto,Jul-24
Mar-25,D2C,North,BEC-GB-001,BEC-GB-001,149,22201,860.01,1117.31,13,Garbage Bags,149,70,MATCH,21340.99,51.13%,19.87,9793.68,8.72%,D2C,Mar-25
May-25, Zepto,South,BEC-BW-001,BEC-BW-001,125,27500,7848.3,1120.87,4,Bake & Wrap,220,118,MATCH,19651.7,24.94%,24.53,3780.83,3.20%,Zepto,May-25
Jan-25,Flipkart,North,BEC-CMB-001,BEC-CMB-001,36,25164,6027.98,1121.59,1,Others,699,330,MATCH,19136.02,37.92%,22.44,6134.43,2.78%,Flipkart,Jan-25
Dec-24,D2C,North,BEC-OTH-001,BEC-OTH-001,58,8642,453.08,1121.68,9,Others,149,72,MATCH,8188.92,49.00%,7.70,2891.24,15.52%,D2C,Dec-24
Nov-24,Flipkart,West,BEC-BW-001,BEC-BW-001,80,17600,4059.62,1122.45,3,Bake & Wrap,220,118,MATCH,13540.38,30.28%,15.68,2977.93,3.75%,Flipkart,Nov-24
Jul-24,D2C,North,BEC-TIS-001,BEC-TIS-001,148,14060,1190.79,1122.71,16,Tissues,95,42,MATCH,12869.21,51.70%,12.52,5530.5,10.81%,D2C,Jul-24
Aug-24,Flipkart,West,BEC-TIS-001,BEC-TIS-001,173,16435,4697.71,1122.88,7,Tissues,95,42,MATCH,11737.29,38.09%,14.64,3348.41,4.05%,Flipkart,Aug-24
Dec-24,Flipkart,South,BEC-OTH-001,BEC-OTH-001,57,8493,497.16,1123.35,3,Others,149,72,MATCH,7995.84,48.67%,7.56,2768.49,5.26%,Flipkart,Dec-24
Aug-24,Swiggy Instamart,North,BEC-TIS-001,BEC-TIS-001,162,15390,4078.46,1124.26,3,Tissues,95,42,MATCH,11311.54,39.85%,13.69,3383.28,1.85%,Swiggy Instamart,Aug-24
Jun-25,Swiggy Instamart,North,BEC-CMB-001,BEC-CMB-001,32,22368,2205.4,1124.58,1,Others,699,330,MATCH,20162.6,47.63%,19.89,8478.02,3.13%,Swiggy Instamart,Jun-25
Feb-24,D2C,North,BEC-BW-002,BEC-BW-002,79,13825,1308.2,1124.61,7,Bake & Wrap,175,92,MATCH,12516.8,41.93%,12.29,4124.19,8.86%,D2C,Feb-24
Jun-24,D2C,West,BEC-TIS-001,BEC-TIS-001,152,14440,1316.26,1125.48,16,Tissues,95,42,MATCH,13123.74,51.36%,12.83,5614.26,10.53%,D2C,Jun-24
Feb-25,Swiggy Instamart,West,BEC-BW-002,BEC-BW-002,117,20475,1355.54,1126.88,3,Bake & Wrap,175,92,MATCH,19119.46,43.70%,18.17,7228.58,2.56%,Swiggy Instamart,Feb-25
Jan-24,Zepto,South,BEC-GB-002,BEC-GB-002,116,20764,2562.68,1127.06,3,Garbage Bags,179,86,MATCH,18201.32,45.19%,18.42,7098.26,2.59%,Zepto,Jan-24
Nov-24,Swiggy Instamart,West,BEC-CMB-001,BEC-CMB-001,28,19572,3923.22,1127.76,0,Others,699,330,MATCH,15648.78,40.95%,17.35,5281.02,0.00%,Swiggy Instamart,Nov-24
Apr-25,Swiggy Instamart,South,BEC-CMB-001,BEC-CMB-001,21,14679,1377.08,1128.47,0,Others,699,330,MATCH,13301.92,47.90%,13.01,5243.45,0.00%,Swiggy Instamart,Apr-25
Sep-24, Zepto,North,BEC-OTH-001,BEC-OTH-001,78,11622,1571.34,1128.92,4,Others,149,72,MATCH,10050.66,44.12%,10.29,3305.74,5.13%,Zepto,Sep-24
May-25,Flipkart,South,BEC-TIS-001,BEC-TIS-001,167,15865,1052.09,1129.37,9,Tissues,95,42,MATCH,14812.91,52.65%,14.05,6669.54,5.39%,Flipkart,May-25
Mar-25,D2C,South,BEC-GB-002,BEC-GB-002,115,20585,1610.06,1129.95,10,Garbage Bags,179,86,MATCH,18974.94,47.88%,18.22,7954.99,8.70%,D2C,Mar-25
Mar-25,Swiggy Instamart,South,BEC-BW-001,BEC-BW-001,59,12980,3228.71,1132.68,2,Bake & Wrap,220,118,MATCH,9751.29,28.60%,11.46,1656.61,3.39%,Swiggy Instamart,Mar-25
May-25,Swiggy Instamart,North,  BEC-OTH-001,BEC-OTH-001,63,9387,1647.67,1133.08,2,Others,149,72,MATCH,7739.33,41.39%,8.28,2070.25,3.17%,Swiggy Instamart,May-25
Mar-24,Zepto,South,BEC-OTH-001,BEC-OTH-001,64,9536,520.24,1133.39,1,Others,149,72,MATCH,9015.76,48.89%,8.41,3274.37,1.56%,Zepto,Mar-24
Feb-25,Flipkart,South,BEC-BW-002,BEC-BW-002,81,14175,2033.6,1134.65,1,Bake & Wrap,175,92,MATCH,12141.4,38.62%,12.49,3554.75,1.23%,Flipkart,Feb-25
Aug-24,D2C,South,BEC-GB-002,BEC-GB-002,113,20227,1805.23,1134.82,12,Garbage Bags,179,86,MATCH,18421.77,47.25%,17.82,7568.95,10.62%,D2C,Aug-24
Jul-24,Swiggy Instamart,West,BEC-BW-001,BEC-BW-001,83,18260,5226.8,1136.51,1,Bake & Wrap,220,118,MATCH,13033.2,24.85%,16.07,2102.69,1.20%,Swiggy Instamart,Jul-24
Jul-24,D2C,South,BEC-GB-001,BEC-GB-001,74,11026,863.58,1136.86,7,Garbage Bags,149,70,MATCH,10162.42,49.03%,9.70,3845.56,9.46%,D2C,Jul-24
Jun-24,D2C,South,  BEC-GB-001,BEC-GB-001,141,21009,1097.51,1137.34,19,Garbage Bags,149,70,MATCH,19911.49,50.43%,18.47,8904.15,13.48%,D2C,Jun-24
Feb-25,Amazon,North,BEC-OTH-001,BEC-OTH-001,145,21605,4754.84,1137.35,8,Others,149,72,MATCH,16850.16,38.04%,19.00,5272.81,5.52%,Amazon,Feb-25
Feb-25,Amazon,North,UNKNOWN,UNKNOWN,145,21605,4754.84,1137.35,8,NOT FOUND,Not Found,NOT FOUND,NOT FOUND,16850.16,0.00%,19.00,0,5.52%,Amazon,Feb-25
Oct-24,Zepto,South,BEC-TIS-001,BEC-TIS-001,147,13965,1775.32,1138.72,7,Tissues,95,42,MATCH,12189.68,49.35%,12.26,4876.96,4.76%,Zepto,Oct-24
Mar-25,Swiggy Instamart,South,BEC-TIS-001,BEC-TIS-001,190,18050,2145.56,1138.85,7,Tissues,95,42,MATCH,15904.44,49.83%,15.85,6785.59,3.68%,Swiggy Instamart,Mar-25
Sep-24,Zepto,West,BEC-KT-001,BEC-KT-001,158,25280,6178.23,1139.49,5,Kitchen Towel,160,78,MATCH,19101.77,35.48%,22.19,5638.28,3.16%,Zepto,Sep-24
Jul-24,Swiggy Instamart,North,BEC-CMB-001,BEC-CMB-001,18,12582,2993.96,1139.67,0,Others,699,330,MATCH,9588.04,38.05%,11.04,2508.37,0.00%,Swiggy Instamart,Jul-24
Jul-24,Blinkit,South,BEC-TIS-001,BEC-TIS-001,227,21565,4823.43,1139.73,8,Tissues,95,42,MATCH,16741.57,43.05%,18.92,6067.84,3.52%,Blinkit,Jul-24
Dec-24, Zepto,West,BEC-OTH-001,BEC-OTH-001,136,20264,3537.02,1139.81,2,Others,149,72,MATCH,16726.98,41.46%,17.78,5795.17,1.47%,Zepto,Dec-24
Mar-24,D2C,North,BEC-GB-001,BEC-GB-001,117,17433,2560.4,1139.85,16,Garbage Bags,149,70,MATCH,14872.6,44.93%,15.29,5542.75,13.68%,D2C,Mar-24
Aug-24,Flipkart,North,BEC-BW-002,BEC-BW-002,72,12600,3331.38,1140.07,3,Bake & Wrap,175,92,MATCH,9268.62,28.53%,11.05,1504.55,4.17%,Flipkart,Aug-24
Mar-25,Flipkart,West,BEC-OTH-001,BEC-OTH-001,101,15049,2617.15,1140.71,6,Others,149,72,MATCH,12431.85,41.51%,13.19,4019.14,5.94%,Flipkart,Mar-25
Feb-25,Flipkart,North,BEC-OTH-001,BEC-OTH-001,84,12516,3663.31,1142.31,2,Others,149,72,MATCH,8852.69,31.68%,10.96,1662.38,2.38%,Flipkart,Feb-25
Apr-24,D2C,South,BEC-CMB-001,BEC-CMB-001,18,12582,1146.13,1143.94,2,Others,699,330,MATCH,11435.87,48.06%,11.00,4351.93,11.11%,D2C,Apr-24
Oct-24,Swiggy Instamart,North,BEC-GB-002,BEC-GB-002,92,16468,3009.79,1144.19,3,Garbage Bags,179,86,MATCH,13458.21,41.21%,14.39,4402.02,3.26%,Swiggy Instamart,Oct-24
Feb-24,Amazon ,North,BEC-OTH-001,BEC-OTH-001,117,17433,2283.37,1146.84,2,Others,149,72,MATCH,15149.63,44.39%,15.20,5578.79,1.71%,Amazon,Feb-24
Aug-24,Swiggy Instamart,North,BEC-CMB-001,BEC-CMB-001,20,13980,2769.85,1148.38,0,Others,699,330,MATCH,11210.15,41.12%,12.17,3461.77,0.00%,Swiggy Instamart,Aug-24
Nov-24,Zepto,North,BEC-BW-002,BEC-BW-002,118,20650,1663.65,1148.66,4,Bake & Wrap,175,92,MATCH,18986.35,42.82%,17.98,6981.69,3.39%,Zepto,Nov-24
Mar-24,D2C,North,BEC-OTH-001,BEC-OTH-001,61,9089,385.43,1150.51,7,Others,149,72,MATCH,8703.57,49.54%,7.90,3161.06,11.48%,D2C,Mar-24
Sep-24,Flipkart,South,BEC-TIS-001,BEC-TIS-001,120,11400,1445.71,1152.14,5,Tissues,95,42,MATCH,9954.29,49.37%,9.89,3762.15,4.17%,Flipkart,Sep-24
Feb-25,Swiggy Instamart,South,BEC-CMB-001,BEC-CMB-001,29,20271,4021.79,1152.55,0,Others,699,330,MATCH,16249.21,41.10%,17.59,5526.66,0.00%,Swiggy Instamart,Feb-25
May-24,Zepto,North,BEC-BW-001,BEC-BW-001,82,18040,1172.65,1153.11,2,Bake & Wrap,220,118,MATCH,16867.35,42.63%,15.64,6038.24,2.44%,Zepto,May-24
Feb-25,Swiggy Instamart,South,BEC-OTH-001,BEC-OTH-001,65,9685,1537.98,1154.47,2,Others,149,72,MATCH,8147.02,42.56%,8.39,2312.55,3.08%,Swiggy Instamart,Feb-25
Jul-24,D2C,West,BEC-BW-001,BEC-BW-001,64,14080,1422.8,1154.55,8,Bake & Wrap,220,118,MATCH,12657.2,40.33%,12.20,3950.65,12.50%,D2C,Jul-24
Jun-24,Swiggy Instamart,West,BEC-TIS-001,BEC-TIS-001,144,13680,2699.78,1154.8,3,Tissues,95,42,MATCH,10980.22,44.92%,11.85,3777.42,2.08%,Swiggy Instamart,Jun-24
Aug-24,Flipkart,North,BEC-BW-001,BEC-BW-001,76,16720,4796.35,1156.29,3,Bake & Wrap,220,118,MATCH,11923.65,24.79%,14.46,1799.36,3.95%,Flipkart,Aug-24
Feb-25,Swiggy Instamart,North,BEC-CMB-001,BEC-CMB-001,34,23766,4290.41,1156.57,0,Others,699,330,MATCH,19475.59,42.39%,20.55,7099.02,0.00%,Swiggy Instamart,Feb-25
Jun-24,D2C,West,BEC-KT-001,BEC-KT-001,153,24480,2145.94,1156.86,15,Kitchen Towel,160,78,MATCH,22334.06,46.57%,21.16,9243.2,9.80%,D2C,Jun-24
Mar-24,Swiggy Instamart,South,BEC-TIS-002,BEC-TIS-002,105,18900,5495.55,1157.65,5,Tissues,180,95,MATCH,13404.45,25.58%,16.33,2271.8,4.76%,Swiggy Instamart,Mar-24
Jul-24,Flipkart,West,BEC-BW-001,BEC-BW-001,109,23980,6759.45,1157.92,2,Bake & Wrap,220,118,MATCH,17220.55,25.31%,20.71,3200.63,1.83%,Flipkart,Jul-24
Aug-24,Swiggy Instamart,South,BEC-BW-001,BEC-BW-001,58,12760,1263.9,1157.97,3,Bake & Wrap,220,118,MATCH,11496.1,40.47%,11.02,3494.13,5.17%,Swiggy Instamart,Aug-24
Jun-24,Blinkit,South,BEC-BW-001,BEC-BW-001,80,17600,1161.32,1159.59,2,Bake & Wrap,220,118,MATCH,16438.68,42.57%,15.18,5839.09,2.50%,Blinkit,Jun-24
Apr-24,Zepto,North,BEC-BW-002,BEC-BW-002,134,23450,2771.75,1159.78,4,Bake & Wrap,175,92,MATCH,20678.25,40.38%,20.22,7190.47,2.99%,Zepto,Apr-24
May-24,Zepto,West,BEC-BW-002,BEC-BW-002,113,19775,5671.91,1160.26,5,Bake & Wrap,175,92,MATCH,14103.09,26.29%,17.04,2546.83,4.42%,Zepto,May-24
Feb-25,Zepto,South,BEC-TIS-001,BEC-TIS-001,270,25650,4173.15,1160.47,6,Tissues,95,42,MATCH,21476.85,47.20%,22.10,8976.38,2.22%,Zepto,Feb-25
Jul-24,Blinkit,North,BEC-CMB-001,BEC-CMB-001,37,25863,3255.83,1160.77,0,Others,699,330,MATCH,22607.17,45.99%,22.28,9236.4,0.00%,Blinkit,Jul-24
Oct-24,Swiggy Instamart,North,BEC-TIS-001,BEC-TIS-001,106,10070,1053.09,1161.99,6,Tissues,95,42,MATCH,9016.91,50.63%,8.67,3402.92,5.66%,Swiggy Instamart,Oct-24
Jan-24,Flipkart,North,BEC-OTH-001,BEC-OTH-001,92,13708,3163.67,1162.93,3,Others,149,72,MATCH,10544.33,37.18%,11.79,2757.4,3.26%,Flipkart,Jan-24
Dec-24,D2C,South,BEC-TIS-001,BEC-TIS-001,125,11875,883.93,1163.1,16,Tissues,95,42,MATCH,10991.07,52.23%,10.21,4577.97,12.80%,D2C,Dec-24
Apr-25,Flipkart,North,BEC-BW-002,BEC-BW-002,140,24500,5655.18,1163.55,3,Bake & Wrap,175,92,MATCH,18844.82,31.65%,21.06,4801.27,2.14%,Flipkart,Apr-25
Jan-24,Swiggy Instamart,West,BEC-OTH-001,BEC-OTH-001,73,10877,2662.83,1163.62,3,Others,149,72,MATCH,8214.17,36.01%,9.35,1794.55,4.11%,Swiggy Instamart,Apr-24
Nov-24,D2C,South,BEC-TIS-001,BEC-TIS-001,118,11210,855.94,1164,15,Tissues,95,42,MATCH,10354.06,52.13%,9.63,4234.06,12.71%,D2C,Nov-24
Dec-24,Flipkart,South,BEC-BW-001,BEC-BW-001,63,13860,965.53,1164.76,3,Bake & Wrap,220,118,MATCH,12894.47,42.35%,11.90,4295.71,4.76%,Flipkart,Dec-24
Aug-24,Swiggy Instamart,South,BEC-KT-001,BEC-KT-001,65,10400,630.53,1165.35,2,Kitchen Towel,160,78,MATCH,9769.47,48.10%,8.92,3534.12,3.08%,Swiggy Instamart,Aug-24
Dec-24, Zepto,South,BEC-OTH-001,BEC-OTH-001,85,12665,2736.49,1165.42,4,Others,149,72,MATCH,9928.51,38.36%,10.87,2643.09,4.71%,Zepto,Dec-24
May-25,Swiggy Instamart,West,BEC-TIS-002,BEC-TIS-002,168,30240,8869.09,1165.87,8,Tissues,180,95,MATCH,21370.91,25.32%,25.94,4245.04,4.76%,Swiggy Instamart,May-25
May-24,Zepto,West,BEC-TIS-001,BEC-TIS-001,233,22135,3520.43,1165.89,10,Tissues,95,42,MATCH,18614.57,47.43%,18.99,7662.68,4.29%,Zepto,May-24
Dec-24,Swiggy Instamart,North,BEC-KT-001,BEC-KT-001,139,22240,4933.16,1166.07,5,Kitchen Towel,160,78,MATCH,17306.84,37.35%,19.07,5298.77,3.60%,Swiggy Instamart,Dec-24
Jun-25,Blinkit,West,BEC-OTH-001,BEC-OTH-001,107,15943,1879.15,1167.89,5,Others,149,72,MATCH,14063.85,45.22%,13.65,5191.96,4.67%,Blinkit,Jun-25
May-24,Zepto,South,BEC-BW-002,BEC-BW-002,106,18550,5232.73,1168.48,5,Bake & Wrap,175,92,MATCH,13317.27,26.77%,15.88,2396.79,4.72%,Zepto,May-24
Mar-24,D2C,West,BEC-BW-002,BEC-BW-002,143,25025,3179.18,1169.44,15,Bake & Wrap,175,92,MATCH,21845.82,39.78%,21.40,7520.38,10.49%,D2C,Mar-24
Mar-25,Swiggy Instamart,North,BEC-OTH-001,BEC-OTH-001,60,8940,652.1,1170.21,2,Others,149,72,MATCH,8287.9,47.88%,7.64,2797.69,3.33%,Swiggy Instamart,Mar-25
Jan-24,Zepto,West,BEC-OTH-001,BEC-OTH-001,152,22648,5750.61,1170.31,8,Others,149,72,MATCH,16897.39,35.23%,19.35,4783.08,5.26%,Zepto,Jan-24
Jul-24,Blinkit,South,BEC-OTH-001,BEC-OTH-001,92,13708,2982.9,1172.27,3,Others,149,72,MATCH,10725.1,38.24%,11.69,2928.83,3.26%,Blinkit,Jul-24
Feb-25,D2C,North,BEC-OTH-001,BEC-OTH-001,70,10430,983.85,1174.07,9,Others,149,72,MATCH,9446.15,46.64%,8.88,3232.08,12.86%,D2C,Feb-25
Jul-24,Swiggy Instamart,South,BEC-TIS-001,BEC-TIS-001,119,11305,1233.54,1174.78,3,Tissues,95,42,MATCH,10071.46,50.37%,9.62,3898.68,2.52%,Swiggy Instamart,Jul-24
May-25,Swiggy Instamart,South,BEC-KT-001,BEC-KT-001,83,13280,1265.23,1175.43,4,Kitchen Towel,160,78,MATCH,12014.77,46.12%,11.30,4365.34,4.82%,Swiggy Instamart,May-25
May-24,Swiggy Instamart,West,BEC-OTH-001,BEC-OTH-001,96,14304,3351.42,1175.48,3,Others,149,72,MATCH,10952.58,36.89%,12.17,2865.1,3.13%,Swiggy Instamart,May-24
Mar-24,Swiggy Instamart,West,BEC-KT-001,BEC-KT-001,184,29440,6622.28,1176.6,7,Kitchen Towel,160,78,MATCH,22817.72,37.10%,25.02,7289.12,3.80%,Swiggy Instamart,Mar-24
Jun-25,Flipkart,North,BEC-CMB-001,BEC-CMB-001,23,16077,4374.77,1178.52,0,Others,699,330,MATCH,11702.23,35.14%,13.64,2933.71,0.00%,Flipkart,Jun-25
May-25,Amazon,South,BEC-OTH-001,BEC-OTH-001,129,19221,3784.67,1179.2,6,Others,149,72,MATCH,15436.33,39.83%,16.30,4969.13,4.65%,Amazon,May-25
Aug-24,Flipkart,North,BEC-CMB-001,BEC-CMB-001,23,16077,3129.06,1179.34,0,Others,699,330,MATCH,12947.94,41.38%,13.63,4178.6,0.00%,Flipkart,Aug-24
Apr-25,Swiggy Instamart,North,BEC-OTH-001,BEC-OTH-001,79,11771,2950.76,1179.96,3,Others,149,72,MATCH,8820.24,35.51%,9.98,1952.28,3.80%,Swiggy Instamart,Apr-25
Feb-25,D2C,North,BEC-TIS-001,BEC-TIS-001,261,24795,2982.76,1181.62,33,Tissues,95,42,MATCH,21812.24,49.74%,20.98,9668.62,12.64%,D2C,Feb-25
May-25,D2C,West,BEC-OTH-001,BEC-OTH-001,120,17880,1082.17,1182.11,18,Others,149,72,MATCH,16797.83,48.56%,15.13,6975.72,15.00%,D2C,May-25
Jan-24,Zepto,South,BEC-KT-001,BEC-KT-001,140,22400,1709.24,1183.85,6,Kitchen Towel,160,78,MATCH,20690.76,47.22%,18.92,8586.91,4.29%,Zepto,Jan-24
Aug-24,Amazon ,South,BEC-KT-001,BEC-KT-001,179,28640,6201.17,1183.99,4,Kitchen Towel,160,78,MATCH,22438.83,37.78%,24.19,7292.84,2.23%,Amazon,Aug-24
Sep-24,Zepto,South,BEC-KT-001,BEC-KT-001,118,18880,5524.43,1184.11,3,Kitchen Towel,160,78,MATCH,13355.57,31.08%,15.94,2967.46,2.54%,Zepto,Sep-24
Jul-24,Flipkart,West,BEC-BW-002,BEC-BW-002,75,13125,3921.86,1185.42,3,Bake & Wrap,175,92,MATCH,9203.14,25.03%,11.07,1117.72,4.00%,Flipkart,Jul-24
Apr-24,Swiggy Instamart,South,BEC-TIS-001,BEC-TIS-001,107,10165,1769.32,1185.7,6,Tissues,95,42,MATCH,8395.68,46.47%,8.57,2715.98,5.61%,Swiggy Instamart,Apr-24
Apr-25, Zepto,South,BEC-BW-001,BEC-BW-001,108,23760,3969.74,1185.71,2,Bake & Wrap,220,118,MATCH,19790.26,35.60%,20.04,5860.55,1.85%,Zepto,Apr-25
Jun-25,Zepto,North,BEC-TIS-001,BEC-TIS-001,294,27930,6515.63,1189.27,9,Tissues,95,42,MATCH,21414.37,42.34%,23.48,7877.1,3.06%,Zepto,Jun-25
Mar-24,Flipkart,South,BEC-CMB-001,BEC-CMB-001,25,17475,3153.57,1191.32,0,Others,699,330,MATCH,14321.43,42.39%,14.67,4880.11,0.00%,Flipkart,Mar-24
Dec-24, Zepto,North,BEC-BW-001,BEC-BW-001,88,19360,4101.99,1191.7,5,Bake & Wrap,220,118,MATCH,15258.01,31.94%,16.25,3682.31,5.68%,Zepto,Dec-24
Apr-24,Swiggy Instamart,West,BEC-CMB-001,BEC-CMB-001,38,26562,7272.26,1191.7,1,Others,699,330,MATCH,19289.74,34.99%,22.29,5558.04,2.63%,Swiggy Instamart,Apr-24
Dec-24,Amazon,North,BEC-TIS-001,BEC-TIS-001,282,26790,3270.17,1192.46,13,Tissues,95,42,MATCH,23519.83,49.64%,22.47,10483.37,4.61%,Amazon,Dec-24
Jun-25,Swiggy Instamart,South,BEC-GB-002,BEC-GB-002,147,26313,3147.05,1192.58,5,Garbage Bags,179,86,MATCH,23165.95,45.43%,22.06,9331.37,3.40%,Swiggy Instamart,Jun-25
Mar-24,Blinkit,North,BEC-GB-001,BEC-GB-001,180,26820,7063.66,1192.77,5,Garbage Bags,149,70,MATCH,19756.34,36.22%,22.49,5963.57,2.78%,Blinkit,Mar-24
Jun-25, Zepto,West,BEC-OTH-001,BEC-OTH-001,121,18029,1828.77,1193.07,4,Others,149,72,MATCH,16200.23,46.22%,15.11,6295.16,3.31%,Zepto,Jun-25
Apr-24,Swiggy Instamart,North,BEC-CMB-001,BEC-CMB-001,18,12582,2999.39,1193.17,0,Others,699,330,MATCH,9582.61,38.01%,10.55,2449.44,0.00%,Swiggy Instamart,Apr-24
Dec-24, Zepto,South,BEC-GB-001,BEC-GB-001,194,28906,6227.75,1194.44,11,Garbage Bags,149,70,MATCH,22678.25,40.12%,24.20,7903.81,5.67%,Zepto,Dec-24
Feb-24,D2C,South,BEC-BW-001,BEC-BW-001,50,11000,1118.93,1194.85,6,Bake & Wrap,220,118,MATCH,9881.07,40.29%,9.21,2786.22,12.00%,D2C,Feb-24
Oct-24,D2C,North,BEC-GB-002,BEC-GB-002,115,20585,2378.58,1195.25,16,Garbage Bags,179,86,MATCH,18206.42,45.68%,17.22,7121.17,13.91%,D2C,Oct-24
Oct-24,Blinkit,South,BEC-CMB-001,BEC-CMB-001,27,18873,5612.46,1196.17,1,Others,699,330,MATCH,13260.54,32.81%,15.78,3154.37,3.70%,Blinkit,Oct-24
Sep-24, Zepto,North,BEC-BW-001,BEC-BW-001,86,18920,3991.79,1196.76,2,Bake & Wrap,220,118,MATCH,14928.21,32.02%,15.81,3583.45,2.33%,Zepto,Sep-24
Dec-24, Zepto,South,BEC-BW-002,BEC-BW-002,86,15050,4090.16,1197.09,4,Bake & Wrap,175,92,MATCH,10959.84,27.81%,12.57,1850.75,4.65%,Zepto,Dec-24
Apr-24,Flipkart,West,BEC-BW-001,BEC-BW-001,101,22220,4818.71,1197.34,3,Bake & Wrap,220,118,MATCH,17401.29,31.51%,18.56,4285.95,2.97%,Flipkart,Apr-24
Dec-24,Flipkart,North,BEC-TIS-001,BEC-TIS-001,183,17385,2183.08,1198.31,5,Tissues,95,42,MATCH,15201.92,49.44%,14.51,6317.61,2.73%,Flipkart,Dec-24
Jun-24,D2C,South,BEC-TIS-001,BEC-TIS-001,141,13395,1610.5,1198.74,13,Tissues,95,42,MATCH,11784.5,49.75%,11.17,4663.76,9.22%,D2C,Jun-24
Jul-24,Blinkit,South,BEC-BW-002,BEC-BW-002,116,20300,4885.31,1199.19,3,Bake & Wrap,175,92,MATCH,15414.69,30.77%,16.93,3543.5,2.59%,Blinkit,Jul-24
Sep-24,Zepto,South,BEC-CMB-001,BEC-CMB-001,19,13281,1004.84,1199.31,0,Others,699,330,MATCH,12276.16,48.93%,11.07,4806.85,0.00%,Zepto,Sep-24
Aug-24,D2C,West,BEC-BW-001,BEC-BW-001,79,17380,525.71,1199.66,11,Bake & Wrap,220,118,MATCH,16854.29,44.69%,14.49,6332.63,13.92%,D2C,Aug-24
Jul-24,Swiggy Instamart,North,BEC-TIS-001,BEC-TIS-001,111,10545,1947.53,1200.23,5,Tissues,95,42,MATCH,8597.47,45.77%,8.79,2735.24,4.50%,Swiggy Instamart,Jul-24
Feb-25,Swiggy Instamart,West,BEC-GB-002,BEC-GB-002,177,31683,8888.26,1200.32,9,Garbage Bags,179,86,MATCH,22794.74,33.22%,26.40,6372.42,5.08%,Swiggy Instamart,Feb-25
Jun-24,Flipkart,South,BEC-TIS-001,BEC-TIS-001,113,10735,2474.81,1201.47,5,Tissues,95,42,MATCH,8260.19,42.54%,8.93,2312.72,4.42%,Flipkart,Jun-24
Jul-24,Flipkart,West,BEC-TIS-001,BEC-TIS-001,202,19190,5289.53,1201.76,9,Tissues,95,42,MATCH,13900.47,38.97%,15.97,4214.71,4.46%,Flipkart,Jul-24
Sep-24,Flipkart,South,BEC-GB-001,BEC-GB-001,114,16986,2664.53,1202.66,4,Garbage Bags,149,70,MATCH,14321.47,44.28%,14.12,5138.81,3.51%,Flipkart,Sep-24
Jun-24, Zepto,South,BEC-TIS-001,BEC-TIS-001,194,18430,4103.65,1203.27,4,Tissues,95,42,MATCH,14326.35,43.13%,15.32,4975.08,2.06%,Zepto,Jun-24
Apr-24,Blinkit,West,BEC-TIS-001,BEC-TIS-001,290,27550,6574.14,1204.41,14,Tissues,95,42,MATCH,20975.86,41.93%,22.87,7591.45,4.83%,Blinkit,Apr-24
Jun-24,D2C,South,BEC-TIS-002,BEC-TIS-002,96,17280,2009,1204.48,14,Tissues,180,95,MATCH,15271,40.28%,14.35,4946.52,14.58%,D2C,Jun-24
May-24,D2C,South,BEC-BW-002,BEC-BW-002,60,10500,417.5,1204.54,5,Bake & Wrap,175,92,MATCH,10082.5,45.25%,8.72,3357.96,8.33%,D2C,May-24
Aug-24,Swiggy Instamart,South,BEC-GB-002,BEC-GB-002,107,19153,2692.55,1205.39,4,Garbage Bags,179,86,MATCH,16460.45,44.10%,15.89,6053.06,3.74%,Swiggy Instamart,Aug-24
May-24,Amazon,South,BEC-BW-001,BEC-BW-001,116,25520,5943.96,1207.39,5,Bake & Wrap,220,118,MATCH,19576.04,30.08%,21.14,4680.65,4.31%,Amazon,May-24
Jun-24, Zepto,North,BEC-GB-001,BEC-GB-001,204,"30,396",6584.07,1208.05,7,Garbage Bags,149,70,MATCH,23811.93,40.03%,25.16,8323.88,3.43%,Zepto,Jun-24
Jul-24, Zepto,West,BEC-CMB-001,BEC-CMB-001,36,25164,3784.94,1208.34,1,Others,699,330,MATCH,21379.06,44.43%,20.83,8290.72,2.78%,Zepto,Jul-24
Jun-25,Swiggy Instamart,North,BEC-TIS-001,BEC-TIS-001,182,17290,4962.24,1208.71,6,Tissues,95,42,MATCH,12327.76,37.99%,14.30,3475.05,3.30%,Swiggy Instamart,Jun-25
Nov-24,Flipkart,South,BEC-GB-001,BEC-GB-001,101,15049,1042.27,1210.38,5,Garbage Bags,149,70,MATCH,14006.73,49.52%,12.43,5726.35,4.95%,Flipkart,Nov-24
Jan-24,Flipkart,North,BEC-TIS-002,BEC-TIS-002,155,27900,7409.12,1210.78,8,Tissues,180,95,MATCH,20490.88,28.14%,23.04,4555.1,5.16%,Flipkart,Jan-24
Mar-25,Swiggy Instamart,West,BEC-BW-002,BEC-BW-002,139,24325,4053.79,1212.57,5,Bake & Wrap,175,92,MATCH,20271.21,36.92%,20.06,6270.64,3.60%,Swiggy Instamart,Mar-25
Jul-24,Flipkart,South,BEC-BW-001,BEC-BW-001,61,13420,2885.82,1213.16,2,Bake & Wrap,220,118,MATCH,10534.18,31.67%,11.06,2123.02,3.28%,Flipkart,Jul-24
Sep-24, Zepto,North,BEC-BW-002,BEC-BW-002,112,19600,1285.64,1214.22,5,Bake & Wrap,175,92,MATCH,18314.36,43.74%,16.14,6796.14,4.46%,Zepto,Sep-24
Jan-25, Zepto,South,BEC-OTH-001,BEC-OTH-001,80,11920,2349.67,1214.72,1,Others,149,72,MATCH,9570.33,39.81%,9.81,2595.61,1.25%,Zepto,Jan-25
Jan-25,D2C,North,BEC-OTH-001,BEC-OTH-001,63,9387,660.79,1214.82,6,Others,149,72,MATCH,8726.21,48.02%,7.73,2975.39,9.52%,D2C,Jan-25
Apr-24,Flipkart,North,BEC-GB-001,BEC-GB-001,179,26671,5363.33,1215.56,5,Garbage Bags,149,70,MATCH,21307.67,41.19%,21.94,7562.11,2.79%,Flipkart,Apr-24
Feb-25,Blinkit,North,BEC-CMB-001,BEC-CMB-001,44,30756,8571.23,1216.27,1,Others,699,330,MATCH,22184.77,34.55%,25.29,6448.5,2.27%,Blinkit,Feb-25
Feb-24,Swiggy Instamart,South,BEC-GB-002,BEC-GB-002,139,24881,6660.48,1217.14,6,Garbage Bags,179,86,MATCH,18220.52,34.39%,20.44,5049.38,4.32%,Swiggy Instamart,Feb-24
Jul-24,Zepto,West,BEC-OTH-001,BEC-OTH-001,102,15198,3572.57,1217.29,5,Others,149,72,MATCH,11625.43,36.83%,12.49,3064.14,4.90%,Zepto,Jul-24
Oct-24,Swiggy Instamart,South,BEC-GB-001,BEC-GB-001,100,14900,2145.3,1217.83,3,Garbage Bags,149,70,MATCH,12754.7,45.12%,12.23,4536.87,3.00%,Swiggy Instamart,Oct-24
Oct-24,Blinkit,North,BEC-BW-002,BEC-BW-002,84,14700,1935.08,1218.58,2,Bake & Wrap,175,92,MATCH,12764.92,39.46%,12.06,3818.34,2.38%,Blinkit,Oct-24
Jan-24,Swiggy Instamart,North,BEC-BW-001,BEC-BW-001,76,16720,1998.87,1218.65,2,Bake & Wrap,220,118,MATCH,14721.13,39.08%,13.72,4534.48,2.63%,Swiggy Instamart,Jan-24
May-25,Flipkart,West,BEC-OTH-001,BEC-OTH-001,89,13261,2070.14,1219.75,4,Others,149,72,MATCH,11190.86,42.74%,10.87,3563.11,4.49%,Flipkart,May-25
May-24,Swiggy Instamart,South,BEC-TIS-001,BEC-TIS-001,108,10260,2021.13,1219.89,3,Tissues,95,42,MATCH,8238.87,44.94%,8.41,2482.98,2.78%,Swiggy Instamart,May-24
Sep-24,D2C,South,BEC-CMB-001,BEC-CMB-001,18,12582,1880.21,1220.02,2,Others,699,330,MATCH,10701.79,44.50%,10.31,3541.77,11.11%,D2C,Sep-24
Oct-24,Swiggy Instamart,North,BEC-BW-001,BEC-BW-001,58,12760,2987.82,1220.82,2,Bake & Wrap,220,118,MATCH,9772.18,29.96%,10.45,1707.36,3.45%,Swiggy Instamart,Oct-24
Sep-24,Blinkit,South,  BEC-TIS-001,BEC-TIS-001,175,16625,4273.78,1221.06,5,Tissues,95,42,MATCH,12351.22,40.49%,13.62,3780.16,2.86%,Blinkit,Sep-24
Feb-25,Amazon,South,BEC-OTH-001,BEC-OTH-001,100,14900,1498.96,1222.54,3,Others,149,72,MATCH,13401.04,46.27%,12.19,4978.5,3.00%,Amazon,Feb-25
Mar-24, Zepto,North,BEC-BW-002,BEC-BW-002,110,19250,5092.23,1223.06,6,Bake & Wrap,175,92,MATCH,14157.77,28.52%,15.74,2814.71,5.45%,Zepto,Mar-24
Jun-25,Blinkit,North,BEC-CMB-001,BEC-CMB-001,34,"23,766",3102.35,1224.36,1,Others,699,330,MATCH,20663.65,45.70%,19.41,8219.29,2.94%,Blinkit,Jun-25
Apr-25,Blinkit,West,BEC-OTH-001,BEC-OTH-001,169,25181,3334.54,1225.38,4,Others,149,72,MATCH,21846.46,44.30%,20.55,8453.08,2.37%,Blinkit,Apr-25
Jan-24,Blinkit,South,BEC-GB-001,BEC-GB-001,169,25181,6853.72,1227.63,8,Garbage Bags,149,70,MATCH,18327.28,35.45%,20.51,5269.65,4.73%,Blinkit,Dec-24
Aug-24,Flipkart,South,BEC-GB-001,BEC-GB-001,88,13112,3322.09,1229.45,3,Garbage Bags,149,70,MATCH,9789.91,37.08%,10.66,2400.46,3.41%,Flipkart,Aug-24
Jun-24,Swiggy Instamart,West,BEC-BW-002,BEC-BW-002,88,15400,2886.37,1231.14,4,Bake & Wrap,175,92,MATCH,12513.63,35.30%,12.51,3186.49,4.55%,Swiggy Instamart,Jun-24
Jun-24,Flipkart,North,BEC-OTH-001,BEC-OTH-001,77,11473,3117.06,1231.88,4,Others,149,72,MATCH,8355.94,33.65%,9.31,1580.06,5.19%,Flipkart,Jun-24
Sep-24,Swiggy Instamart,West,BEC-BW-001,BEC-BW-001,68,14960,3722.07,1232.69,3,Bake & Wrap,220,118,MATCH,11237.93,28.60%,12.14,1981.24,4.41%,Swiggy Instamart,Sep-24
May-24,Zepto,West,BEC-OTH-001,BEC-OTH-001,148,22052,3794.92,1233.7,4,Others,149,72,MATCH,18257.08,41.63%,17.87,6367.38,2.70%,Zepto,May-24
Jan-24,Swiggy Instamart,West,BEC-TIS-001,BEC-TIS-001,171,16245,3061.32,1234.06,8,Tissues,95,42,MATCH,13183.68,45.52%,13.16,4767.62,4.68%,Swiggy Instamart,Jan-24
Aug-24,D2C,South,BEC-GB-001,BEC-GB-001,83,12367,1549.07,1234.07,9,Garbage Bags,149,70,MATCH,10817.93,46.29%,10.02,3773.86,10.84%,D2C,Aug-24
Jan-24,Swiggy Instamart,South,BEC-KT-001,BEC-KT-001,116,18560,1540.59,1237.75,5,Kitchen Towel,160,78,MATCH,17019.41,46.84%,14.99,6733.66,4.31%,Swiggy Instamart,Jan-24
Aug-24,Blinkit,North,BEC-GB-002,BEC-GB-002,150,26850,5580.32,1239.61,3,Garbage Bags,179,86,MATCH,21269.68,39.35%,21.66,7130.07,2.00%,Blinkit,Aug-24
Aug-24,Swiggy Instamart,North,BEC-TIS-002,BEC-TIS-002,117,21060,5201.03,1240.32,4,Tissues,180,95,MATCH,15858.97,29.91%,16.98,3503.65,3.42%,Swiggy Instamart,Aug-24
Jan-24,Zepto,South,BEC-BW-001,BEC-BW-001,81,17820,4749.6,1240.53,2,Bake & Wrap,220,118,MATCH,13070.4,26.87%,14.36,2271.87,2.47%,Zepto,Jan-24
Jan-24,Swiggy Instamart,South,BEC-BW-001,BEC-BW-001,60,13200,2332.93,1240.55,3,Bake & Wrap,220,118,MATCH,10867.07,34.85%,10.64,2546.52,5.00%,Swiggy Instamart,Jan-24
Jan-24,D2C,South,  BEC-GB-001,BEC-GB-001,148,22052,1704.21,1241.07,20,Garbage Bags,149,70,MATCH,20347.79,49.09%,17.77,8746.72,13.51%,D2C,Jan-24
Oct-24,Swiggy Instamart,West,BEC-BW-001,BEC-BW-001,66,14520,3428.59,1245.57,2,Bake & Wrap,220,118,MATCH,11091.41,29.78%,11.66,2057.84,3.03%,Swiggy Instamart,Oct-24
Mar-25,Swiggy Instamart,West,BEC-OTH-001,BEC-OTH-001,76,11324,2526.53,1245.84,2,Others,149,72,MATCH,8797.47,37.80%,9.09,2079.63,2.63%,Swiggy Instamart,Mar-25
Mar-24,D2C,South,BEC-CMB-001,BEC-CMB-001,22,15378,2087.5,1249.09,2,Others,699,330,MATCH,13290.5,45.37%,12.31,4781.41,9.09%,D2C,Mar-24
Sep-24,D2C,West,BEC-BW-002,BEC-BW-002,85,14875,1747.26,1252.2,12,Bake & Wrap,175,92,MATCH,13127.74,40.43%,11.88,4055.54,14.12%,D2C,Sep-24
Oct-24,Blinkit,South,BEC-BW-001,BEC-BW-001,104,22880,2173.76,1252.23,4,Bake & Wrap,220,118,MATCH,20706.24,40.73%,18.27,7182.01,3.85%,Blinkit,Oct-24
Mar-25,D2C,North,BEC-BW-001,BEC-BW-001,101,22220,1548.78,1253.09,10,Bake & Wrap,220,118,MATCH,20671.22,42.34%,17.73,7500.13,9.90%,D2C,Mar-25
Jan-24, Zepto,North,BEC-GB-002,BEC-GB-002,181,32399,9345.19,1253.17,9,Garbage Bags,179,86,MATCH,23053.81,32.48%,25.85,6234.64,4.97%,Zepto,Jan-24
Aug-24,Amazon,South,BEC-OTH-001,BEC-OTH-001,114,16986,3428.71,1255.49,3,Others,149,72,MATCH,13557.29,39.46%,13.53,4093.8,2.63%,Amazon,Aug-24
Dec-24,D2C,North,BEC-KT-001,BEC-KT-001,111,17760,859.59,1255.7,16,Kitchen Towel,160,78,MATCH,16900.41,48.77%,14.14,6986.71,14.41%,D2C,Dec-24
Oct-24,Flipkart,North,BEC-OTH-001,BEC-OTH-001,73,10877,2335.25,1257.36,3,Others,149,72,MATCH,8541.75,38.47%,8.65,2028.39,4.11%,Flipkart,Oct-24
Aug-24,Swiggy Instamart,West,BEC-OTH-001,BEC-OTH-001,74,11026,1523.13,1257.5,1,Others,149,72,MATCH,9502.87,43.93%,8.77,2917.37,1.35%,Swiggy Instamart,Aug-24
Jul-24,Swiggy Instamart,North,  BEC-BW-001,BEC-BW-001,53,11660,2496.65,1258.69,1,Bake & Wrap,220,118,MATCH,9163.35,31.75%,9.26,1650.66,1.89%,Swiggy Instamart,Jul-24
Nov-24,Blinkit,South,BEC-CMB-001,BEC-CMB-001,36,25164,7017.16,1258.95,1,Others,699,330,MATCH,18146.84,34.53%,19.99,5007.89,2.78%,Blinkit,Nov-24
May-24,Flipkart,South,BEC-CMB-001,BEC-CMB-001,18,12582,687,1260.16,1,Others,699,330,MATCH,11895,50.06%,9.98,4694.84,5.56%,Flipkart,May-24
Mar-25, Zepto,South,BEC-KT-001,BEC-KT-001,153,24480,5603.76,1260.19,4,Kitchen Towel,160,78,MATCH,18876.24,36.78%,19.43,5682.05,2.61%,Zepto,Mar-25
Nov-24,Zepto,North,BEC-OTH-001,BEC-OTH-001,92,13708,2369.82,1260.56,3,Others,149,72,MATCH,11338.18,41.58%,10.87,3453.62,3.26%,Zepto,Nov-24
Sep-24,Flipkart,South,BEC-KT-001,BEC-KT-001,68,10880,1558.55,1260.93,2,Kitchen Towel,160,78,MATCH,9321.45,43.10%,8.63,2756.52,2.94%,Flipkart,Sep-24
Jun-25,Swiggy Instamart,West,  BEC-BW-001,BEC-BW-001,94,20680,4914.27,1261.14,2,Bake & Wrap,220,118,MATCH,15765.73,29.64%,16.40,3412.59,2.13%,Swiggy Instamart,Jun-25
Aug-24,Blinkit,North,BEC-GB-001,BEC-GB-001,176,26224,4625.07,1261.87,7,Garbage Bags,149,70,MATCH,21598.93,42.96%,20.78,8017.06,3.98%,Blinkit,Aug-24
Mar-25,Flipkart,West,BEC-BW-002,BEC-BW-002,137,23975,4818.3,1262.99,3,Bake & Wrap,175,92,MATCH,19156.7,34.21%,18.98,5289.71,2.19%,Flipkart,Mar-25
Oct-24,D2C,West,BEC-OTH-001,BEC-OTH-001,89,13261,1370.68,1264.66,14,Others,149,72,MATCH,11890.32,46.11%,10.49,4217.66,15.73%,D2C,Oct-24
Mar-25,D2C,North,BEC-OTH-001,BEC-OTH-001,100,14900,1907.31,1265.85,12,Others,149,72,MATCH,12992.69,44.58%,11.77,4526.84,12.00%,D2C,Mar-25
Jan-25,Flipkart,North,BEC-TIS-001,BEC-TIS-001,220,20900,3509.34,1266.38,10,Tissues,95,42,MATCH,17390.66,46.87%,16.50,6884.28,4.55%,Flipkart,Jan-25
Jun-25,Swiggy Instamart,North,BEC-KT-001,BEC-KT-001,153,24480,6992.27,1266.72,7,Kitchen Towel,160,78,MATCH,17487.73,31.76%,19.33,4287.01,4.58%,Swiggy Instamart,Jun-25
Apr-25,Swiggy Instamart,South,  BEC-GB-002,BEC-GB-002,96,17184,4916.03,1269.03,2,Garbage Bags,179,86,MATCH,12267.97,32.70%,13.54,2742.94,2.08%,Swiggy Instamart,Apr-25
Dec-24,Flipkart,South,BEC-BW-002,BEC-BW-002,63,11025,1022.56,1270.7,1,Bake & Wrap,175,92,MATCH,10002.44,42.05%,8.68,2935.74,1.59%,Flipkart,Dec-24
Jun-25,Flipkart,North,  BEC-GB-001,BEC-GB-001,154,22946,3053.78,1270.76,3,Garbage Bags,149,70,MATCH,19892.22,45.81%,18.06,7841.46,1.95%,Flipkart,Jun-25
Mar-24,Zepto,South,BEC-KT-001,BEC-KT-001,192,"30,720",9010,1272.3,9,Kitchen Towel,160,78,MATCH,21710,31.02%,24.15,5461.7,4.69%,Zepto,Mar-24
Aug-24,Swiggy Instamart,West,BEC-TIS-001,BEC-TIS-001,131,12445,2461.74,1273.07,4,Tissues,95,42,MATCH,9983.26,44.89%,9.78,3208.19,3.05%,Swiggy Instamart,Aug-24
Feb-25,Flipkart,North,BEC-KT-001,BEC-KT-001,193,30880,8050.7,1273.93,10,Kitchen Towel,160,78,MATCH,22829.3,34.06%,24.24,6501.37,5.18%,Flipkart,Feb-25
Aug-24,Flipkart,West,BEC-BW-001,BEC-BW-001,67,14740,2931.42,1274.95,2,Bake & Wrap,220,118,MATCH,11808.58,33.05%,11.56,2627.63,2.99%,Flipkart,Aug-24
Aug-24,Blinkit,South,BEC-TIS-001,BEC-TIS-001,177,16815,4684.87,1276.07,7,Tissues,95,42,MATCH,12130.13,38.71%,13.18,3420.06,3.95%,Blinkit,Aug-24
Jan-24,Flipkart,South,BEC-CMB-001,BEC-CMB-001,21,14679,782.79,1276.48,0,Others,699,330,MATCH,13896.21,50.13%,11.50,5689.73,0.00%,Flipkart,Jan-24
Feb-24,D2C,North,BEC-GB-002,BEC-GB-002,126,22554,1894.2,1276.63,13,Garbage Bags,179,86,MATCH,20659.8,47.55%,17.67,8547.17,10.32%,D2C,Feb-24
Jun-24,D2C,South,BEC-BW-001,BEC-BW-001,56,12320,1506.58,1276.76,7,Bake & Wrap,220,118,MATCH,10813.42,38.89%,9.65,2928.66,12.50%,D2C,Jun-24
Jun-24,Flipkart,South,BEC-GB-001,BEC-GB-001,105,15645,4209.13,1278.85,5,Garbage Bags,149,70,MATCH,11435.87,35.73%,12.23,2807.02,4.76%,Flipkart,Jun-24
Feb-24,Swiggy Instamart,South,BEC-TIS-002,BEC-TIS-002,136,24480,3649.62,1279.51,3,Tissues,180,95,MATCH,20830.38,37.98%,19.13,6630.87,2.21%,Swiggy Instamart,Feb-24
Aug-24,D2C,South,BEC-BW-001,BEC-BW-001,58,12760,1024.68,1279.77,7,Bake & Wrap,220,118,MATCH,11735.32,41.68%,9.97,3611.55,12.07%,D2C,Aug-24
Mar-24,Flipkart,North,BEC-OTH-001,BEC-OTH-001,94,14006,3127.25,1279.83,4,Others,149,72,MATCH,10878.75,37.79%,10.94,2830.92,4.26%,Flipkart,Mar-24
Jan-24,Swiggy Instamart,West,BEC-GB-001,BEC-GB-001,124,18476,3651.19,1279.98,6,Garbage Bags,149,70,MATCH,14824.81,41.45%,14.43,4864.83,4.84%,Swiggy Instamart,Jan-24
Apr-24,Swiggy Instamart,South,BEC-GB-002,BEC-GB-002,92,16468,3482.12,1280.59,2,Garbage Bags,179,86,MATCH,12985.88,39.07%,12.86,3793.29,2.17%,Swiggy Instamart,Apr-24
Sep-24,Blinkit,South,BEC-BW-001,BEC-BW-001,96,21120,4134.07,1281.34,2,Bake & Wrap,220,118,MATCH,16985.93,33.31%,16.48,4376.59,2.08%,Blinkit,Sep-24
Apr-25,Flipkart,West,BEC-BW-002,BEC-BW-002,111,19425,4918.5,1281.47,2,Bake & Wrap,175,92,MATCH,14506.5,29.60%,15.16,3013.03,1.80%,Flipkart,Apr-25
Jun-24,Flipkart,North,BEC-BW-002,BEC-BW-002,105,18375,1005.37,1281.76,3,Bake & Wrap,175,92,MATCH,17369.63,44.39%,14.34,6427.87,2.86%,Flipkart,Jun-24
Mar-24,Zepto,North,BEC-TIS-001,BEC-TIS-001,312,29640,5461.68,1282.64,15,Tissues,95,42,MATCH,24178.32,45.80%,23.11,9791.68,4.81%,Zepto,Mar-24
Apr-25,Blinkit,North,BEC-BW-001,BEC-BW-001,141,31020,8923.48,1284.03,3,Bake & Wrap,220,118,MATCH,22096.52,24.70%,24.16,4174.49,2.13%,Blinkit,Apr-25
Apr-25,Blinkit,South,BEC-GB-001,BEC-GB-001,206,30694,5865.03,1285.32,11,Garbage Bags,149,70,MATCH,24828.97,41.92%,23.88,9123.65,5.34%,Blinkit,Apr-25
Dec-24,Swiggy Instamart,North,BEC-BW-002,BEC-BW-002,92,16100,2668.64,1285.9,2,Bake & Wrap,175,92,MATCH,13431.36,36.98%,12.52,3681.46,2.17%,Swiggy Instamart,Dec-24
Apr-24,D2C,South,BEC-BW-002,BEC-BW-002,57,9975,1344.67,1288.02,7,Bake & Wrap,175,92,MATCH,8630.33,39.24%,7.74,2098.31,12.28%,D2C,Apr-24
Oct-24,Blinkit,West,BEC-TIS-001,BEC-TIS-001,366,34770,9770.52,1288.44,16,Tissues,95,42,MATCH,24999.48,38.51%,26.99,8339.04,4.37%,Blinkit,Oct-24
Jul-24,D2C,North,  BEC-GB-001,BEC-GB-001,112,16688,567.1,1289.97,18,Garbage Bags,149,70,MATCH,16120.9,51.37%,12.94,6990.93,16.07%,D2C,Jul-24
Apr-24,Swiggy Instamart,South,BEC-GB-001,BEC-GB-001,89,13261,1269.61,1292.05,2,Garbage Bags,149,70,MATCH,11991.39,48.05%,10.26,4469.34,2.25%,Swiggy Instamart,Apr-24
Jul-24,Swiggy Instamart,West,BEC-TIS-001,BEC-TIS-001,199,18905,4873.23,1293.53,7,Tissues,95,42,MATCH,14031.77,40.44%,14.62,4380.24,3.52%,Swiggy Instamart,Jul-24
Mar-24,Amazon,South,BEC-BW-001,BEC-BW-001,115,25300,1933.9,1293.7,5,Bake & Wrap,220,118,MATCH,23366.1,41.92%,19.56,8502.4,4.35%,Amazon,Mar-24
Jan-24,D2C,North,BEC-BW-002,BEC-BW-002,93,16275,1045.11,1294.81,12,Bake & Wrap,175,92,MATCH,15229.89,43.82%,12.57,5379.08,12.90%,D2C,Jan-24
Feb-24,Flipkart,South,  BEC-BW-002,BEC-BW-002,92,16100,4608.43,1295.24,2,Bake & Wrap,175,92,MATCH,11491.57,26.35%,12.43,1732.33,2.17%,Flipkart,Feb-24
Dec-24,D2C,North,BEC-BW-001,BEC-BW-001,67,14740,1073.24,1296.21,9,Bake & Wrap,220,118,MATCH,13666.76,42.15%,11.37,4464.55,13.43%,D2C,Dec-24
Jun-24,Swiggy Instamart,South,BEC-GB-001,BEC-GB-001,106,15794,4371.76,1297.22,5,Garbage Bags,149,70,MATCH,11422.24,35.04%,12.18,2705.02,4.72%,Swiggy Instamart,Jun-24
Jan-24,Blinkit,South,BEC-KT-001,BEC-KT-001,143,22880,4066.71,1297.83,4,Kitchen Towel,160,78,MATCH,18813.29,40.71%,17.63,6361.46,2.80%,Blinkit,Jan-24
Sep-24,Swiggy Instamart,South,BEC-TIS-001,BEC-TIS-001,115,10925,2172.38,1298.13,2,Tissues,95,42,MATCH,8752.62,44.82%,8.42,2624.49,1.74%,Swiggy Instamart,Sep-24
May-24,D2C,North,  BEC-OTH-001,BEC-OTH-001,75,11175,438.23,1298.83,10,Others,149,72,MATCH,10736.77,49.71%,8.60,4037.94,13.33%,D2C,May-24
Jan-24,Flipkart,West,BEC-BW-001,BEC-BW-001,117,25740,6783.61,1299.77,4,Bake & Wrap,220,118,MATCH,18956.39,27.17%,19.80,3850.62,3.42%,Flipkart,Jan-24
Jun-24,D2C,West,BEC-GB-001,BEC-GB-001,150,22350,860.84,1300.92,22,Garbage Bags,149,70,MATCH,21489.16,51.14%,17.18,9688.24,14.67%,D2C,Jun-24
Apr-25,D2C,North,BEC-KT-001,BEC-KT-001,164,26240,3341.38,1302.31,27,Kitchen Towel,160,78,MATCH,22898.62,44.14%,20.15,8804.31,16.46%,D2C,Apr-25
Jun-25,Flipkart,West,BEC-CMB-001,BEC-CMB-001,47,32853,7366.4,1302.88,1,Others,699,330,MATCH,25486.6,39.14%,25.22,8673.72,2.13%,Flipkart,Jun-25
Feb-25,Zepto,West,BEC-OTH-001,BEC-OTH-001,109,16241,4790.4,1302.99,3,Others,149,72,MATCH,11450.6,31.46%,12.46,2299.61,2.75%,Zepto,Feb-25
Feb-25,Zepto,South,BEC-CMB-001,BEC-CMB-001,28,19572,4497.28,1303.4,1,Others,699,330,MATCH,15074.72,38.71%,15.02,4531.32,3.57%,Zepto,Feb-25
Jul-24,Flipkart,North,BEC-GB-001,BEC-GB-001,138,20562,5093.38,1303.44,8,Garbage Bags,149,70,MATCH,15468.62,37.55%,15.78,4505.18,5.80%,Flipkart,Jul-24
Jan-24,Swiggy Instamart,South,BEC-GB-002,BEC-GB-002,79,14141,2872.88,1303.5,2,Garbage Bags,179,86,MATCH,11268.12,39.71%,10.85,3170.62,2.53%,Swiggy Instamart,Jan-24
Sep-24,Blinkit,West,BEC-BW-001,BEC-BW-001,110,24200,7193.58,1303.56,4,Bake & Wrap,220,118,MATCH,17006.42,23.68%,18.56,2722.86,3.64%,Blinkit,Sep-24
Dec-24,Zepto,South,BEC-BW-001,BEC-BW-001,75,16500,2203.51,1303.99,3,Bake & Wrap,220,118,MATCH,14296.49,38.10%,12.65,4142.5,4.00%,Zepto,Dec-24
Jun-25,Flipkart,South,BEC-KT-001,BEC-KT-001,114,18240,3365.1,1304.96,4,Kitchen Towel,160,78,MATCH,14874.9,40.22%,13.98,4677.94,3.51%,Flipkart,Jun-25
May-24,Flipkart,West,BEC-OTH-001,BEC-OTH-001,106,15794,4391.12,1305.01,4,Others,149,72,MATCH,11402.88,33.07%,12.10,2465.87,3.77%,Flipkart,May-24
Jan-24,Swiggy Instamart,North,BEC-TIS-002,BEC-TIS-002,107,19260,5711.25,1307.82,4,Tissues,180,95,MATCH,13548.75,24.97%,14.73,2075.93,3.74%,Swiggy Instamart,Jan-24
Feb-24,Swiggy Instamart,North,BEC-KT-001,BEC-KT-001,116,18560,3485.26,1310.41,6,Kitchen Towel,160,78,MATCH,15074.74,39.98%,14.16,4716.33,5.17%,Swiggy Instamart,Feb-24
May-24,D2C,North,BEC-CMB-001,BEC-CMB-001,29,20271,2514.45,1310.59,3,Others,699,330,MATCH,17756.55,46.10%,15.47,6875.96,10.34%,D2C,May-24
Jul-24,Swiggy Instamart,North,BEC-GB-001,BEC-GB-001,116,17284,4071.19,1313.36,5,Garbage Bags,149,70,MATCH,13212.81,38.54%,13.16,3779.45,4.31%,Swiggy Instamart,Jul-24
Jun-25,Blinkit,South,BEC-OTH-001,BEC-OTH-001,93,13857,2470.46,1315.13,3,Others,149,72,MATCH,11386.54,41.19%,10.54,3375.41,3.23%,Blinkit,Jun-25
Oct-24,Zepto,South,BEC-CMB-001,BEC-CMB-001,28,19572,1982.24,1315.72,1,Others,699,330,MATCH,17589.76,47.47%,14.88,7034.04,3.57%,Zepto,Oct-24
Jul-24,Flipkart,West,BEC-TIS-002,BEC-TIS-002,185,33300,9414.38,1315.86,6,Tissues,180,95,MATCH,23885.62,26.42%,25.31,4994.76,3.24%,Flipkart,Jul-24
Oct-24,Blinkit,West,BEC-BW-001,BEC-BW-001,112,24640,3970.17,1316.25,6,Bake & Wrap,220,118,MATCH,20669.83,36.06%,18.72,6137.58,5.36%,Blinkit,Oct-24
Nov-24,D2C,South,BEC-TIS-002,BEC-TIS-002,141,25380,1659.39,1316.76,20,Tissues,180,95,MATCH,23720.61,43.53%,19.27,9008.85,14.18%,D2C,Nov-24
Apr-25, Zepto,North,BEC-BW-002,BEC-BW-002,129,"22,575",4824.25,1316.89,7,Bake & Wrap,175,92,MATCH,17750.75,33.14%,17.14,4565.86,5.43%,Zepto,Apr-25
May-25,Flipkart,West,BEC-BW-002,BEC-BW-002,134,23450,6237.21,1317.63,3,Bake & Wrap,175,92,MATCH,17212.79,28.38%,17.80,3567.16,2.24%,Flipkart,May-25
Jan-24,Swiggy Instamart,South,BEC-TIS-001,BEC-TIS-001,156,14820,1839.1,1319,5,Tissues,95,42,MATCH,12980.9,49.53%,11.24,5109.9,3.21%,Swiggy Instamart,Jan-24
Nov-24,Flipkart,North,BEC-TIS-001,BEC-TIS-001,134,12730,1224.62,1319.05,5,Tissues,95,42,MATCH,11505.38,51.08%,9.65,4558.33,3.73%,Flipkart,Nov-24
Aug-24,D2C,North,BEC-TIS-001,BEC-TIS-001,128,12160,1074.78,1320.19,17,Tissues,95,42,MATCH,11085.22,51.50%,9.21,4389.03,13.28%,D2C,Aug-24
Oct-24,Amazon ,South,BEC-BW-002,BEC-BW-002,91,15925,3121.68,1320.74,4,Bake & Wrap,175,92,MATCH,12803.32,34.61%,12.06,3110.58,4.40%,Amazon,Oct-24
May-24,Amazon,West,BEC-OTH-001,BEC-OTH-001,201,29949,8544.63,1321.45,10,Others,149,72,MATCH,21404.37,32.39%,22.66,5610.92,4.98%,Amazon,May-24
Jun-24, Zepto,North,BEC-BW-001,BEC-BW-001,113,24860,3799.27,1321.79,4,Bake & Wrap,220,118,MATCH,21060.73,36.69%,18.81,6404.94,3.54%,Zepto,Jun-24
Aug-24, Zepto,South,BEC-GB-002,BEC-GB-002,115,20585,5005.27,1322.93,5,Garbage Bags,179,86,MATCH,15579.73,36.52%,15.56,4366.8,4.35%,Zepto,Aug-24
Jul-24,D2C,South,BEC-BW-001,BEC-BW-001,66,14520,1099.94,1323.91,7,Bake & Wrap,220,118,MATCH,13420.06,41.97%,10.97,4308.15,10.61%,D2C,Jul-24
May-25,Flipkart,South,BEC-CMB-001,BEC-CMB-001,22,15378,1168.97,1324.59,0,Others,699,330,MATCH,14209.03,48.91%,11.61,5624.44,0.00%,Flipkart,May-25
Sep-24,Swiggy Instamart,North,BEC-BW-002,BEC-BW-002,74,12950,2728.09,1328.25,2,Bake & Wrap,175,92,MATCH,10221.91,33.40%,9.75,2085.66,2.70%,Swiggy Instamart,Sep-24
Dec-24,Zepto,South,BEC-KT-001,BEC-KT-001,143,22880,5264.26,1328.75,3,Kitchen Towel,160,78,MATCH,17615.74,36.68%,17.22,5132.99,2.10%,Zepto,Dec-24
May-24,Amazon ,West,BEC-BW-002,BEC-BW-002,193,33775,8218.63,1328.86,7,Bake & Wrap,175,92,MATCH,25556.37,30.52%,25.42,6471.51,3.63%,Amazon,May-24
Jan-25,Swiggy Instamart,South,BEC-BW-001,BEC-BW-001,61,13420,859.35,1329.52,2,Bake & Wrap,220,118,MATCH,12560.65,42.69%,10.09,4033.13,3.28%,Swiggy Instamart,Jan-25
May-24, Zepto,North,BEC-BW-002,BEC-BW-002,91,15925,4347.44,1330.03,3,Bake & Wrap,175,92,MATCH,11577.56,27.69%,11.97,1875.53,3.30%,Zepto,May-24
Nov-24,Blinkit,North,BEC-BW-002,BEC-BW-002,148,25900,4596.81,1331.1,6,Bake & Wrap,175,92,MATCH,21303.19,36.08%,19.46,6356.09,4.05%,Blinkit,Nov-24
Nov-24,Swiggy Instamart,North,  BEC-TIS-002,BEC-TIS-002,128,23040,2461.07,1331.78,4,Tissues,180,95,MATCH,20578.93,40.91%,17.30,7087.15,3.13%,Swiggy Instamart,Nov-24
Feb-25,Blinkit,North,BEC-TIS-001,BEC-TIS-001,336,31920,6465.09,1332.03,16,Tissues,95,42,MATCH,25454.91,44.56%,23.96,10010.88,4.76%,Blinkit,Feb-25
Jan-25,D2C,West,BEC-OTH-001,BEC-OTH-001,118,17582,2056.72,1333.73,11,Others,149,72,MATCH,15525.28,45.28%,13.18,5695.55,9.32%,D2C,Jan-25
Jul-24,Blinkit,South,BEC-CMB-001,BEC-CMB-001,38,26562,4280.89,1334.22,2,Others,699,330,MATCH,22281.11,43.72%,19.91,8406.89,5.26%,Blinkit,Jul-24
Jan-24,Amazon ,South,BEC-KT-001,BEC-KT-001,175,28000,3258.95,1335,8,Kitchen Towel,160,78,MATCH,24741.05,44.83%,20.97,9756.05,4.57%,Amazon,Jan-24
Apr-24,Swiggy Instamart,South,BEC-TIS-002,BEC-TIS-002,106,19080,5335.45,1335.74,4,Tissues,180,95,MATCH,13744.55,26.73%,14.28,2338.81,3.77%,Swiggy Instamart,Apr-24
Feb-25,D2C,South,BEC-BW-002,BEC-BW-002,83,14525,1839.46,1336.43,10,Bake & Wrap,175,92,MATCH,12685.54,39.81%,10.87,3713.11,12.05%,D2C,Feb-25
Jun-24,Zepto,South,BEC-GB-002,BEC-GB-002,135,24165,2322.46,1337.9,7,Garbage Bags,179,86,MATCH,21842.54,46.85%,18.06,8894.64,5.19%,Zepto,Jun-24
Oct-24,Amazon,South,BEC-TIS-001,BEC-TIS-001,251,23845,5820.95,1339.54,8,Tissues,95,42,MATCH,18024.05,41.51%,17.80,6142.51,3.19%,Amazon,Oct-24
Jan-24,Swiggy Instamart,North,BEC-GB-002,BEC-GB-002,111,19869,3506.91,1340.18,2,Garbage Bags,179,86,MATCH,16362.09,41.66%,14.83,5475.91,1.80%,Swiggy Instamart,Jan-24
Jan-25,Swiggy Instamart,North,BEC-KT-001,BEC-KT-001,124,19840,5335.26,1340.19,5,Kitchen Towel,160,78,MATCH,14504.74,33.32%,14.80,3492.55,4.03%,Swiggy Instamart,Jan-25
Jun-24,Zepto,North,BEC-BW-002,BEC-BW-002,103,18025,5185.49,1341.12,4,Bake & Wrap,175,92,MATCH,12839.51,26.20%,13.44,2022.39,3.88%,Zepto,Jun-24
Apr-25,Swiggy Instamart,South,BEC-BW-002,BEC-BW-002,79,13825,2767.7,1342.06,4,Bake & Wrap,175,92,MATCH,11057.3,34.27%,10.30,2447.24,5.06%,Swiggy Instamart,Apr-25
Jan-25,Zepto,South,BEC-GB-001,BEC-GB-001,195,29055,4305.22,1343,9,Garbage Bags,149,70,MATCH,24749.78,44.85%,21.63,9756.78,4.62%,Zepto,Jan-25
May-24,Amazon ,North,BEC-OTH-001,BEC-OTH-001,187,27863,6680.54,1343.35,9,Others,149,72,MATCH,21182.46,36.44%,20.74,6375.11,4.81%,Amazon,May-24
Feb-24,Swiggy Instamart,North,BEC-TIS-001,BEC-TIS-001,133,12635,2647.35,1344.06,7,Tissues,95,42,MATCH,9987.65,44.07%,9.40,3057.59,5.26%,Swiggy Instamart,Feb-24
Apr-24,D2C,North,BEC-TIS-001,BEC-TIS-001,171,16245,2206.8,1344.97,22,Tissues,95,42,MATCH,14038.2,48.84%,12.08,5511.23,12.87%,D2C,Apr-24
Dec-24,D2C,North,BEC-BW-002,BEC-BW-002,69,12075,1695.76,1346,8,Bake & Wrap,175,92,MATCH,10379.24,38.84%,8.97,2685.24,11.59%,D2C,Dec-24
Mar-24,Flipkart,North,BEC-GB-001,BEC-GB-001,136,20264,4798.78,1346.72,6,Garbage Bags,149,70,MATCH,15465.22,38.44%,15.05,4598.5,4.41%,Flipkart,Mar-24
Jan-25,Swiggy Instamart,North,BEC-TIS-001,BEC-TIS-001,178,16910,5009.78,1347.57,5,Tissues,95,42,MATCH,11900.22,37.18%,12.55,3076.65,2.81%,Swiggy Instamart,Apr-25
Jan-24,Swiggy Instamart,North,BEC-BW-001,BEC-BW-001,74,16280,3022.88,1347.96,2,Bake & Wrap,220,118,MATCH,13257.12,34.13%,12.08,3177.16,2.70%,Swiggy Instamart,Feb-24
Feb-24,Blinkit,West,BEC-BW-002,BEC-BW-002,177,30975,5494.1,1348.03,4,Bake & Wrap,175,92,MATCH,25480.9,36.09%,22.98,7848.87,2.26%,Blinkit,Feb-24
Jul-24,D2C,North,BEC-BW-002,BEC-BW-002,67,11725,708.23,1349.36,11,Bake & Wrap,175,92,MATCH,11016.77,44.05%,8.69,3503.41,16.42%,D2C,Jul-24
Jun-24,D2C,North,BEC-GB-001,BEC-GB-001,155,23095,823.23,1349.95,14,Garbage Bags,149,70,MATCH,22271.77,51.28%,17.11,10071.82,9.03%,D2C,Jun-24
Feb-25,Flipkart,North,BEC-CMB-001,BEC-CMB-001,25,17475,5214.6,1350.11,1,Others,699,330,MATCH,12260.4,32.71%,12.94,2660.29,4.00%,Flipkart,Feb-25
May-25,Flipkart,North,BEC-TIS-002,BEC-TIS-002,179,32220,7789.28,1350.54,4,Tissues,180,95,MATCH,24430.72,30.40%,23.86,6075.18,2.23%,Flipkart,May-25
Jan-25,D2C,West,BEC-GB-002,BEC-GB-002,150,26850,2461.46,1350.82,23,Garbage Bags,179,86,MATCH,24388.54,47.11%,19.88,10137.72,15.33%,D2C,Jan-25
Jan-24,Flipkart,South,BEC-KT-001,BEC-KT-001,139,22240,3539.1,1351.05,8,Kitchen Towel,160,78,MATCH,18700.9,42.02%,16.46,6507.85,5.76%,Flipkart,Jan-24
Feb-24,D2C,North,BEC-OTH-001,BEC-OTH-001,87,12963,1285.01,1352.33,13,Others,149,72,MATCH,11677.99,46.36%,9.59,4061.66,14.94%,D2C,Feb-24
Sep-24,Swiggy Instamart,North,BEC-TIS-002,BEC-TIS-002,94,16920,4091.18,1352.36,5,Tissues,180,95,MATCH,12828.82,30.39%,12.51,2546.46,5.32%,Swiggy Instamart,Sep-24
Jul-24, Zepto,West,  BEC-BW-002,BEC-BW-002,114,19950,4433.95,1352.58,3,Bake & Wrap,175,92,MATCH,15516.05,32.41%,14.75,3675.47,2.63%,Zepto,Jul-24
May-25,Swiggy Instamart,South,BEC-TIS-001,BEC-TIS-001,144,13680,3261.65,1353.02,5,Tissues,95,42,MATCH,10418.35,41.95%,10.11,3017.33,3.47%,Swiggy Instamart,May-25
Feb-24,Amazon,South,BEC-OTH-001,BEC-OTH-001,99,14751,3578.76,1353.65,2,Others,149,72,MATCH,11172.24,36.20%,10.90,2690.59,2.02%,Amazon,Feb-24
Oct-24,Swiggy Instamart,West,BEC-KT-001,BEC-KT-001,98,15680,4510.34,1358.34,4,Kitchen Towel,160,78,MATCH,11169.66,31.56%,11.54,2167.32,4.08%,Swiggy Instamart,Oct-24
Aug-24,Blinkit,South,BEC-BW-002,BEC-BW-002,95,16625,3188.17,1359.16,4,Bake & Wrap,175,92,MATCH,13436.83,34.95%,12.23,3337.67,4.21%,Blinkit,Aug-24
Apr-25,Flipkart,South,BEC-CMB-001,BEC-CMB-001,20,13980,2657.39,1359.75,1,Others,699,330,MATCH,11322.61,41.71%,10.28,3362.86,5.00%,Flipkart,Apr-25
Jan-24,D2C,South,BEC-GB-002,BEC-GB-002,91,16289,540.64,1360.04,8,Garbage Bags,179,86,MATCH,15748.36,50.31%,11.98,6562.32,8.79%,D2C,Jan-24
Jun-25,Swiggy Instamart,South,BEC-TIS-001,BEC-TIS-001,150,14250,3786.51,1360.27,6,Tissues,95,42,MATCH,10463.49,39.79%,10.48,2803.22,4.00%,Swiggy Instamart,Jun-25
Mar-25,Swiggy Instamart,North,BEC-CMB-001,BEC-CMB-001,32,22368,5492.48,1360.46,1,Others,699,330,MATCH,16875.52,37.42%,16.44,4955.06,3.13%,Swiggy Instamart,Mar-25
Apr-24, Zepto,West,BEC-TIS-001,BEC-TIS-001,316,30020,7502.34,1361.43,9,Tissues,95,42,MATCH,22517.66,41.06%,22.05,7884.23,2.85%,Zepto,Apr-24
Mar-24,Swiggy Instamart,North,BEC-GB-002,BEC-GB-002,139,24881,6841.63,1361.86,4,Garbage Bags,179,86,MATCH,18039.37,33.73%,18.27,4723.51,2.88%,Swiggy Instamart,Mar-24
Oct-24,Swiggy Instamart,North,BEC-KT-001,BEC-KT-001,108,17280,1629.04,1362.54,4,Kitchen Towel,160,78,MATCH,15650.96,46.18%,12.68,5864.42,3.70%,Swiggy Instamart,Oct-24
Apr-24,D2C,West,BEC-BW-002,BEC-BW-002,126,22050,3297.53,1364.57,20,Bake & Wrap,175,92,MATCH,18752.47,38.18%,16.16,5795.9,15.87%,D2C,Apr-24
May-25,Swiggy Instamart,North,BEC-GB-002,BEC-GB-002,149,26671,6393.15,1366.29,8,Garbage Bags,179,86,MATCH,20277.85,36.81%,19.52,6097.56,5.37%,Swiggy Instamart,May-25
Dec-24,D2C,South,BEC-KT-001,BEC-KT-001,87,13920,1748.87,1366.98,11,Kitchen Towel,160,78,MATCH,12171.13,44.25%,10.18,4018.15,12.64%,D2C,Dec-24
Apr-24,Flipkart,West,BEC-OTH-001,BEC-OTH-001,99,14751,803.31,1367.92,3,Others,149,72,MATCH,13947.69,48.89%,10.78,5451.77,3.03%,Flipkart,Apr-24
Jun-24,Amazon,South,BEC-OTH-001,BEC-OTH-001,106,15794,2378.48,1369.39,3,Others,149,72,MATCH,13415.52,43.11%,11.53,4414.13,2.83%,Amazon,Jun-24
Dec-24,Amazon ,North,BEC-BW-002,BEC-BW-002,179,31325,5086.37,1369.45,9,Bake & Wrap,175,92,MATCH,26238.63,37.24%,22.87,8401.18,5.03%,Amazon,Dec-24
May-25,Flipkart,North,BEC-TIS-001,BEC-TIS-001,246,23370,6240.78,1370.49,6,Tissues,95,42,MATCH,17129.22,39.68%,17.05,5426.73,2.44%,Flipkart,May-25
Oct-24,Flipkart,West,BEC-OTH-001,BEC-OTH-001,98,14602,3991.33,1372.32,3,Others,149,72,MATCH,10610.67,33.50%,10.64,2182.35,3.06%,Flipkart,Oct-24
Aug-24,Flipkart,South,BEC-BW-001,BEC-BW-001,62,13640,994.84,1372.5,2,Bake & Wrap,220,118,MATCH,12645.16,42.14%,9.94,3956.66,3.23%,Flipkart,Aug-24
Sep-24,Swiggy Instamart,South,BEC-BW-001,BEC-BW-001,53,11660,2122.04,1373.18,2,Bake & Wrap,220,118,MATCH,9537.96,34.43%,8.49,1910.78,3.77%,Swiggy Instamart,Sep-24
Jun-24,D2C,South,BEC-KT-001,BEC-KT-001,93,14880,2162.02,1374.81,10,Kitchen Towel,160,78,MATCH,12717.98,42.96%,10.82,4089.17,10.75%,D2C,Jun-24
Oct-24,Zepto,South,BEC-KT-001,BEC-KT-001,138,22080,1136.33,1375.2,5,Kitchen Towel,160,78,MATCH,20943.67,48.60%,16.06,8804.47,3.62%,Zepto,Oct-24
Apr-24,Swiggy Instamart,North,BEC-TIS-001,BEC-TIS-001,179,17005,4165.92,1375.67,5,Tissues,95,42,MATCH,12839.08,41.44%,12.36,3945.41,2.79%,Swiggy Instamart,Apr-24
Mar-25,Zepto,North,BEC-TIS-001,BEC-TIS-001,326,30970,9071.86,1376.95,16,Tissues,95,42,MATCH,21898.14,37.47%,22.49,6829.19,4.91%,Zepto,Mar-25
Mar-24,Zepto,North,BEC-OTH-001,BEC-OTH-001,126,18774,4668.86,1377,6,Others,149,72,MATCH,14105.14,35.68%,13.63,3656.14,4.76%,Zepto,Mar-24
May-25,Amazon ,West,BEC-OTH-001,BEC-OTH-001,162,24138,1667.11,1378.96,6,Others,149,72,MATCH,22470.89,48.09%,17.50,9427.93,3.70%,Amazon,May-25
Oct-24,D2C,South,BEC-BW-001,BEC-BW-001,62,13640,640.36,1379.98,9,Bake & Wrap,220,118,MATCH,12999.64,43.72%,9.88,4303.66,14.52%,D2C,Oct-24
Jun-25,D2C,South,BEC-BW-002,BEC-BW-002,73,12775,393.75,1380.72,7,Bake & Wrap,175,92,MATCH,12381.25,45.76%,9.25,4284.53,9.59%,D2C,Jun-25
Mar-24,Swiggy Instamart,South,BEC-GB-002,BEC-GB-002,95,17005,4014.12,1380.76,5,Garbage Bags,179,86,MATCH,12990.88,37.11%,12.32,3440.12,5.26%,Swiggy Instamart,Mar-24
Sep-24,D2C,South,BEC-GB-001,BEC-GB-001,84,12516,285.51,1381.94,10,Garbage Bags,149,70,MATCH,12230.49,51.92%,9.06,4968.55,11.90%,D2C,Sep-24
Jun-24,Flipkart,North,BEC-KT-001,BEC-KT-001,136,21760,1427.73,1383.9,8,Kitchen Towel,160,78,MATCH,20332.27,47.83%,15.72,8340.37,5.88%,Flipkart,Jun-24
Oct-24,Zepto,North,BEC-CMB-001,BEC-CMB-001,32,22368,2867.85,1384.51,1,Others,699,330,MATCH,19500.15,45.85%,16.16,7555.64,3.13%,Zepto,Oct-24
Apr-25,Flipkart,South,BEC-GB-001,BEC-GB-001,165,24585,6049.01,1385.23,5,Garbage Bags,149,70,MATCH,18535.99,37.69%,17.75,5600.76,3.03%,Flipkart,Apr-25
Aug-24, Zepto,South,BEC-CMB-001,BEC-CMB-001,30,20970,2472.16,1385.31,0,Others,699,330,MATCH,18497.84,46.48%,15.14,7212.53,0.00%,Zepto,Aug-24
Jun-24,D2C,West,BEC-BW-002,BEC-BW-002,111,19425,1550.37,1386.29,13,Bake & Wrap,175,92,MATCH,17874.63,42.87%,14.01,6276.34,11.71%,D2C,Jun-24
Aug-24,Swiggy Instamart,South,BEC-GB-001,BEC-GB-001,99,14751,4304.76,1387.72,3,Garbage Bags,149,70,MATCH,10446.24,33.66%,10.63,2128.52,3.03%,Swiggy Instamart,Aug-24
Jan-25,D2C,South,BEC-TIS-001,BEC-TIS-001,117,11115,1396.03,1387.97,17,Tissues,95,42,MATCH,9718.97,49.44%,8.01,3417,14.53%,D2C,Jan-25
May-25,Zepto,North,BEC-OTH-001,BEC-OTH-001,110,16390,2993.99,1388.44,6,Others,149,72,MATCH,13396.01,40.88%,11.80,4087.57,5.45%,Zepto,May-25
Jul-24,Flipkart,South,  BEC-GB-002,BEC-GB-002,107,19153,5624.87,1388.47,4,Garbage Bags,179,86,MATCH,13528.13,31.98%,13.79,2937.66,3.74%,Flipkart,Jul-24
Mar-24,D2C,West,BEC-GB-001,BEC-GB-001,177,26373,1220.04,1388.71,23,Garbage Bags,149,70,MATCH,25152.96,50.74%,18.99,11374.25,12.99%,D2C,Mar-24
Nov-24,Swiggy Instamart,South,BEC-KT-001,BEC-KT-001,68,"10,880",1383.68,1389.93,3,Kitchen Towel,160,78,MATCH,9496.32,44.15%,7.83,2802.39,4.41%,Swiggy Instamart,Nov-24
Feb-25,Flipkart,North,BEC-GB-001,BEC-GB-001,174,25926,7209.97,1390.82,6,Garbage Bags,149,70,MATCH,18716.03,34.92%,18.64,5145.21,3.45%,Flipkart,Feb-25
Jan-24,Flipkart,West,BEC-TIS-001,BEC-TIS-001,186,17670,2224.19,1390.86,10,Tissues,95,42,MATCH,15445.81,49.42%,12.70,6242.95,5.38%,Flipkart,Jan-24
Apr-25,Swiggy Instamart,South,BEC-GB-001,BEC-GB-001,139,20711,3391.8,1391.28,5,Garbage Bags,149,70,MATCH,17319.2,43.82%,14.89,6197.92,3.60%,Swiggy Instamart,Apr-25
Jan-24,Flipkart,North,BEC-CMB-001,BEC-CMB-001,23,16077,4723.21,1395.08,0,Others,699,330,MATCH,11353.79,33.15%,11.52,2368.71,0.00%,Flipkart,Jan-24
Apr-25,D2C,South,BEC-BW-002,BEC-BW-002,66,11550,1472.44,1395.44,9,Bake & Wrap,175,92,MATCH,10077.56,39.75%,8.28,2610.12,13.64%,D2C,Apr-25
Feb-24,D2C,South,BEC-CMB-001,BEC-CMB-001,19,13281,1903.68,1396.87,2,Others,699,330,MATCH,11377.32,44.89%,9.51,3710.45,10.53%,D2C,Feb-24
Mar-25,D2C,South,BEC-CMB-001,BEC-CMB-001,24,16776,1463.65,1398.72,3,Others,699,330,MATCH,15312.35,48.28%,11.99,5993.63,12.50%,D2C,Mar-25
Oct-24,D2C,South,BEC-GB-002,BEC-GB-002,96,17184,1739.46,1399.34,12,Garbage Bags,179,86,MATCH,15444.54,46.54%,12.28,5789.2,12.50%,D2C,Oct-24
Jul-24, Zepto,West,BEC-BW-001,BEC-BW-001,107,23540,5443.14,1400.4,3,Bake & Wrap,220,118,MATCH,18096.86,30.23%,16.81,4070.46,2.80%,Zepto,Jul-24
Feb-24, Zepto,South,BEC-BW-002,BEC-BW-002,104,18200,1078.95,1401.45,5,Bake & Wrap,175,92,MATCH,17121.05,44.12%,12.99,6151.6,4.81%,Zepto,Feb-24
Mar-24,Swiggy Instamart,North,BEC-TIS-002,BEC-TIS-002,131,23580,3879.11,1401.73,2,Tissues,180,95,MATCH,19700.89,36.83%,16.82,5854.16,1.53%,Swiggy Instamart,Mar-24
Jan-25,Swiggy Instamart,South,BEC-CMB-001,BEC-CMB-001,18,12582,2632.44,1401.84,0,Others,699,330,MATCH,9949.56,40.30%,8.98,2607.72,0.00%,Swiggy Instamart,Jan-25
Jan-25,Flipkart,West,BEC-OTH-001,BEC-OTH-001,98,14602,4040.78,1404.09,4,Others,149,72,MATCH,10561.22,33.19%,10.40,2101.13,4.08%,Flipkart,Jan-25
Jun-24,Flipkart,South,BEC-CMB-001,BEC-CMB-001,19,13281,863.68,1404.25,0,Others,699,330,MATCH,12417.32,49.51%,9.46,4743.07,0.00%,Flipkart,Jun-24
Feb-25,Flipkart,South,BEC-TIS-001,BEC-TIS-001,219,20805,3735.15,1404.36,5,Tissues,95,42,MATCH,17069.85,46.12%,14.81,6467.49,2.28%,Flipkart,Feb-25
Jan-25, Zepto,North,BEC-TIS-001,BEC-TIS-001,350,33250,6418.03,1404.68,11,Tissues,95,42,MATCH,26831.97,45.21%,23.67,10727.29,3.14%,Zepto,Jan-25
Mar-25,Swiggy Instamart,South,BEC-TIS-002,BEC-TIS-002,169,30420,5797.25,1405.34,9,Tissues,180,95,MATCH,24622.75,34.80%,21.65,7162.41,5.33%,Swiggy Instamart,Mar-25
Jan-24,Blinkit,South,BEC-CMB-001,BEC-CMB-001,40,27960,1550.46,1405.63,1,Others,699,330,MATCH,26409.54,50.02%,19.89,11803.91,2.50%,Blinkit,Jan-24
Jan-24,Swiggy Instamart,West,BEC-BW-001,BEC-BW-001,66,14520,3803.21,1406.06,2,Bake & Wrap,220,118,MATCH,10716.79,27.33%,10.33,1522.73,3.03%,Swiggy Instamart,Jan-24
May-24,Zepto,North,BEC-TIS-001,BEC-TIS-001,307,29165,6226.14,1407.34,6,Tissues,95,42,MATCH,22938.86,43.79%,20.72,8637.52,1.95%,Zepto,May-24
Mar-24,Swiggy Instamart,West,BEC-GB-002,BEC-GB-002,130,23270,4697.85,1407.49,4,Garbage Bags,179,86,MATCH,18572.15,39.80%,16.53,5984.66,3.08%,Swiggy Instamart,Mar-24
Jun-24,Swiggy Instamart,South,  BEC-KT-001,BEC-KT-001,114,18240,4125.94,1408.12,2,Kitchen Towel,160,78,MATCH,14114.06,37.00%,12.95,3813.94,1.75%,Swiggy Instamart,Jun-24
Jun-24,Flipkart,South,BEC-KT-001,BEC-KT-001,113,18080,4402.41,1408.26,3,Kitchen Towel,160,78,MATCH,13677.59,35.56%,12.84,3455.33,2.65%,Flipkart,Jun-24
Jun-25,Flipkart,South,BEC-GB-002,BEC-GB-002,163,29177,4681.29,1410.04,5,Garbage Bags,179,86,MATCH,24495.71,42.77%,20.69,9067.67,3.07%,Flipkart,Jun-25
Aug-24, Zepto,North,BEC-KT-001,BEC-KT-001,141,22560,5605.81,1411.37,8,Kitchen Towel,160,78,MATCH,16954.19,35.13%,15.98,4544.82,5.67%,Zepto,Aug-24
May-24,Amazon ,South,BEC-OTH-001,BEC-OTH-001,104,15496,3679.91,1412.73,4,Others,149,72,MATCH,11816.09,36.63%,10.97,2915.36,3.85%,Amazon,May-24
May-24,Blinkit,South,BEC-BW-002,BEC-BW-002,124,21700,5368.61,1413.36,4,Bake & Wrap,175,92,MATCH,16331.39,30.15%,15.35,3510.03,3.23%,Blinkit,May-24
Dec-24,Swiggy Instamart,North,BEC-CMB-001,BEC-CMB-001,18,12582,1463.25,1414.88,0,Others,699,330,MATCH,11118.75,46.58%,8.89,3763.87,0.00%,Swiggy Instamart,Dec-24
Sep-24,Zepto,North,BEC-CMB-001,BEC-CMB-001,34,23766,2762.2,1417.16,1,Others,699,330,MATCH,21003.8,46.58%,16.77,8366.64,2.94%,Zepto,Sep-24
Jun-25,D2C,West,BEC-KT-001,BEC-KT-001,131,20960,2367.81,1419.91,20,Kitchen Towel,160,78,MATCH,18592.19,45.04%,14.76,6954.28,15.27%,D2C,Jun-25
Dec-24,Amazon,South,BEC-OTH-001,BEC-OTH-001,102,15198,3815.71,1420.03,2,Others,149,72,MATCH,11382.29,35.48%,10.70,2618.26,1.96%,Amazon,Dec-24
Apr-25,D2C,South,BEC-KT-001,BEC-KT-001,100,16000,1315.91,1420.32,13,Kitchen Towel,160,78,MATCH,14684.09,46.88%,11.27,5463.77,13.00%,D2C,Apr-25
May-25,Swiggy Instamart,West,BEC-BW-001,BEC-BW-001,101,22220,4444.8,1423.62,2,Bake & Wrap,220,118,MATCH,17775.2,32.95%,15.61,4433.58,1.98%,Swiggy Instamart,May-25
Aug-24,Flipkart,South,BEC-TIS-002,BEC-TIS-002,118,21240,2066.04,1423.88,7,Tissues,180,95,MATCH,19173.96,41.54%,14.92,6540.08,5.93%,Flipkart,Aug-24
Nov-24,Swiggy Instamart,West,BEC-BW-001,BEC-BW-001,79,17380,2987.02,1424.81,4,Bake & Wrap,220,118,MATCH,14392.98,35.23%,12.20,3646.17,5.06%,Swiggy Instamart,Nov-24
Jun-24,Blinkit,West,BEC-OTH-001,BEC-OTH-001,118,17582,2975.64,1426.81,5,Others,149,72,MATCH,14606.36,41.83%,12.32,4683.55,4.24%,Blinkit,Jun-24
Apr-25,Flipkart,South,BEC-TIS-001,BEC-TIS-001,170,16150,1306.38,1427.4,4,Tissues,95,42,MATCH,14843.62,51.90%,11.31,6276.22,2.35%,Flipkart,Apr-25
Dec-24,Flipkart,North,BEC-GB-002,BEC-GB-002,180,32220,5070.25,1427.92,8,Garbage Bags,179,86,MATCH,27149.75,42.98%,22.56,10241.83,4.44%,Flipkart,Dec-24
Jun-24, Zepto,South,BEC-GB-001,BEC-GB-001,134,19966,4032.95,1429.05,5,Garbage Bags,149,70,MATCH,15933.05,41.13%,13.97,5124,3.73%,Zepto,Jun-24
Mar-25,D2C,South,BEC-TIS-001,BEC-TIS-001,143,13585,391.68,1429.25,15,Tissues,95,42,MATCH,13193.32,54.48%,9.50,5758.07,10.49%,D2C,Mar-25
Jan-25,D2C,South,BEC-TIS-002,BEC-TIS-002,110,19800,2258.93,1429.26,11,Tissues,180,95,MATCH,17541.07,40.43%,13.85,5661.81,10.00%,D2C,Jan-25
Aug-24,Flipkart,North,BEC-GB-002,BEC-GB-002,94,16826,3553.55,1429.31,2,Garbage Bags,179,86,MATCH,13272.45,39.09%,11.77,3759.14,2.13%,Flipkart,Aug-24
Oct-24,Flipkart,South,BEC-CMB-001,BEC-CMB-001,23,16077,1657.01,1429.44,1,Others,699,330,MATCH,14419.99,47.36%,11.25,5400.55,4.35%,Flipkart,Oct-24
Jul-24,Amazon,South,BEC-OTH-001,BEC-OTH-001,129,19221,2446.31,1429.92,7,Others,149,72,MATCH,16774.69,44.63%,13.44,6056.77,5.43%,Amazon,Jul-24
May-24,Amazon,South,  BEC-TIS-001,BEC-TIS-001,238,22610,3020.93,1431.29,12,Tissues,95,42,MATCH,19589.07,48.97%,15.80,8161.78,5.04%,Amazon,May-24
Apr-24,Flipkart,South,BEC-KT-001,BEC-KT-001,108,17280,4381.91,1434.15,3,Kitchen Towel,160,78,MATCH,12898.09,34.69%,12.05,3039.94,2.78%,Flipkart,Apr-24
Aug-24,D2C,West,BEC-BW-002,BEC-BW-002,110,19250,2672.84,1435.08,14,Bake & Wrap,175,92,MATCH,16577.16,38.95%,13.41,5022.08,12.73%,D2C,Aug-24
Jun-24,Swiggy Instamart,South,BEC-TIS-002,BEC-TIS-002,120,21600,1543.31,1437.18,2,Tissues,180,95,MATCH,20056.69,43.16%,15.03,7219.51,1.67%,Swiggy Instamart,Jun-24
Nov-24,Flipkart,South,BEC-KT-001,BEC-KT-001,101,16160,2520.46,1438.16,5,Kitchen Towel,160,78,MATCH,13639.54,42.24%,11.24,4323.38,4.95%,Flipkart,Nov-24
Oct-24,Blinkit,West,BEC-GB-001,BEC-GB-001,234,34866,6460.06,1439.01,9,Garbage Bags,149,70,MATCH,28405.94,42.34%,24.23,10586.93,3.85%,Blinkit,Oct-24
May-25,Swiggy Instamart,South,BEC-GB-001,BEC-GB-001,102,15198,4550.21,1440.43,4,Garbage Bags,149,70,MATCH,10647.79,32.94%,10.55,2067.36,3.92%,Swiggy Instamart,May-25
Mar-24,Flipkart,South,BEC-KT-001,BEC-KT-001,90,14400,2645.46,1440.66,2,Kitchen Towel,160,78,MATCH,11754.54,40.28%,10.00,3293.88,2.22%,Flipkart,Mar-24
Jan-25,Blinkit,North,BEC-OTH-001,BEC-OTH-001,84,12516,2762.09,1441.46,1,Others,149,72,MATCH,9753.91,37.99%,8.68,2264.45,1.19%,Blinkit,Jan-25
Aug-24,Flipkart,West,BEC-OTH-001,BEC-OTH-001,92,13708,2089.47,1441.94,2,Others,149,72,MATCH,11618.53,42.99%,9.51,3552.59,2.17%,Flipkart,Aug-24
Aug-24,Blinkit,North,BEC-BW-002,BEC-BW-002,116,20300,5106.65,1442.37,5,Bake & Wrap,175,92,MATCH,15193.35,29.76%,14.07,3078.98,4.31%,Blinkit,Aug-24
Feb-25, Zepto,North,BEC-OTH-001,BEC-OTH-001,93,13857,1097.44,1443.03,2,Others,149,72,MATCH,12759.56,47.52%,9.60,4620.53,2.15%,Zepto,Feb-25
Feb-25, Zepto,North,BEC-XXX-999,BEC-XXX-999,93,13857,1097.44,1443.03,2,NOT FOUND,Not Found,NOT FOUND,NOT FOUND,12759.56,0.00%,9.60,0,2.15%,Zepto,Feb-25
Jan-25,Zepto,South,BEC-KT-001,BEC-KT-001,122,19520,5308.25,1443.15,6,Kitchen Towel,160,78,MATCH,14211.75,33.04%,13.53,3252.6,4.92%,Zepto,Jan-25
Jan-24, Zepto,South,BEC-TIS-002,BEC-TIS-002,161,28980,1917.99,1444.74,6,Tissues,180,95,MATCH,27062.01,43.48%,20.06,10322.27,3.73%,Zepto,Jan-24
Jun-25,Swiggy Instamart,North,BEC-GB-001,BEC-GB-001,131,19519,1838.45,1445.1,6,Garbage Bags,149,70,MATCH,17680.55,48.14%,13.51,7065.45,4.58%,Swiggy Instamart,Jun-25
May-24,D2C,West,BEC-CMB-001,BEC-CMB-001,43,30057,2269.82,1445.43,7,Others,699,330,MATCH,27787.18,48.93%,20.79,12151.75,16.28%,D2C,May-24
Apr-25,Swiggy Instamart,West,BEC-BW-002,BEC-BW-002,81,14175,3962.16,1446.03,2,Bake & Wrap,175,92,MATCH,10212.84,27.03%,9.80,1314.81,2.47%,Swiggy Instamart,Apr-25
Jan-25, Zepto,South,BEC-TIS-001,BEC-TIS-001,192,18240,2844.53,1446.07,4,Tissues,95,42,MATCH,15395.47,47.62%,12.61,5885.4,2.08%,Zepto,Jan-25
Jan-25,D2C,South,BEC-BW-001,BEC-BW-001,79,17380,835.82,1446.35,11,Bake & Wrap,220,118,MATCH,16544.18,43.65%,12.02,5775.83,13.92%,D2C,Jan-25
Oct-24,D2C,North,BEC-BW-002,BEC-BW-002,75,13125,474.03,1447.01,8,Bake & Wrap,175,92,MATCH,12650.97,45.46%,9.07,4303.96,10.67%,D2C,Oct-24
Jan-25,Swiggy Instamart,South,BEC-GB-001,BEC-GB-001,89,13261,998.18,1447.13,4,Garbage Bags,149,70,MATCH,12262.82,49.20%,9.16,4585.69,4.49%,Swiggy Instamart,Jan-25
Apr-24,Swiggy Instamart,North,BEC-GB-002,BEC-GB-002,107,19153,5387.1,1448.4,4,Garbage Bags,179,86,MATCH,13765.9,33.15%,13.22,3115.5,3.74%,Swiggy Instamart,Apr-24
Oct-24,Blinkit,North,BEC-GB-001,BEC-GB-001,235,35015,10485.12,1449.39,10,Garbage Bags,149,70,MATCH,24529.88,32.94%,24.16,6630.49,4.26%,Blinkit,Oct-24
Aug-24,Flipkart,West,BEC-GB-001,BEC-GB-001,155,23095,6912.38,1449.87,5,Garbage Bags,149,70,MATCH,16182.62,32.95%,15.93,3882.75,3.23%,Flipkart,Aug-24
Jun-24,Swiggy Instamart,West,BEC-BW-001,BEC-BW-001,113,24860,5116.43,1449.88,4,Bake & Wrap,220,118,MATCH,19743.57,32.46%,17.15,4959.69,3.54%,Swiggy Instamart,Jun-24
Dec-24,D2C,South,BEC-CMB-001,BEC-CMB-001,19,13281,700.43,1451.72,2,Others,699,330,MATCH,12580.57,50.16%,9.15,4858.85,10.53%,D2C,Dec-24
Jan-24, Zepto,South,BEC-TIS-001,BEC-TIS-001,185,17575,4322.72,1452.07,7,Tissues,95,42,MATCH,13252.28,41.37%,12.10,4030.21,3.78%,Zepto,Jan-24
Feb-24, Zepto,North,  BEC-CMB-001,BEC-CMB-001,45,31455,6903.23,1452.16,2,Others,699,330,MATCH,24551.77,39.52%,21.66,8249.61,4.44%,Zepto,Feb-24
May-24,Swiggy Instamart,West,BEC-KT-001,BEC-KT-001,183,29280,6589.23,1455.71,3,Kitchen Towel,160,78,MATCH,22690.77,37.09%,20.11,6961.06,1.64%,Swiggy Instamart,May-24
May-25,Amazon,North,BEC-OTH-001,BEC-OTH-001,129,19221,2410.21,1455.76,7,Others,149,72,MATCH,16810.79,44.75%,13.20,6067.03,5.43%,Amazon,May-25
Jun-25,Zepto,North,BEC-KT-001,BEC-KT-001,190,30400,4384.06,1456.79,4,Kitchen Towel,160,78,MATCH,26015.94,43.03%,20.87,9739.15,2.11%,Zepto,Jun-25
Mar-24,Flipkart,West,BEC-CMB-001,BEC-CMB-001,42,29358,7582.38,1457.04,1,Others,699,330,MATCH,21775.62,36.35%,20.15,6458.58,2.38%,Flipkart,Mar-24
Nov-24,D2C,South,BEC-CMB-001,BEC-CMB-001,22,15378,1878.16,1458.02,2,Others,699,330,MATCH,13499.84,46.22%,10.55,4781.82,9.09%,D2C,Nov-24
Nov-24,Swiggy Instamart,North,BEC-BW-001,BEC-BW-001,58,12760,1069.26,1459.88,2,Bake & Wrap,220,118,MATCH,11690.74,41.46%,8.74,3386.86,3.45%,Swiggy Instamart,Nov-24
Mar-24,Flipkart,North,BEC-BW-002,BEC-BW-002,121,21175,4113.03,1459.96,5,Bake & Wrap,175,92,MATCH,17061.97,34.76%,14.50,4470.01,4.13%,Flipkart,Mar-24
Jan-25,Flipkart,South,BEC-TIS-001,BEC-TIS-001,172,16340,3770.15,1460.81,4,Tissues,95,42,MATCH,12569.85,42.53%,11.19,3885.04,2.33%,Flipkart,Jan-25
Oct-24,Blinkit,North,BEC-OTH-001,BEC-OTH-001,82,12218,919.54,1461.73,3,Others,149,72,MATCH,11298.46,47.75%,8.36,3932.73,3.66%,Blinkit,Oct-24
Jun-24,Flipkart,West,BEC-TIS-002,BEC-TIS-002,197,35460,6431.73,1461.83,4,Tissues,180,95,MATCH,29028.27,35.53%,24.26,8851.44,2.03%,Flipkart,Jun-24
Jan-24, Zepto,North,BEC-TIS-001,BEC-TIS-001,305,28975,2476.72,1462.28,6,Tissues,95,42,MATCH,26498.28,51.66%,19.81,12226,1.97%,Zepto,Jan-24
Jan-25,Swiggy Instamart,West,BEC-BW-002,BEC-BW-002,80,14000,3942.11,1462.33,2,Bake & Wrap,175,92,MATCH,10057.89,26.82%,9.57,1235.56,2.50%,Swiggy Instamart,Jan-25
Nov-24,Flipkart,North,BEC-CMB-001,BEC-CMB-001,19,13281,1796.82,1463.18,0,Others,699,330,MATCH,11484.18,45.40%,9.08,3751,0.00%,Flipkart,Nov-24
Sep-24,Flipkart,North,BEC-GB-001,BEC-GB-001,107,15943,4653.31,1463.29,3,Garbage Bags,149,70,MATCH,11289.69,33.66%,10.90,2336.4,2.80%,Flipkart,Sep-24
Aug-24,Flipkart,North,BEC-GB-001,BEC-GB-001,120,17880,3549.2,1464.16,2,Garbage Bags,149,70,MATCH,14330.8,41.38%,12.21,4466.64,1.67%,Flipkart,Aug-24
Aug-24,D2C,North,BEC-CMB-001,BEC-CMB-001,25,17475,1910.26,1465.15,3,Others,699,330,MATCH,15564.74,47.00%,11.93,5849.59,12.00%,D2C,Aug-24
Jan-24,Amazon ,West,BEC-OTH-001,BEC-OTH-001,208,30992,3331.18,1469.23,5,Others,149,72,MATCH,27660.82,45.86%,21.09,11215.59,2.40%,Amazon,Jan-24
Jan-24,D2C,West,BEC-CMB-001,BEC-CMB-001,28,19572,1032.2,1470.14,3,Others,699,330,MATCH,18539.8,50.16%,13.31,7829.66,10.71%,D2C,Jan-24
Aug-24,Blinkit,South,BEC-BW-001,BEC-BW-001,70,15400,4578.02,1470.69,2,Bake & Wrap,220,118,MATCH,10821.98,23.67%,10.47,1091.29,2.86%,Blinkit,Aug-24
Jun-25,Blinkit,North,BEC-BW-002,BEC-BW-002,122,21350,4292.19,1470.72,4,Bake & Wrap,175,92,MATCH,17057.81,34.20%,14.52,4363.09,3.28%,Blinkit,Jun-25
Jun-25,D2C,West,  BEC-BW-001,BEC-BW-001,87,19140,2484.19,1471.14,8,Bake & Wrap,220,118,MATCH,16655.81,38.36%,13.01,4918.67,9.20%,D2C,Jun-25
Sep-24,Flipkart,West,  BEC-KT-001,BEC-KT-001,123,19680,3418.13,1471.57,5,Kitchen Towel,160,78,MATCH,16261.87,41.00%,13.37,5196.3,4.07%,Flipkart,Sep-24
May-24,Flipkart,North,BEC-BW-001,BEC-BW-001,69,15180,1970.95,1477.09,3,Bake & Wrap,220,118,MATCH,13209.05,38.36%,10.28,3589.96,4.35%,Flipkart,May-24
Feb-24,Swiggy Instamart,North,BEC-GB-001,BEC-GB-001,140,20860,3239.6,1477.77,5,Garbage Bags,149,70,MATCH,17620.4,44.38%,14.12,6342.63,3.57%,Swiggy Instamart,Feb-24
Nov-24,Swiggy Instamart,North,BEC-BW-002,BEC-BW-002,82,14350,4245.47,1477.9,3,Bake & Wrap,175,92,MATCH,10104.53,25.34%,9.71,1082.63,3.66%,Swiggy Instamart,Nov-24
Jul-24, Zepto,North,BEC-CMB-001,BEC-CMB-001,25,17475,4507.57,1478.57,1,Others,699,330,MATCH,12967.43,36.38%,11.82,3238.86,4.00%,Zepto,Jul-24
May-24,Blinkit,North,BEC-BW-002,BEC-BW-002,165,28875,3450.63,1487.34,4,Bake & Wrap,175,92,MATCH,25424.37,40.29%,19.41,8757.03,2.42%,Blinkit,May-24
Sep-24,Swiggy Instamart,West,BEC-KT-001,BEC-KT-001,115,18400,4874.6,1487.66,4,Kitchen Towel,160,78,MATCH,13525.4,33.68%,12.37,3067.74,3.48%,Swiggy Instamart,Sep-24
Jun-25,Swiggy Instamart,West,BEC-OTH-001,BEC-OTH-001,106,15794,3327.02,1487.82,4,Others,149,72,MATCH,12466.98,38.78%,10.62,3347.16,3.77%,Swiggy Instamart,Jun-25
Sep-24,Swiggy Instamart,North,BEC-BW-001,BEC-BW-001,74,16280,3162.75,1488.89,2,Bake & Wrap,220,118,MATCH,13117.25,33.43%,10.93,2896.36,2.70%,Swiggy Instamart,Sep-24
Dec-24,Amazon,South,BEC-BW-001,BEC-BW-001,107,23540,6973.87,1488.9,3,Bake & Wrap,220,118,MATCH,16566.13,23.78%,15.81,2451.23,2.80%,Amazon,Dec-24
Jun-24,D2C,West,BEC-BW-001,BEC-BW-001,119,26180,3009.45,1490.05,15,Bake & Wrap,220,118,MATCH,23170.55,39.40%,17.57,7638.5,12.61%,D2C,Jun-24
Jan-24,Flipkart,North,BEC-BW-001,BEC-BW-001,83,18260,4443.73,1491.01,2,Bake & Wrap,220,118,MATCH,13816.27,29.11%,12.25,2531.26,2.41%,Flipkart,Jan-24
Sep-24,Swiggy Instamart,South,BEC-TIS-002,BEC-TIS-002,106,19080,1069.36,1492.7,5,Tissues,180,95,MATCH,18010.64,44.09%,12.78,6447.94,4.72%,Swiggy Instamart,Sep-24
Jan-25,Flipkart,North,BEC-GB-002,BEC-GB-002,152,"27,208",6416.39,1492.8,4,Garbage Bags,179,86,MATCH,20791.61,37.13%,18.23,6226.81,2.63%,Flipkart,Jan-25
Sep-24,Amazon ,South,BEC-CMB-001,BEC-CMB-001,44,30756,3834.68,1494.83,1,Others,699,330,MATCH,26921.32,46.07%,20.57,10906.49,2.27%,Amazon,Sep-24
Aug-24,Flipkart,South,BEC-KT-001,BEC-KT-001,78,12480,1895.21,1496.18,1,Kitchen Towel,160,78,MATCH,10584.79,42.52%,8.34,3004.61,1.28%,Flipkart,Aug-24
May-24,Blinkit,South,BEC-GB-001,BEC-GB-001,200,29800,2617.43,1498.75,9,Garbage Bags,149,70,MATCH,27182.57,48.50%,19.88,11683.82,4.50%,Blinkit,May-24
May-24,Blinkit,North,  BEC-CMB-001,BEC-CMB-001,33,23067,2487.37,1499.25,0,Others,699,330,MATCH,20579.63,47.08%,15.39,8190.38,0.00%,Blinkit,May-24
Mar-25,D2C,South,BEC-GB-001,BEC-GB-001,126,18774,2160.32,1501.13,19,Garbage Bags,149,70,MATCH,16613.68,46.91%,12.51,6292.55,15.08%,D2C,Mar-25
Jun-25,Swiggy Instamart,North,  BEC-GB-002,BEC-GB-002,163,29177,5214.02,1501.45,8,Garbage Bags,179,86,MATCH,23962.98,41.50%,19.43,8443.53,4.91%,Swiggy Instamart,Jun-25
Jan-24,Blinkit,South,BEC-OTH-001,BEC-OTH-001,103,15347,2242.81,1501.47,3,Others,149,72,MATCH,13104.19,43.41%,10.22,4186.72,2.91%,Blinkit,Jan-24
May-25,Swiggy Instamart,South,BEC-GB-002,BEC-GB-002,99,17721,2761.67,1501.56,2,Garbage Bags,179,86,MATCH,14959.33,43.09%,11.80,4943.77,2.02%,Swiggy Instamart,May-25
Nov-24,Blinkit,West,BEC-BW-002,BEC-BW-002,143,25025,6763.28,1503.71,7,Bake & Wrap,175,92,MATCH,18261.72,27.96%,16.64,3602.01,4.90%,Blinkit,Nov-24
Apr-25,D2C,South,BEC-TIS-001,BEC-TIS-001,168,15960,1301.28,1503.73,26,Tissues,95,42,MATCH,14658.72,51.86%,10.61,6098.99,15.48%,D2C,Apr-25
Jan-25,D2C,North,BEC-TIS-002,BEC-TIS-002,164,29520,1706.21,1505.39,26,Tissues,180,95,MATCH,27813.79,43.98%,19.61,10728.4,15.85%,D2C,Jan-25
May-24,Flipkart,South,BEC-KT-001,BEC-KT-001,153,24480,2489.71,1506.04,5,Kitchen Towel,160,78,MATCH,21990.29,45.73%,16.25,8550.25,3.27%,Flipkart,May-24
Mar-24,Swiggy Instamart,West,BEC-BW-002,BEC-BW-002,79,13825,1801.46,1506.89,2,Bake & Wrap,175,92,MATCH,12023.54,39.55%,9.17,3248.65,2.53%,Swiggy Instamart,Mar-24
Mar-24,D2C,West,BEC-OTH-001,BEC-OTH-001,106,15794,1963.51,1510.42,13,Others,149,72,MATCH,13830.49,44.82%,10.46,4688.07,12.26%,D2C,Mar-24
Feb-25,D2C,South,BEC-KT-001,BEC-KT-001,107,17120,2101.16,1511.23,18,Kitchen Towel,160,78,MATCH,15018.84,44.43%,11.33,5161.61,16.82%,D2C,Feb-25
May-25,D2C,North,BEC-BW-001,BEC-BW-001,77,16940,1881.02,1511.3,11,Bake & Wrap,220,118,MATCH,15058.98,39.66%,11.21,4461.68,14.29%,D2C,May-25
Mar-25,Swiggy Instamart,West,BEC-CMB-001,BEC-CMB-001,27,18873,2733.89,1513.74,1,Others,699,330,MATCH,16139.11,44.79%,12.47,5715.37,3.70%,Swiggy Instamart,Mar-25
Apr-25,Swiggy Instamart,West,BEC-CMB-001,BEC-CMB-001,42,29358,7680.2,1514.36,2,Others,699,330,MATCH,21677.8,36.06%,19.39,6303.44,4.76%,Swiggy Instamart,Apr-25
Sep-24,D2C,West,BEC-OTH-001,BEC-OTH-001,80,11920,1331.57,1515.14,13,Others,149,72,MATCH,10588.43,45.60%,7.87,3313.29,16.25%,D2C,Sep-24
Apr-24,Flipkart,West,BEC-BW-002,BEC-BW-002,89,15575,4039.77,1515.25,1,Bake & Wrap,175,92,MATCH,11535.23,29.02%,10.28,1831.98,1.12%,Flipkart,Apr-24
Mar-24,D2C,South,BEC-BW-001,BEC-BW-001,89,19580,2203.66,1515.84,12,Bake & Wrap,220,118,MATCH,17376.34,39.56%,12.92,5358.5,13.48%,D2C,Mar-24
Dec-24,Blinkit,South,BEC-CMB-001,BEC-CMB-001,43,30057,4016.64,1516.41,1,Others,699,330,MATCH,26040.36,45.51%,19.82,10333.95,2.33%,Blinkit,Dec-24
Jun-24,Swiggy Instamart,North,BEC-CMB-001,BEC-CMB-001,22,15378,895.25,1516.77,0,Others,699,330,MATCH,14482.75,49.87%,10.14,5705.98,0.00%,Swiggy Instamart,Jun-24
Jan-24,Amazon ,North,BEC-TIS-001,BEC-TIS-001,384,36480,9431.86,1517.14,19,Tissues,95,42,MATCH,27048.14,40.37%,24.05,9403,4.95%,Amazon,Jan-24
Nov-24,Blinkit,North,BEC-KT-001,BEC-KT-001,179,28640,8222.22,1519.44,4,Kitchen Towel,160,78,MATCH,20417.78,31.62%,18.85,4936.34,2.23%,Blinkit,Nov-24
Feb-24,Zepto,North,BEC-GB-001,BEC-GB-001,155,23095,4990.1,1523.38,4,Garbage Bags,149,70,MATCH,18104.9,40.07%,15.16,5731.52,2.58%,Zepto,Feb-24
Sep-24,Flipkart,North,BEC-GB-002,BEC-GB-002,120,21480,2177.42,1524.35,3,Garbage Bags,179,86,MATCH,19302.58,46.54%,14.09,7458.23,2.50%,Flipkart,Sep-24
Jul-24,Blinkit,West,BEC-TIS-001,BEC-TIS-001,285,27075,3401.65,1524.37,6,Tissues,95,42,MATCH,23673.35,49.44%,17.76,10178.98,2.11%,Blinkit,Jul-24
Jun-25,Zepto,South,BEC-CMB-001,BEC-CMB-001,40,27960,6783.8,1524.51,2,Others,699,330,MATCH,21176.2,37.67%,18.34,6451.69,5.00%,Zepto,Jun-25
Apr-25,D2C,South,BEC-GB-001,BEC-GB-001,129,19221,2204.88,1524.83,17,Garbage Bags,149,70,MATCH,17016.12,46.93%,12.61,6461.29,13.18%,D2C,Apr-25
Jun-24,Flipkart,North,BEC-GB-001,BEC-GB-001,118,17582,3677.03,1526.8,5,Garbage Bags,149,70,MATCH,13904.97,40.60%,11.52,4118.17,4.24%,Flipkart,Jun-24
May-25,Flipkart,South,BEC-BW-001,BEC-BW-001,61,13420,2954.25,1527.23,3,Bake & Wrap,220,118,MATCH,10465.75,31.22%,8.79,1740.52,4.92%,Flipkart,May-25
Feb-25,Flipkart,North,BEC-BW-002,BEC-BW-002,88,15400,4604.96,1531.22,4,Bake & Wrap,175,92,MATCH,10795.04,25.00%,10.06,1167.82,4.55%,Flipkart,Feb-25
May-24,Blinkit,West,BEC-OTH-001,BEC-OTH-001,182,27118,1975.7,1531.37,5,Others,149,72,MATCH,25142.3,47.88%,17.71,10506.93,2.75%,Blinkit,May-24
Dec-24,Blinkit,South,BEC-BW-001,BEC-BW-001,80,17600,1310.01,1531.47,3,Bake & Wrap,220,118,MATCH,16289.99,42.05%,11.49,5318.52,3.75%,Blinkit,Dec-24
Apr-25,Zepto,North,BEC-BW-001,BEC-BW-001,110,24200,6570.2,1531.78,4,Bake & Wrap,220,118,MATCH,17629.8,26.37%,15.80,3118.02,3.64%,Zepto,Apr-25
Apr-25,D2C,South,BEC-CMB-001,BEC-CMB-001,19,13281,1086.39,1531.94,2,Others,699,330,MATCH,12194.61,48.58%,8.67,4392.67,10.53%,D2C,Apr-25
Dec-24,D2C,West,BEC-TIS-001,BEC-TIS-001,258,24510,2279.57,1534.57,40,Tissues,95,42,MATCH,22230.43,51.26%,15.97,9859.86,15.50%,D2C,Dec-24
Dec-24, Zepto,North,BEC-TIS-001,BEC-TIS-001,242,22990,6193.34,1534.59,6,Tissues,95,42,MATCH,16796.66,39.49%,14.98,5098.07,2.48%,Zepto,Dec-24
Aug-24,D2C,South,BEC-CMB-001,BEC-CMB-001,18,12582,1718.18,1536.28,2,Others,699,330,MATCH,10863.82,45.32%,8.19,3387.54,11.11%,D2C,Aug-24
May-24,Swiggy Instamart,West,BEC-BW-002,BEC-BW-002,111,19425,2605.7,1536.34,5,Bake & Wrap,175,92,MATCH,16819.3,39.28%,12.64,5070.96,4.50%,Swiggy Instamart,May-24
Nov-24,D2C,North,BEC-TIS-001,BEC-TIS-001,176,16720,1428.87,1536.57,29,Tissues,95,42,MATCH,15291.13,51.66%,10.88,6362.56,16.48%,D2C,Nov-24
Jan-24,Amazon ,South,BEC-TIS-001,BEC-TIS-001,212,20140,3796.64,1537.02,4,Tissues,95,42,MATCH,16343.36,45.52%,13.10,5902.34,1.89%,Amazon,Jan-24
May-25,D2C,West,BEC-KT-001,BEC-KT-001,182,29120,679.2,1540.11,21,Kitchen Towel,160,78,MATCH,28440.8,50.09%,18.91,12704.69,11.54%,D2C,May-25
Jul-24,Swiggy Instamart,West,BEC-GB-002,BEC-GB-002,155,27745,4401.24,1541.5,6,Garbage Bags,179,86,MATCH,23343.76,42.90%,18.00,8472.26,3.87%,Swiggy Instamart,Jul-24
Feb-24,Flipkart,South,BEC-KT-001,BEC-KT-001,132,21120,5351.04,1541.51,2,Kitchen Towel,160,78,MATCH,15768.96,34.71%,13.70,3931.45,1.52%,Flipkart,Feb-24
May-24,Amazon ,South,BEC-BW-002,BEC-BW-002,127,22225,5334.55,1542.91,5,Bake & Wrap,175,92,MATCH,16890.45,30.82%,14.40,3663.54,3.94%,Amazon,May-24
Aug-24,Blinkit,North,BEC-KT-001,BEC-KT-001,171,27360,6927.57,1544.11,5,Kitchen Towel,160,78,MATCH,20432.43,34.72%,17.72,5550.32,2.92%,Blinkit,Aug-24
Jul-24,Blinkit,West,BEC-CMB-001,BEC-CMB-001,59,41241,11763.03,1544.49,2,Others,699,330,MATCH,29477.97,33.95%,26.70,8463.48,3.39%,Blinkit,Jul-24
Feb-25,D2C,West,BEC-KT-001,BEC-KT-001,185,29600,1171.56,1544.85,27,Kitchen Towel,160,78,MATCH,28428.44,49.24%,19.16,12453.59,14.59%,D2C,Feb-25
Feb-25,D2C,North,BEC-BW-002,BEC-BW-002,73,12775,706.8,1545.17,9,Bake & Wrap,175,92,MATCH,12068.2,44.35%,8.27,3807.03,12.33%,D2C,Feb-25
Jan-25,Swiggy Instamart,West,BEC-CMB-001,BEC-CMB-001,28,19572,3890.31,1545.24,0,Others,699,330,MATCH,15681.69,41.08%,12.67,4896.45,0.00%,Swiggy Instamart,Jan-25
Apr-25,Flipkart,South,BEC-BW-002,BEC-BW-002,81,14175,2407.19,1546.29,4,Bake & Wrap,175,92,MATCH,11767.81,36.67%,9.17,2769.52,4.94%,Flipkart,Apr-25
Mar-25,D2C,South,BEC-KT-001,BEC-KT-001,130,20800,2432.81,1547.96,19,Kitchen Towel,160,78,MATCH,18367.19,44.79%,13.44,6679.23,14.62%,D2C,Mar-25
Mar-24,Flipkart,West,BEC-OTH-001,BEC-OTH-001,129,19221,4182.13,1549.04,6,Others,149,72,MATCH,15038.87,38.24%,12.41,4201.83,4.65%,Flipkart,Mar-24
Apr-25,D2C,West,BEC-BW-002,BEC-BW-002,141,24675,860.2,1549.33,16,Bake & Wrap,175,92,MATCH,23814.8,45.53%,15.93,9293.47,11.35%,D2C,Apr-25
Feb-24,Zepto,North,BEC-GB-002,BEC-GB-002,186,33294,8614.89,1549.34,7,Garbage Bags,179,86,MATCH,24679.11,35.18%,21.49,7133.77,3.76%,Zepto,Feb-24
Feb-24,Flipkart,West,BEC-GB-001,BEC-GB-001,247,36803,8542.94,1549.55,13,Garbage Bags,149,70,MATCH,28260.06,38.82%,23.75,9420.51,5.26%,Flipkart,Feb-24
Jun-24,Flipkart,North,BEC-CMB-001,BEC-CMB-001,26,18174,1732.94,1551.31,0,Others,699,330,MATCH,16441.06,47.81%,11.72,6309.75,0.00%,Flipkart,Jun-24
Jul-24,Swiggy Instamart,South,BEC-KT-001,BEC-KT-001,103,16480,3112.33,1551.4,5,Kitchen Towel,160,78,MATCH,13367.67,39.90%,10.62,3782.27,4.85%,Swiggy Instamart,Jul-24
Mar-24,D2C,West,BEC-BW-001,BEC-BW-001,141,31020,2863.04,1551.9,16,Bake & Wrap,220,118,MATCH,28156.96,40.91%,19.99,9967.06,11.35%,D2C,Mar-24
Sep-24,D2C,North,BEC-TIS-002,BEC-TIS-002,135,24300,1676.41,1552.45,16,Tissues,180,95,MATCH,22623.59,43.31%,15.65,8246.14,11.85%,D2C,Sep-24
Mar-25,Blinkit,South,BEC-BW-002,BEC-BW-002,108,18900,5259.69,1552.93,3,Bake & Wrap,175,92,MATCH,13640.31,27.16%,12.17,2151.38,2.78%,Blinkit,Mar-25
Oct-24,D2C,West,BEC-GB-001,BEC-GB-001,140,20860,1031.27,1553.62,17,Garbage Bags,149,70,MATCH,19828.73,50.58%,13.43,8475.11,12.14%,D2C,Oct-24
Jun-24,Swiggy Instamart,North,BEC-KT-001,BEC-KT-001,141,22560,1242.04,1555.48,3,Kitchen Towel,160,78,MATCH,21317.96,48.41%,14.50,8764.48,2.13%,Swiggy Instamart,Jun-24
Apr-25, Zepto,South,  BEC-OTH-001,BEC-OTH-001,90,13410,967.67,1558.98,1,Others,149,72,MATCH,12442.33,47.92%,8.60,4403.35,1.11%,Zepto,Apr-25
Jan-25,Flipkart,South,BEC-CMB-001,BEC-CMB-001,25,17475,1490.39,1559.86,0,Others,699,330,MATCH,15984.61,48.39%,11.20,6174.75,0.00%,Flipkart,Jan-25
Jan-24,Amazon,North,BEC-BW-002,BEC-BW-002,158,27650,3132.11,1562.41,6,Bake & Wrap,175,92,MATCH,24517.89,40.71%,17.70,8419.48,3.80%,Amazon,Jan-24
Mar-25,Swiggy Instamart,West,BEC-GB-002,BEC-GB-002,179,32041,4769.51,1563.81,8,Garbage Bags,179,86,MATCH,27271.49,43.55%,20.49,10313.68,4.47%,Swiggy Instamart,Mar-25
Sep-24,Blinkit,West,BEC-TIS-001,BEC-TIS-001,281,26695,5756.18,1564.22,12,Tissues,95,42,MATCH,20938.82,43.64%,17.07,7572.6,4.27%,Blinkit,Sep-24
Mar-24,Swiggy Instamart,North,BEC-GB-001,BEC-GB-001,106,15794,2990.2,1565.19,4,Garbage Bags,149,70,MATCH,12803.8,42.05%,10.09,3818.61,3.77%,Swiggy Instamart,Mar-24
Sep-24,Swiggy Instamart,West,BEC-GB-001,BEC-GB-001,152,22648,4065.27,1567.84,5,Garbage Bags,149,70,MATCH,18582.73,42.74%,14.45,6374.89,3.29%,Swiggy Instamart,Sep-24
Dec-24,Blinkit,West,BEC-OTH-001,BEC-OTH-001,169,25181,7392.4,1567.92,3,Others,149,72,MATCH,17788.6,31.60%,16.06,4052.68,1.78%,Blinkit,Dec-24
May-25,Zepto,North,BEC-KT-001,BEC-KT-001,212,33920,0,1567.99,8,Kitchen Towel,160,78,MATCH,33920,51.25%,21.63,15816.01,3.77%,Zepto,May-25
Aug-24,Amazon ,South,BEC-TIS-001,BEC-TIS-001,212,20140,4887.98,1568.72,4,Tissues,95,42,MATCH,15252.02,41.62%,12.84,4779.3,1.89%,Amazon,Aug-24
Jan-24,Flipkart,South,BEC-BW-001,BEC-BW-001,72,15840,2934.5,1570.98,2,Bake & Wrap,220,118,MATCH,12905.5,34.17%,10.08,2838.52,2.78%,Flipkart,Jan-24
Jul-24, Zepto,South,BEC-GB-001,BEC-GB-001,121,18029,4653.28,1571.99,3,Garbage Bags,149,70,MATCH,13375.72,36.68%,11.47,3333.73,2.48%,Zepto,Jul-24
Sep-24,Flipkart,North,BEC-KT-001,BEC-KT-001,96,15360,4607.13,1572.4,3,Kitchen Towel,160,78,MATCH,10752.87,30.36%,9.77,1692.47,3.13%,Flipkart,Sep-24
Jun-25,D2C,South,BEC-CMB-001,BEC-CMB-001,19,13281,401.3,1573.33,2,Others,699,330,MATCH,12879.7,51.32%,8.44,5036.37,10.53%,D2C,Jun-25
Apr-24,Swiggy Instamart,South,BEC-KT-001,BEC-KT-001,87,13920,2683.38,1574.05,2,Kitchen Towel,160,78,MATCH,11236.62,39.61%,8.84,2876.57,2.30%,Swiggy Instamart,Apr-24
Nov-24,Flipkart,South,BEC-BW-002,BEC-BW-002,83,14525,878.39,1574.55,4,Bake & Wrap,175,92,MATCH,13646.61,44.04%,9.22,4436.06,4.82%,Flipkart,Nov-24
Sep-24,Amazon ,South,BEC-BW-002,BEC-BW-002,97,16975,4248.78,1574.67,5,Bake & Wrap,175,92,MATCH,12726.22,29.88%,10.78,2227.55,5.15%,Amazon,Sep-24
Nov-24,D2C,West,BEC-KT-001,BEC-KT-001,158,25280,1294.52,1574.92,18,Kitchen Towel,160,78,MATCH,23985.48,48.62%,16.05,10086.56,11.39%,D2C,Nov-24
Apr-24,Flipkart,South,BEC-TIS-001,BEC-TIS-001,165,15675,2758.34,1575.19,5,Tissues,95,42,MATCH,12916.66,46.35%,9.95,4411.47,3.03%,Flipkart,Apr-24
Nov-24,Blinkit,South,BEC-TIS-001,BEC-TIS-001,166,15770,1622.84,1576.27,6,Tissues,95,42,MATCH,14147.16,50.72%,10.00,5598.89,3.61%,Blinkit,Nov-24
Mar-24,Amazon ,South,BEC-TIS-001,BEC-TIS-001,252,23940,1204.86,1578.67,6,Tissues,95,42,MATCH,22735.14,53.45%,15.16,10572.47,2.38%,Amazon,Mar-24
Jan-25,Blinkit,North,BEC-BW-001,BEC-BW-001,181,39820,8464.51,1580.61,9,Bake & Wrap,220,118,MATCH,31355.49,31.88%,25.19,8416.88,4.97%,Blinkit,Jan-25
Jun-24,Flipkart,West,BEC-BW-002,BEC-BW-002,94,16450,3145.07,1580.76,3,Bake & Wrap,175,92,MATCH,13304.93,35.00%,10.41,3076.17,3.19%,Flipkart,Jun-24
Oct-24,Flipkart,West,BEC-TIS-002,BEC-TIS-002,179,32220,6559.85,1581.98,8,Tissues,180,95,MATCH,25660.15,33.73%,20.37,7073.17,4.47%,Flipkart,Oct-24
Jul-24,Flipkart,West,BEC-CMB-001,BEC-CMB-001,24,16776,1064.04,1582.34,1,Others,699,330,MATCH,15711.96,49.59%,10.60,6209.62,4.17%,Flipkart,Jul-24
Dec-24,Flipkart,South,BEC-GB-001,BEC-GB-001,147,21903,4927.53,1582.69,4,Garbage Bags,149,70,MATCH,16975.47,39.38%,13.84,5102.78,2.72%,Flipkart,Dec-24
Feb-24,D2C,South,BEC-KT-001,BEC-KT-001,87,13920,838.19,1583.07,13,Kitchen Towel,160,78,MATCH,13081.81,48.13%,8.79,4712.74,14.94%,D2C,Feb-24
Dec-24,Swiggy Instamart,West,BEC-CMB-001,BEC-CMB-001,36,25164,4069.92,1583.31,0,Others,699,330,MATCH,21094.08,43.68%,15.89,7630.77,0.00%,Swiggy Instamart,Dec-24
May-25,Swiggy Instamart,West,BEC-OTH-001,BEC-OTH-001,95,14155,1376.51,1584.6,3,Others,149,72,MATCH,12778.49,46.47%,8.93,4353.89,3.16%,Swiggy Instamart,May-25
Jun-25,Flipkart,West,BEC-KT-001,BEC-KT-001,170,27200,2774.5,1585.57,10,Kitchen Towel,160,78,MATCH,24425.5,45.71%,17.15,9579.93,5.88%,Flipkart,Jun-25
Dec-24,D2C,West,BEC-BW-002,BEC-BW-002,81,14175,0,1586.3,11,Bake & Wrap,175,92,MATCH,14175,47.43%,8.94,5136.7,13.58%,D2C,Dec-24
Nov-24, Zepto,West,BEC-KT-001,BEC-KT-001,244,39040,9307,1586.87,6,Kitchen Towel,160,78,MATCH,29733,35.99%,24.60,9114.13,2.46%,Zepto,Nov-24
Apr-24,Zepto,North,BEC-OTH-001,BEC-OTH-001,107,15943,4344.36,1587.08,3,Others,149,72,MATCH,11598.64,33.58%,10.05,2307.56,2.80%,Zepto,Apr-24
Sep-24, Zepto,West,BEC-TIS-001,BEC-TIS-001,204,19380,2680.42,1587.33,5,Tissues,95,42,MATCH,16699.58,48.69%,12.21,6544.25,2.45%,Zepto,Sep-24
Feb-24,Zepto,North,BEC-BW-001,BEC-BW-001,107,23540,5428.71,1588.17,6,Bake & Wrap,220,118,MATCH,18111.29,30.29%,14.82,3897.12,5.61%,Zepto,Feb-24
Feb-25,D2C,South,BEC-GB-002,BEC-GB-002,118,21122,2747.98,1589.8,18,Garbage Bags,179,86,MATCH,18374.02,44.77%,13.29,6636.22,15.25%,D2C,Feb-25
Oct-24,Flipkart,South,BEC-GB-001,BEC-GB-001,90,13410,2033.09,1590.07,4,Garbage Bags,149,70,MATCH,11376.91,44.62%,8.43,3486.84,4.44%,Flipkart,Oct-24
May-24,Zepto,West,  BEC-GB-001,BEC-GB-001,228,33972,3582.57,1590.58,7,Garbage Bags,149,70,MATCH,30389.43,47.48%,21.36,12838.85,3.07%,Zepto,May-24
May-25,Blinkit,South,BEC-BW-001,BEC-BW-001,98,21560,2451.85,1590.65,3,Bake & Wrap,220,118,MATCH,19108.15,39.48%,13.55,5953.5,3.06%,Blinkit,May-25
Oct-24,Flipkart,North,BEC-GB-001,BEC-GB-001,154,22946,5700.46,1591.9,5,Garbage Bags,149,70,MATCH,17245.54,37.49%,14.41,4873.64,3.25%,Flipkart,Oct-24
Dec-24,D2C,North,BEC-TIS-001,BEC-TIS-001,183,17385,1327.22,1593.03,17,Tissues,95,42,MATCH,16057.78,52.14%,10.91,6778.75,9.29%,D2C,Dec-24
Jan-25,D2C,North,BEC-BW-002,BEC-BW-002,67,11725,566.57,1593.32,6,Bake & Wrap,175,92,MATCH,11158.43,44.76%,7.36,3401.11,8.96%,D2C,Jan-25
Dec-24, Zepto,North,BEC-BW-002,BEC-BW-002,116,20300,1038.98,1593.79,6,Bake & Wrap,175,92,MATCH,19261.02,44.59%,12.74,6995.23,5.17%,Zepto,Dec-24
Sep-24,Swiggy Instamart,West,BEC-BW-002,BEC-BW-002,84,14700,2292.19,1593.82,3,Bake & Wrap,175,92,MATCH,12407.81,37.72%,9.22,3085.99,3.57%,Swiggy Instamart,Sep-24
Feb-25, Zepto,North,BEC-TIS-001,BEC-TIS-001,208,19760,5105.24,1594.24,5,Tissues,95,42,MATCH,14654.76,40.39%,12.39,4324.52,2.40%,Zepto,Feb-25
Jan-24,D2C,North,BEC-TIS-001,BEC-TIS-001,152,14440,571.97,1596.12,14,Tissues,95,42,MATCH,13868.03,53.97%,9.05,5887.91,9.21%,D2C,Jan-24
Dec-24,Swiggy Instamart,West,BEC-TIS-001,BEC-TIS-001,154,14630,1621.69,1597.86,8,Tissues,95,42,MATCH,13008.31,50.28%,9.16,4942.45,5.19%,Swiggy Instamart,Dec-24
Jun-25,D2C,North,BEC-GB-002,BEC-GB-002,134,23986,1416.23,1598.06,20,Garbage Bags,179,86,MATCH,22569.77,48.94%,15.01,9447.71,14.93%,D2C,Jun-25
Apr-25,Flipkart,North,BEC-OTH-001,BEC-OTH-001,110,16390,973.52,1599.05,5,Others,149,72,MATCH,15416.48,48.63%,10.25,5897.43,4.55%,Flipkart,Apr-25
May-25,Flipkart,West,BEC-BW-001,BEC-BW-001,134,29480,8470,1599.15,5,Bake & Wrap,220,118,MATCH,21010,24.74%,18.43,3598.85,3.73%,Flipkart,May-25
Nov-24,Flipkart,South,BEC-CMB-001,BEC-CMB-001,18,12582,665.69,1600.45,0,Others,699,330,MATCH,11916.31,50.15%,7.86,4375.86,0.00%,Flipkart,Nov-24
Jun-24,Swiggy Instamart,West,BEC-CMB-001,BEC-CMB-001,26,18174,2817.47,1600.72,1,Others,699,330,MATCH,15356.53,44.13%,11.35,5175.81,3.85%,Swiggy Instamart,Jun-24
Feb-24,Flipkart,West,BEC-GB-002,BEC-GB-002,170,30430,5229.05,1602.3,6,Garbage Bags,179,86,MATCH,25200.95,41.99%,18.99,8978.65,3.53%,Flipkart,Feb-24
May-24,D2C,North,BEC-BW-002,BEC-BW-002,88,15400,1264.98,1603.27,11,Bake & Wrap,175,92,MATCH,14135.02,42.72%,9.61,4435.75,12.50%,D2C,May-24
Sep-24,Flipkart,South,BEC-BW-001,BEC-BW-001,70,15400,4273.56,1604.12,1,Bake & Wrap,220,118,MATCH,11126.44,25.76%,9.60,1262.32,1.43%,Flipkart,Sep-24
Feb-25,Blinkit,South,BEC-OTH-001,BEC-OTH-001,98,14602,3207.98,1605.5,5,Others,149,72,MATCH,11394.02,38.07%,9.09,2732.52,5.10%,Blinkit,Feb-25
Feb-24,Blinkit,West,BEC-CMB-001,BEC-CMB-001,49,34251,4071.14,1608.26,2,Others,699,330,MATCH,30179.86,46.42%,21.30,12401.6,4.08%,Blinkit,Feb-24
Nov-24,Blinkit,North,BEC-GB-001,BEC-GB-001,216,32184,5856.74,1608.46,7,Garbage Bags,149,70,MATCH,26327.26,42.57%,20.01,9598.8,3.24%,Blinkit,Nov-24
Sep-24,Flipkart,West,BEC-TIS-002,BEC-TIS-002,186,33480,7238.41,1608.94,6,Tissues,180,95,MATCH,26241.59,32.66%,20.81,6962.65,3.23%,Flipkart,Sep-24
Aug-24,D2C,North,BEC-GB-002,BEC-GB-002,112,20048,2870.66,1610.26,18,Garbage Bags,179,86,MATCH,17177.34,43.93%,12.45,5935.08,16.07%,D2C,Aug-24
Jun-25,Zepto,South,BEC-OTH-001,BEC-OTH-001,84,"12,516",1321.04,1612.63,3,Others,149,72,MATCH,11194.96,45.98%,7.76,3534.33,3.57%,Zepto,Jun-25
Sep-24,Flipkart,North,BEC-CMB-001,BEC-CMB-001,19,13281,1884.93,1612.68,0,Others,699,330,MATCH,11396.07,44.98%,8.24,3513.39,0.00%,Flipkart,Sep-24
Aug-24,Swiggy Instamart,South,BEC-KT-002,BEC-KT-002,64,26880,5366.45,1614.85,1,Kitchen Towel,420,205,MATCH,21513.55,39.02%,16.65,6778.7,1.56%,Swiggy Instamart,Aug-24
Sep-24,D2C,West,BEC-KT-001,BEC-KT-001,170,27200,803.92,1615.11,22,Kitchen Towel,160,78,MATCH,26396.08,49.77%,16.84,11520.97,12.94%,D2C,Sep-24
Oct-24,Flipkart,North,BEC-GB-002,BEC-GB-002,113,20227,4876.41,1616.72,4,Garbage Bags,179,86,MATCH,15350.59,36.69%,12.51,4015.87,3.54%,Flipkart,Oct-24
Apr-25,D2C,South,BEC-BW-001,BEC-BW-001,91,20020,2408.19,1619.86,13,Bake & Wrap,220,118,MATCH,17611.81,39.03%,12.36,5253.95,14.29%,D2C,Apr-25
Jan-25,Swiggy Instamart,West,BEC-OTH-001,BEC-OTH-001,113,16837,4620.61,1621.07,3,Others,149,72,MATCH,12216.39,33.40%,10.39,2459.32,2.65%,Swiggy Instamart,Jan-25
Jan-25,Amazon,South,BEC-GB-002,BEC-GB-002,205,36695,6438.79,1621.53,7,Garbage Bags,179,86,MATCH,30256.21,41.73%,22.63,11004.68,3.41%,Amazon,Jan-25
Jun-24,Swiggy Instamart,West,BEC-GB-002,BEC-GB-002,170,30430,8891.73,1621.95,8,Garbage Bags,179,86,MATCH,21538.27,32.12%,18.76,5296.32,4.71%,Swiggy Instamart,Jun-24
Jun-24,Swiggy Instamart,North,BEC-BW-001,BEC-BW-001,78,17160,1538.73,1622.18,4,Bake & Wrap,220,118,MATCH,15621.27,41.08%,10.58,4795.09,5.13%,Swiggy Instamart,Jun-24
Jun-24,Flipkart,West,BEC-TIS-001,BEC-TIS-001,287,27265,1481.19,1622.48,5,Tissues,95,42,MATCH,25783.81,53.25%,16.80,12107.33,1.74%,Flipkart,Jun-24
Mar-25,Swiggy Instamart,West,BEC-GB-001,BEC-GB-001,240,35760,7740.02,1623.36,14,Garbage Bags,149,70,MATCH,28019.98,40.04%,22.03,9596.62,5.83%,Swiggy Instamart,Mar-25
Mar-25,Blinkit,North,BEC-BW-002,BEC-BW-002,173,30275,6098.36,1625.91,6,Bake & Wrap,175,92,MATCH,24176.64,34.17%,18.62,6634.73,3.47%,Blinkit,Mar-25
May-25,Flipkart,South,BEC-GB-001,BEC-GB-001,127,18923,1587.66,1626.01,3,Garbage Bags,149,70,MATCH,17335.34,48.72%,11.64,6819.33,2.36%,Flipkart,May-25
Jun-25,D2C,North,BEC-BW-001,BEC-BW-001,61,13420,802.31,1626.66,10,Bake & Wrap,220,118,MATCH,12617.69,42.95%,8.25,3793.03,16.39%,D2C,Jun-25
Feb-24,Swiggy Instamart,North,BEC-GB-002,BEC-GB-002,110,19690,2440.28,1626.92,4,Garbage Bags,179,86,MATCH,17249.72,45.16%,12.10,6162.8,3.64%,Swiggy Instamart,Feb-24
Mar-25,D2C,North,BEC-CMB-001,BEC-CMB-001,32,22368,2862.35,1631.48,4,Others,699,330,MATCH,19505.65,45.86%,13.71,7314.17,12.50%,D2C,Mar-25
Aug-24,Swiggy Instamart,South,BEC-TIS-002,BEC-TIS-002,101,18180,4329.51,1631.94,4,Tissues,180,95,MATCH,13850.49,30.72%,11.14,2623.55,3.96%,Swiggy Instamart,Aug-24
Feb-25,Zepto,West,BEC-BW-002,BEC-BW-002,166,29050,8606.8,1632.36,5,Bake & Wrap,175,92,MATCH,20443.2,25.30%,17.80,3538.84,3.01%,Zepto,Feb-25
Apr-25,D2C,North,BEC-TIS-001,BEC-TIS-001,245,23275,3378.57,1632.61,27,Tissues,95,42,MATCH,19896.43,48.28%,14.26,7973.82,11.02%,D2C,Apr-25
Feb-24,Blinkit,South,BEC-BW-002,BEC-BW-002,95,16625,1433.87,1633.7,4,Bake & Wrap,175,92,MATCH,15191.13,42.47%,10.18,4817.43,4.21%,Blinkit,Feb-24
Nov-24,Zepto,West,BEC-CMB-001,BEC-CMB-001,57,39843,7700.33,1635.76,1,Others,699,330,MATCH,32142.67,41.48%,24.36,11696.91,1.75%,Zepto,Nov-24
Feb-25,Blinkit,West,BEC-CMB-001,BEC-CMB-001,53,37047,8813.2,1635.91,1,Others,699,330,MATCH,28233.8,38.05%,22.65,9107.89,1.89%,Blinkit,Feb-25
Jan-25,Swiggy Instamart,South,BEC-KT-001,BEC-KT-001,106,16960,3106.72,1637.41,3,Kitchen Towel,160,78,MATCH,13853.28,40.32%,10.36,3947.87,2.83%,Swiggy Instamart,Jun-25
Dec-24,Flipkart,North,BEC-BW-002,BEC-BW-002,107,18725,1791.92,1639.13,4,Bake & Wrap,175,92,MATCH,16933.08,41.87%,11.42,5449.95,3.74%,Flipkart,Dec-24
May-25,Swiggy Instamart,South,BEC-BW-001,BEC-BW-001,71,15620,3727.2,1640.01,3,Bake & Wrap,220,118,MATCH,11892.8,29.55%,9.52,1874.79,4.23%,Swiggy Instamart,May-25
Jan-24,Zepto,South,BEC-OTH-001,BEC-OTH-001,95,14155,843.06,1640.34,5,Others,149,72,MATCH,13311.94,48.62%,8.63,4831.6,5.26%,Zepto,Jan-24
Aug-24,D2C,West,BEC-TIS-001,BEC-TIS-001,135,12825,1082.21,1641.98,15,Tissues,95,42,MATCH,11742.79,51.72%,7.81,4430.81,11.11%,D2C,Aug-24
Apr-25,Amazon,South,BEC-TIS-001,BEC-TIS-001,420,39900,11040.82,1641.98,19,Tissues,95,42,MATCH,28859.18,38.88%,24.30,9577.2,4.52%,Amazon,Apr-25
May-25,Amazon,North,BEC-BW-002,BEC-BW-002,174,30450,8115.01,1644.09,7,Bake & Wrap,175,92,MATCH,22334.99,28.33%,18.52,4682.9,4.02%,Amazon,May-25
Jun-24,Amazon,South,BEC-CMB-001,BEC-CMB-001,34,23766,4447.61,1644.6,1,Others,699,330,MATCH,19318.39,41.92%,14.45,6453.79,2.94%,Amazon,Jun-24
Jun-24,Swiggy Instamart,West,BEC-KT-001,BEC-KT-001,143,22880,4156.56,1645.08,6,Kitchen Towel,160,78,MATCH,18723.44,40.43%,13.91,5924.36,4.20%,Swiggy Instamart,Jun-24
Oct-24,D2C,South,BEC-GB-001,BEC-GB-001,94,14006,1893.31,1646.47,10,Garbage Bags,149,70,MATCH,12112.69,45.68%,8.51,3886.22,10.64%,D2C,Oct-24
Feb-24,Blinkit,North,BEC-OTH-001,BEC-OTH-001,119,17731,3414.01,1646.97,3,Others,149,72,MATCH,14316.99,40.16%,10.77,4102.02,2.52%,Blinkit,Feb-24
Oct-24,Flipkart,North,BEC-BW-002,BEC-BW-002,84,14700,3493.75,1647.57,3,Bake & Wrap,175,92,MATCH,11206.25,31.04%,8.92,1830.68,3.57%,Flipkart,Oct-24
Aug-24, Zepto,West,BEC-KT-001,BEC-KT-001,170,27200,5478.02,1648.31,9,Kitchen Towel,160,78,MATCH,21721.98,38.96%,16.50,6813.67,5.29%,Zepto,Aug-24
Dec-24,Amazon,West,BEC-BW-002,BEC-BW-002,241,42175,9892.06,1649.02,9,Bake & Wrap,175,92,MATCH,32282.94,31.32%,25.58,8461.92,3.73%,Amazon,Dec-24
Jun-24,Swiggy Instamart,North,BEC-GB-002,BEC-GB-002,104,18616,4890.29,1651.42,2,Garbage Bags,179,86,MATCH,13725.71,34.84%,11.27,3130.29,1.92%,Swiggy Instamart,Jun-24
Jan-25,Swiggy Instamart,South,BEC-KT-001,BEC-KT-001,102,16320,2037.32,1651.64,5,Kitchen Towel,160,78,MATCH,14282.68,44.30%,9.88,4675.04,4.90%,Swiggy Instamart,Jan-25
Jun-24,D2C,West,BEC-CMB-001,BEC-CMB-001,24,16776,2243.99,1651.73,2,Others,699,330,MATCH,14532.01,45.50%,10.16,4960.28,8.33%,D2C,Jun-24
Dec-24,Swiggy Instamart,South,BEC-GB-001,BEC-GB-001,131,19519,4387.14,1652.28,3,Garbage Bags,149,70,MATCH,15131.86,39.40%,11.81,4309.58,2.29%,Swiggy Instamart,Dec-24
Aug-24,D2C,North,BEC-KT-001,BEC-KT-001,78,12480,581.63,1654,11,Kitchen Towel,160,78,MATCH,11898.37,48.87%,7.55,4160.37,14.10%,D2C,Aug-24
Oct-24,D2C,West,BEC-GB-002,BEC-GB-002,124,22196,2883.79,1654.92,20,Garbage Bags,179,86,MATCH,19312.21,44.78%,13.41,6993.29,16.13%,D2C,Oct-24
Oct-24,Zepto,North,BEC-GB-002,BEC-GB-002,145,25955,2745.18,1655.62,3,Garbage Bags,179,86,MATCH,23209.82,46.27%,15.68,9084.2,2.07%,Zepto,Oct-24
May-24,D2C,South,BEC-TIS-001,BEC-TIS-001,161,15295,2253.46,1655.89,22,Tissues,95,42,MATCH,13041.54,48.15%,9.24,4623.65,13.66%,D2C,May-24
Jan-24,Amazon,South,BEC-CMB-001,BEC-CMB-001,38,26562,2852.53,1656.4,2,Others,699,330,MATCH,23709.47,47.11%,16.04,9513.07,5.26%,Amazon,Jan-24
Apr-24,Swiggy Instamart,West,BEC-BW-002,BEC-BW-002,89,15575,2904.12,1657.5,2,Bake & Wrap,175,92,MATCH,12670.88,35.38%,9.40,2825.38,2.25%,Swiggy Instamart,Apr-24
Jul-24,Flipkart,South,  BEC-TIS-001,BEC-TIS-001,158,15010,3052.92,1658.7,4,Tissues,95,42,MATCH,11957.08,44.50%,9.05,3662.38,2.53%,Flipkart,Jul-24
Apr-25,Flipkart,West,BEC-BW-001,BEC-BW-001,170,37400,8794.33,1660.47,9,Bake & Wrap,220,118,MATCH,28605.67,29.87%,22.52,6885.2,5.29%,Flipkart,Apr-25
Jan-25,Swiggy Instamart,North,  BEC-TIS-001,BEC-TIS-001,225,21375,6000.53,1661.3,5,Tissues,95,42,MATCH,15374.47,38.53%,12.87,4263.17,2.22%,Swiggy Instamart,Jan-25
Aug-24,Swiggy Instamart,South,BEC-CLN-004,BEC-CLN-004,106,10494,3069.95,1661.58,2,Cleaners,99,44,MATCH,7424.05,37.18%,6.32,1098.47,1.89%,Swiggy Instamart,Aug-24
Dec-24,Swiggy Instamart,South,BEC-BW-001,BEC-BW-001,62,13640,2524.45,1662.08,2,Bake & Wrap,220,118,MATCH,11115.55,34.18%,8.21,2137.47,3.23%,Swiggy Instamart,Dec-24
Aug-24,Flipkart,South,BEC-GB-002,BEC-GB-002,87,15573,3416.94,1662.71,3,Garbage Bags,179,86,MATCH,12156.06,38.45%,9.37,3011.35,3.45%,Flipkart,Aug-24
Mar-25,Blinkit,North,BEC-GB-001,BEC-GB-001,218,32482,7537.75,1662.89,9,Garbage Bags,149,70,MATCH,24944.25,38.82%,19.53,8021.36,4.13%,Blinkit,Mar-25
Apr-25, Zepto,West,BEC-OTH-001,BEC-OTH-001,106,15794,4189.8,1662.97,5,Others,149,72,MATCH,11604.2,34.23%,9.50,2309.23,4.72%,Zepto,Apr-25
Feb-24,Flipkart,North,BEC-BW-001,BEC-BW-001,106,23320,4949.28,1663.13,4,Bake & Wrap,220,118,MATCH,18370.72,31.91%,14.02,4199.59,3.77%,Flipkart,Feb-24
Sep-24,Swiggy Instamart,South,BEC-KT-001,BEC-KT-001,99,15840,1159.14,1663.58,2,Kitchen Towel,160,78,MATCH,14680.86,47.40%,9.52,5295.28,2.02%,Swiggy Instamart,Sep-24
Dec-24,Blinkit,North,BEC-TIS-001,BEC-TIS-001,300,28500,6479.8,1663.7,15,Tissues,95,42,MATCH,22020.2,42.78%,17.13,7756.5,5.00%,Blinkit,Dec-24
Jan-24,Flipkart,West,BEC-BW-002,BEC-BW-002,105,18375,3374.21,1664.36,4,Bake & Wrap,175,92,MATCH,15000.79,35.60%,11.04,3676.43,3.81%,Flipkart,Jan-24
Sep-24,Flipkart,West,BEC-BW-001,BEC-BW-001,117,25740,3894.43,1665.14,5,Bake & Wrap,220,118,MATCH,21845.57,36.80%,15.46,6374.43,4.27%,Flipkart,Sep-24
Jul-24,Amazon,South,BEC-KT-001,BEC-KT-001,225,36000,5830.86,1665.92,10,Kitchen Towel,160,78,MATCH,30169.14,41.83%,21.61,10953.22,4.44%,Amazon,Jul-24
Jun-25,D2C,North,BEC-BW-002,BEC-BW-002,97,16975,522.46,1666.02,9,Bake & Wrap,175,92,MATCH,16452.54,45.76%,10.19,5862.52,9.28%,D2C,Jun-25
Apr-24,D2C,North,  BEC-GB-001,BEC-GB-001,139,20711,2077.68,1666.59,15,Garbage Bags,149,70,MATCH,18633.32,47.78%,12.43,7236.73,10.79%,D2C,Apr-24
Jan-25,Swiggy Instamart,South,BEC-BW-001,BEC-BW-001,64,"14,080",718.28,1667.69,2,Bake & Wrap,220,118,MATCH,13361.72,43.48%,8.44,4142.03,3.13%,Swiggy Instamart,Feb-25
Apr-25,Flipkart,South,BEC-TIS-002,BEC-TIS-002,138,24840,2449.64,1669.32,3,Tissues,180,95,MATCH,22390.36,41.45%,14.88,7611.04,2.17%,Flipkart,Apr-25
Mar-25,D2C,North,BEC-BW-002,BEC-BW-002,105,18375,669.95,1669.38,11,Bake & Wrap,175,92,MATCH,17705.05,45.44%,11.01,6375.67,10.48%,D2C,Mar-25
Mar-25,Amazon ,South,BEC-OTH-001,BEC-OTH-001,113,16837,3372.03,1670.91,3,Others,149,72,MATCH,13464.97,39.58%,10.08,3658.06,2.65%,Amazon,Mar-25
Apr-25,Flipkart,North,BEC-BW-001,BEC-BW-001,91,20020,5296.55,1671.4,2,Bake & Wrap,220,118,MATCH,14723.45,27.07%,11.98,2314.05,2.20%,Flipkart,Apr-25
Mar-25,D2C,West,BEC-BW-001,BEC-BW-001,129,28380,782.25,1673.24,13,Bake & Wrap,220,118,MATCH,27597.75,44.84%,16.96,10702.51,10.08%,D2C,Mar-25
Jan-24,D2C,North,BEC-GB-001,BEC-GB-001,121,18029,1706.9,1673.34,19,Garbage Bags,149,70,MATCH,16322.1,48.11%,10.77,6178.76,15.70%,D2C,Jan-24
Apr-24,Amazon,South,BEC-BW-001,BEC-BW-001,152,33440,2904.81,1673.69,7,Bake & Wrap,220,118,MATCH,30535.19,41.26%,19.98,10925.5,4.61%,Amazon,Apr-24
Jan-25,Zepto,North,BEC-OTH-001,BEC-OTH-001,89,13261,1936.44,1674.45,2,Others,149,72,MATCH,11324.56,43.42%,7.92,3242.11,2.25%,Zepto,Apr-25
May-24,Blinkit,North,BEC-OTH-001,BEC-OTH-001,135,20115,3577.77,1674.58,8,Others,149,72,MATCH,16537.23,41.22%,12.01,5142.65,5.93%,Blinkit,May-24
Sep-24,Flipkart,West,BEC-GB-002,BEC-GB-002,147,26313,4893,1674.65,3,Garbage Bags,179,86,MATCH,21420,40.98%,15.71,7103.35,2.04%,Flipkart,Sep-24
May-24,Flipkart,North,BEC-BW-002,BEC-BW-002,99,17325,1713.86,1676.52,5,Bake & Wrap,175,92,MATCH,15611.14,41.66%,10.33,4826.62,5.05%,Flipkart,May-24
Jan-25,D2C,North,BEC-GB-001,BEC-GB-001,177,26373,2792.19,1678.15,21,Garbage Bags,149,70,MATCH,23580.81,47.46%,15.72,9512.66,11.86%,D2C,Jan-25
Nov-24,Blinkit,South,  BEC-KT-001,BEC-KT-001,119,19040,1950.5,1679.78,6,Kitchen Towel,160,78,MATCH,17089.5,45.69%,11.33,6127.72,5.04%,Blinkit,Nov-24
Apr-25,Amazon,North,BEC-GB-001,BEC-GB-001,286,42614,10585.07,1679.87,7,Garbage Bags,149,70,MATCH,32028.93,37.49%,25.37,10329.06,2.45%,Amazon,Apr-25
Feb-25,Swiggy Instamart,North,BEC-BW-001,BEC-BW-001,75,16500,982.02,1679.94,1,Bake & Wrap,220,118,MATCH,15517.98,42.97%,9.82,4988.04,1.33%,Swiggy Instamart,Feb-25
Oct-24,Swiggy Instamart,West,BEC-GB-001,BEC-GB-001,114,16986,5078.02,1683.38,4,Garbage Bags,149,70,MATCH,11907.98,32.99%,10.09,2244.6,3.51%,Swiggy Instamart,Oct-24
Nov-24,Flipkart,North,BEC-KT-001,BEC-KT-001,125,20000,3509.98,1683.59,3,Kitchen Towel,160,78,MATCH,16490.02,40.87%,11.88,5056.43,2.40%,Flipkart,Nov-24
Aug-24,Zepto,North,BEC-BW-001,BEC-BW-001,79,17380,4755.1,1684.17,2,Bake & Wrap,220,118,MATCH,12624.9,26.16%,10.32,1618.73,2.53%,Zepto,Aug-24
Dec-24, Zepto,West,BEC-TIS-001,BEC-TIS-001,242,22990,4254.64,1687.57,11,Tissues,95,42,MATCH,18735.36,45.75%,13.62,6883.79,4.55%,Zepto,Dec-24
Mar-24,Swiggy Instamart,North,BEC-KT-001,BEC-KT-001,123,19680,5479.81,1689.53,7,Kitchen Towel,160,78,MATCH,14200.19,32.44%,11.65,2916.66,5.69%,Swiggy Instamart,Mar-24
May-24,Swiggy Instamart,South,BEC-GB-001,BEC-GB-001,108,16092,2972.54,1689.77,2,Garbage Bags,149,70,MATCH,13119.46,42.38%,9.52,3869.69,1.85%,Swiggy Instamart,May-24
Apr-24,D2C,West,BEC-CMB-001,BEC-CMB-001,28,19572,1144.91,1690.94,4,Others,699,330,MATCH,18427.09,49.86%,11.57,7496.15,14.29%,D2C,Apr-24
Jan-25,D2C,West,BEC-BW-002,BEC-BW-002,138,24150,1928.06,1692.32,16,Bake & Wrap,175,92,MATCH,22221.94,42.87%,14.27,7833.62,11.59%,D2C,May-25
Jun-24,Blinkit,South,BEC-OTH-001,BEC-OTH-001,105,15645,2967.5,1692.62,2,Others,149,72,MATCH,12677.5,40.37%,9.24,3424.88,1.90%,Blinkit,Jun-24
Mar-24,D2C,North,BEC-BW-001,BEC-BW-001,85,18700,2128.12,1693.72,10,Bake & Wrap,220,118,MATCH,16571.88,39.48%,11.04,4848.16,11.76%,D2C,Mar-24
Jun-24, Zepto,South,BEC-BW-001,BEC-BW-001,78,17160,4736.97,1694.45,4,Bake & Wrap,220,118,MATCH,12423.03,25.91%,10.13,1524.58,5.13%,Zepto,Jun-24
Jun-25,D2C,West,BEC-CMB-001,BEC-CMB-001,28,19572,789.8,1694.61,2,Others,699,330,MATCH,18782.2,50.80%,11.55,7847.59,7.14%,D2C,Jun-25
Jan-25,D2C,North,BEC-TIS-001,BEC-TIS-001,143,13585,978.99,1695.7,21,Tissues,95,42,MATCH,12606.01,52.36%,8.01,4904.31,14.69%,D2C,Jan-25
Jan-24,Zepto,West,BEC-TIS-001,BEC-TIS-001,318,30210,1988.35,1697.22,11,Tissues,95,42,MATCH,28221.65,52.67%,17.80,13168.43,3.46%,Zepto,Jan-24
Jan-24,Swiggy Instamart,South,BEC-CMB-001,BEC-CMB-001,24,16776,1935.22,1697.81,0,Others,699,330,MATCH,14840.78,46.63%,9.88,5222.97,0.00%,Swiggy Instamart,Jan-24
Jan-24,Amazon,North,BEC-BW-001,BEC-BW-001,142,31240,3926.71,1699.84,7,Bake & Wrap,220,118,MATCH,27313.29,38.65%,18.38,8857.45,4.93%,Amazon,Jan-24
Sep-24,D2C,South,BEC-GB-002,BEC-GB-002,78,13962,1969.82,1700.79,13,Garbage Bags,179,86,MATCH,11992.18,44.06%,8.21,3583.39,16.67%,D2C,Sep-24
Mar-25,Swiggy Instamart,North,BEC-BW-001,BEC-BW-001,71,15620,2503.35,1704.5,3,Bake & Wrap,220,118,MATCH,13116.65,36.13%,9.16,3034.15,4.23%,Swiggy Instamart,Mar-25
May-24,Blinkit,North,BEC-TIS-001,BEC-TIS-001,253,24035,5315.74,1704.56,12,Tissues,95,42,MATCH,18719.26,43.23%,14.10,6388.7,4.74%,Blinkit,May-24
May-24,D2C,South,BEC-KT-001,BEC-KT-001,86,13760,1077.13,1704.84,14,Kitchen Towel,160,78,MATCH,12682.87,47.11%,8.07,4270.03,16.28%,D2C,May-24
Jan-24,D2C,West,BEC-GB-001,BEC-GB-001,173,25777,2063.97,1706.2,22,Garbage Bags,149,70,MATCH,23713.03,48.93%,15.11,9896.83,12.72%,D2C,Aug-24
Nov-24, Zepto,West,BEC-BW-002,BEC-BW-002,163,28525,7285.76,1707.19,4,Bake & Wrap,175,92,MATCH,21239.24,29.39%,16.71,4536.05,2.45%,Zepto,Nov-24
Oct-24,Zepto,North,BEC-TIS-002,BEC-TIS-002,179,32220,1644.15,1708.18,9,Tissues,180,95,MATCH,30575.85,44.38%,18.86,11862.67,5.03%,Zepto,Oct-24
Mar-25,Swiggy Instamart,West,BEC-TIS-001,BEC-TIS-001,281,26695,2177.43,1708.45,10,Tissues,95,42,MATCH,24517.57,51.86%,15.63,11007.12,3.56%,Swiggy Instamart,Mar-25
Apr-25,D2C,West,BEC-OTH-001,BEC-OTH-001,107,15943,619.57,1709.8,16,Others,149,72,MATCH,15323.43,49.72%,9.32,5909.63,14.95%,D2C,Apr-25
Jun-25,Swiggy Instamart,North,BEC-TIS-002,BEC-TIS-002,167,30060,4274.71,1710.51,8,Tissues,180,95,MATCH,25785.29,38.47%,17.57,8209.78,4.79%,Swiggy Instamart,Jun-25
Oct-24,Zepto,North,BEC-GB-001,BEC-GB-001,220,32780,6014.09,1710.67,4,Garbage Bags,149,70,MATCH,26765.91,42.46%,19.16,9655.24,1.82%,Zepto,Oct-24
Sep-24,D2C,South,BEC-TIS-001,BEC-TIS-001,134,12730,979.13,1711.35,15,Tissues,95,42,MATCH,11750.87,52.11%,7.44,4411.52,11.19%,D2C,Sep-24
May-24,Flipkart,North,BEC-GB-001,BEC-GB-001,165,24585,1246.67,1711.35,9,Garbage Bags,149,70,MATCH,23338.33,50.51%,14.37,10076.98,5.45%,Flipkart,May-24
Sep-24,D2C,South,BEC-TIS-002,BEC-TIS-002,100,18000,2685.28,1711.56,9,Tissues,180,95,MATCH,15314.72,37.97%,10.52,4103.16,9.00%,D2C,Sep-24
Sep-24,Blinkit,South,BEC-CMB-001,BEC-CMB-001,21,14679,1467.76,1712.26,1,Others,699,330,MATCH,13211.24,47.54%,8.57,4568.98,4.76%,Blinkit,Sep-24
Jun-25, Zepto,North,  BEC-GB-001,BEC-GB-001,167,24883,2395.01,1713.97,4,Garbage Bags,149,70,MATCH,22487.99,48.02%,14.52,9084.02,2.40%,Zepto,Jun-25
Jul-24,D2C,West,BEC-CMB-001,BEC-CMB-001,27,18873,2308.79,1714.34,3,Others,699,330,MATCH,16564.21,46.21%,11.01,5939.87,11.11%,D2C,Jul-24
Jul-24,Amazon,South,BEC-CMB-001,BEC-CMB-001,41,28659,6762,1715.87,2,Others,699,330,MATCH,21897,38.21%,16.70,6651.13,4.88%,Amazon,Jul-24
Apr-24, Zepto,South,BEC-TIS-001,BEC-TIS-001,180,17100,2937.79,1716.54,10,Tissues,95,42,MATCH,14162.21,46.62%,9.96,4885.67,5.56%,Zepto,Apr-24
Jan-25, Zepto,South,BEC-BW-002,BEC-BW-002,87,15225,1948.98,1717.8,3,Bake & Wrap,175,92,MATCH,13276.02,39.71%,8.86,3554.22,3.45%,Zepto,Jan-25
Mar-24,Flipkart,North,BEC-BW-001,BEC-BW-001,96,21120,5726.49,1717.89,4,Bake & Wrap,220,118,MATCH,15393.51,26.41%,12.29,2347.62,4.17%,Flipkart,Mar-24
Jun-24,Zepto,South,  BEC-TIS-002,BEC-TIS-002,178,32040,3021.84,1718.31,10,Tissues,180,95,MATCH,29018.16,41.73%,18.65,10389.85,5.62%,Zepto,Jun-24
Feb-25,Swiggy Instamart,South,BEC-BW-002,BEC-BW-002,87,15225,2124.02,1719.29,2,Bake & Wrap,175,92,MATCH,13100.98,38.91%,8.86,3377.69,2.30%,Swiggy Instamart,Feb-25
Jun-24,Blinkit,North,BEC-GB-002,BEC-GB-002,166,29714,5800.9,1719.49,7,Garbage Bags,179,86,MATCH,23913.1,40.30%,17.28,7917.61,4.22%,Blinkit,Jun-24
Oct-24,Amazon,West,BEC-GB-001,BEC-GB-001,274,40826,9518.73,1721.24,10,Garbage Bags,149,70,MATCH,31307.27,38.74%,23.72,10406.03,3.65%,Amazon,Oct-24
Jun-25,Flipkart,South,BEC-CMB-001,BEC-CMB-001,21,14679,2325.02,1721.94,0,Others,699,330,MATCH,12353.98,43.90%,8.52,3702.04,0.00%,Flipkart,Jun-25
Dec-24,Flipkart,North,BEC-GB-001,BEC-GB-001,175,26075,7165.97,1722.14,9,Garbage Bags,149,70,MATCH,18909.03,35.22%,15.14,4936.89,5.14%,Flipkart,Dec-24
Nov-24, Zepto,South,BEC-GB-001,BEC-GB-001,174,25926,1332.36,1724.04,8,Garbage Bags,149,70,MATCH,24593.64,50.48%,15.04,10689.6,4.60%,Zepto,Nov-24
Apr-25,D2C,West,BEC-KT-001,BEC-KT-001,163,26080,860.72,1724.36,26,Kitchen Towel,160,78,MATCH,25219.28,49.59%,15.12,10780.92,15.95%,D2C,Apr-25
Feb-24,Blinkit,South,BEC-KT-001,BEC-KT-001,209,33440,2997.62,1725.47,11,Kitchen Towel,160,78,MATCH,30442.38,46.45%,19.38,12414.91,5.26%,Blinkit,Feb-24
Jan-25,Flipkart,North,BEC-BW-002,BEC-BW-002,93,16275,2878.84,1726.4,3,Bake & Wrap,175,92,MATCH,13396.16,36.13%,9.43,3113.76,3.23%,Flipkart,Jan-25
Sep-24,Flipkart,South,BEC-CMB-001,BEC-CMB-001,21,14679,1854.67,1726.6,1,Others,699,330,MATCH,12824.33,45.96%,8.50,4167.73,4.76%,Flipkart,Sep-24
Aug-24,D2C,West,BEC-KT-001,BEC-KT-001,166,26560,2148.12,1727.29,16,Kitchen Towel,160,78,MATCH,24411.88,46.96%,15.38,9736.59,9.64%,D2C,Aug-24
Jan-24,Flipkart,West,BEC-OTH-001,BEC-OTH-001,115,"17,135",4232.66,1727.37,3,Others,149,72,MATCH,12902.34,35.83%,9.92,2894.97,2.61%,Flipkart,Jan-24
Jan-24,D2C,West,BEC-OTH-001,BEC-OTH-001,96,14304,477.19,1727.65,9,Others,149,72,MATCH,13826.81,50.01%,8.28,5187.16,9.38%,D2C,Jan-24
Feb-24,Swiggy Instamart,West,BEC-GB-002,BEC-GB-002,188,33652,6599.26,1728.93,9,Garbage Bags,179,86,MATCH,27052.74,40.24%,19.46,9155.81,4.79%,Swiggy Instamart,Feb-24
Dec-24,Flipkart,West,BEC-BW-002,BEC-BW-002,108,18900,4533.89,1729.02,4,Bake & Wrap,175,92,MATCH,14366.11,30.84%,10.93,2701.09,3.70%,Flipkart,Dec-24
May-25,D2C,South,BEC-KT-001,BEC-KT-001,113,18080,2155.44,1729.07,16,Kitchen Towel,160,78,MATCH,15924.56,44.65%,10.46,5381.49,14.16%,D2C,May-25
Mar-25,Flipkart,North,BEC-CMB-001,BEC-CMB-001,26,18174,1874.61,1729.87,0,Others,699,330,MATCH,16299.39,47.36%,10.51,5989.52,0.00%,Flipkart,Mar-25
Oct-24,Swiggy Instamart,West,BEC-TIS-001,BEC-TIS-001,182,17290,2075.24,1731.28,7,Tissues,95,42,MATCH,15214.76,49.76%,9.99,5839.48,3.85%,Swiggy Instamart,Oct-24
Nov-24,Amazon,North,BEC-BW-002,BEC-BW-002,131,22925,4037.11,1736.4,3,Bake & Wrap,175,92,MATCH,18887.89,36.19%,13.20,5099.49,2.29%,Amazon,Nov-24
Mar-25,Swiggy Instamart,South,BEC-GB-001,BEC-GB-001,134,19966,4592.23,1742.6,4,Garbage Bags,149,70,MATCH,15373.77,38.99%,11.46,4251.17,2.99%,Swiggy Instamart,Mar-25
Mar-25,Zepto,South,BEC-GB-001,BEC-GB-001,219,32631,8259.26,1742.98,12,Garbage Bags,149,70,MATCH,24371.74,37.10%,18.72,7298.76,5.48%,Zepto,Mar-25
May-24,Swiggy Instamart,South,  BEC-CMB-001,BEC-CMB-001,24,16776,4787.28,1745.31,1,Others,699,330,MATCH,11988.72,33.94%,9.61,2323.41,4.17%,Swiggy Instamart,May-24
Apr-24,Swiggy Instamart,West,BEC-GB-001,BEC-GB-001,223,33227,5565.42,1745.36,7,Garbage Bags,149,70,MATCH,27661.58,43.57%,19.04,10306.22,3.14%,Swiggy Instamart,Apr-24
Oct-24,Blinkit,South,BEC-GB-001,BEC-GB-001,127,18923,4185.99,1745.98,4,Garbage Bags,149,70,MATCH,14737.01,39.68%,10.84,4101.03,3.15%,Blinkit,Oct-24
Jun-24,Amazon,North,BEC-TIS-001,BEC-TIS-001,444,42180,10304.3,1747,21,Tissues,95,42,MATCH,31875.7,41.50%,24.14,11480.7,4.73%,Amazon,Jun-24
Feb-25,Blinkit,South,BEC-TIS-002,BEC-TIS-002,205,36900,7358.91,1748.96,10,Tissues,180,95,MATCH,29541.09,34.07%,21.10,8317.13,4.88%,Blinkit,Feb-25
Feb-24,Swiggy Instamart,North,BEC-BW-002,BEC-BW-002,96,16800,3443.45,1751.24,2,Bake & Wrap,175,92,MATCH,13356.55,33.88%,9.59,2773.31,2.08%,Swiggy Instamart,Feb-24
Feb-24,Flipkart,North,BEC-KT-001,BEC-KT-001,136,"21,760",5041,1757.62,7,Kitchen Towel,160,78,MATCH,16719,36.55%,12.38,4353.38,5.15%,Flipkart,Feb-24
Jan-24,Blinkit,South,BEC-GB-002,BEC-GB-002,148,26492,5006.15,1760.31,5,Garbage Bags,179,86,MATCH,21485.85,40.76%,15.05,6997.54,3.38%,Blinkit,Jan-24
Nov-24,Flipkart,North,BEC-TIS-002,BEC-TIS-002,169,30420,5915.85,1760.38,9,Tissues,180,95,MATCH,24504.15,34.48%,17.28,6688.77,5.33%,Flipkart,Nov-24
Mar-25,Swiggy Instamart,West,BEC-KT-001,BEC-KT-001,153,24480,5137.12,1760.76,8,Kitchen Towel,160,78,MATCH,19342.88,38.30%,13.90,5648.12,5.23%,Swiggy Instamart,Mar-25
Jun-25,D2C,South,BEC-GB-002,BEC-GB-002,155,27745,1591.46,1761.9,22,Garbage Bags,179,86,MATCH,26153.54,49.03%,15.75,11061.64,14.19%,D2C,Jun-25
Apr-24,Zepto,West,BEC-BW-002,BEC-BW-002,160,28000,1872.29,1762.3,4,Bake & Wrap,175,92,MATCH,26127.71,43.66%,15.89,9645.41,2.50%,Zepto,Apr-24
Aug-24,Blinkit,West,BEC-GB-001,BEC-GB-001,216,32184,9544.05,1764.08,11,Garbage Bags,149,70,MATCH,22639.95,33.22%,18.24,5755.87,5.09%,Blinkit,Aug-24
Mar-25, Zepto,West,BEC-OTH-001,BEC-OTH-001,169,25181,3021.62,1764.86,4,Others,149,72,MATCH,22159.38,45.09%,14.27,8226.52,2.37%,Zepto,Mar-25
Aug-24,Blinkit,South,BEC-KT-001,BEC-KT-001,154,24640,7123.67,1765.09,9,Kitchen Towel,160,78,MATCH,17516.33,31.42%,13.96,3739.24,5.84%,Blinkit,Aug-24
Oct-24,Zepto,North,BEC-TIS-001,BEC-TIS-001,189,17955,1731.34,1765.74,4,Tissues,95,42,MATCH,16223.66,51.07%,10.17,6519.92,2.12%,Zepto,Oct-24
Apr-24,Flipkart,West,BEC-KT-001,BEC-KT-001,179,28640,8377.83,1767.34,10,Kitchen Towel,160,78,MATCH,20262.17,31.09%,16.21,4532.83,5.59%,Flipkart,Apr-24
Aug-24, Zepto,West,BEC-CMB-001,BEC-CMB-001,47,32853,4257.35,1769.81,1,Others,699,330,MATCH,28595.65,45.76%,18.56,11315.84,2.13%,Zepto,Aug-24
Jan-25,D2C,West,BEC-TIS-001,BEC-TIS-001,206,19570,2669.18,1770.37,29,Tissues,95,42,MATCH,16900.82,48.81%,11.05,6478.45,14.08%,D2C,Jan-25
Jun-24,Amazon ,South,BEC-BW-002,BEC-BW-002,146,25550,2210.47,1774.6,5,Bake & Wrap,175,92,MATCH,23339.53,42.45%,14.40,8132.93,3.42%,Amazon,Jun-24
Mar-24,Zepto,West,BEC-TIS-001,BEC-TIS-001,240,22800,5993.06,1774.64,12,Tissues,95,42,MATCH,16806.94,40.02%,12.85,4952.3,5.00%,Zepto,Mar-24
Oct-24,Blinkit,North,BEC-TIS-002,BEC-TIS-002,165,29700,7475.19,1775.57,9,Tissues,180,95,MATCH,22224.81,29.47%,16.73,4774.24,5.45%,Blinkit,Oct-24
Nov-24, Zepto,West,BEC-BW-001,BEC-BW-001,100,22000,3696.65,1775.7,2,Bake & Wrap,220,118,MATCH,18303.35,35.53%,12.39,4727.65,2.00%,Zepto,Nov-24
Jun-25,Swiggy Instamart,West,BEC-CMB-001,BEC-CMB-001,27,18873,5081.29,1775.74,1,Others,699,330,MATCH,13791.71,35.40%,10.63,3105.97,3.70%,Swiggy Instamart,Jun-25
Jul-24,Zepto,West,BEC-TIS-001,BEC-TIS-001,212,20140,5910.06,1775.85,11,Tissues,95,42,MATCH,14229.94,37.43%,11.34,3550.09,5.19%,Zepto,Jul-24
Sep-24,D2C,West,BEC-CMB-001,BEC-CMB-001,20,13980,1359.34,1775.97,2,Others,699,330,MATCH,12620.66,47.70%,7.87,4244.69,10.00%,D2C,Sep-24
Jan-25,Flipkart,North,BEC-KT-001,BEC-KT-001,207,33120,9306.38,1776.22,4,Kitchen Towel,160,78,MATCH,23813.62,32.20%,18.65,5891.4,1.93%,Flipkart,Jan-25
Jun-25,Zepto,South,BEC-BW-002,BEC-BW-002,91,15925,3494.31,1776.4,4,Bake & Wrap,175,92,MATCH,12430.69,32.65%,8.96,2282.29,4.40%,Zepto,Jun-25
Dec-24,Flipkart,North,BEC-OTH-001,BEC-OTH-001,96,14304,755.28,1780.09,3,Others,149,72,MATCH,13548.72,48.98%,8.04,4856.63,3.13%,Flipkart,Dec-24
Jan-25,D2C,North,BEC-BW-001,BEC-BW-001,107,23540,927.37,1780.57,17,Bake & Wrap,220,118,MATCH,22612.63,44.16%,13.22,8206.06,15.89%,D2C,Jan-25
Jan-24,Zepto,North,  BEC-BW-001,BEC-BW-001,96,21120,4865.9,1780.75,5,Bake & Wrap,220,118,MATCH,16254.1,30.31%,11.86,3145.35,5.21%,Zepto,Jan-24
Jul-24,Amazon,West,BEC-BW-002,BEC-BW-002,230,40250,7502.3,1780.96,6,Bake & Wrap,175,92,MATCH,32747.7,35.38%,22.60,9806.74,2.61%,Amazon,Jul-24
Mar-25,Amazon,North,BEC-BW-002,BEC-BW-002,155,27125,6015.92,1782.46,6,Bake & Wrap,175,92,MATCH,21109.08,32.45%,15.22,5066.62,3.87%,Amazon,Mar-25
Dec-24,D2C,South,BEC-GB-001,BEC-GB-001,135,20115,445.89,1782.96,12,Garbage Bags,149,70,MATCH,19669.11,51.96%,11.28,8436.15,8.89%,D2C,Dec-24
Apr-24,Amazon,North,BEC-CMB-001,BEC-CMB-001,52,36348,8511.99,1783.13,1,Others,699,330,MATCH,27836.01,38.35%,20.38,8892.88,1.92%,Amazon,Apr-24
Jan-24,Swiggy Instamart,South,BEC-TIS-002,BEC-TIS-002,140,25200,2656.32,1783.14,6,Tissues,180,95,MATCH,22543.68,41.00%,14.13,7460.54,4.29%,Swiggy Instamart,Jan-24
May-25,Swiggy Instamart,North,BEC-BW-001,BEC-BW-001,84,18480,3008.98,1783.97,2,Bake & Wrap,220,118,MATCH,15471.02,35.93%,10.36,3775.05,2.38%,Swiggy Instamart,May-25
Sep-24,Swiggy Instamart,West,BEC-GB-002,BEC-GB-002,159,28461,8205.63,1784.33,7,Garbage Bags,179,86,MATCH,20255.37,32.49%,15.95,4797.04,4.40%,Swiggy Instamart,Sep-24
Jan-24,Blinkit,South,BEC-BW-002,BEC-BW-002,115,20125,3512.55,1784.64,3,Bake & Wrap,175,92,MATCH,16612.45,36.31%,11.28,4247.81,2.61%,Blinkit,Jan-24
Apr-24,D2C,South,BEC-GB-002,BEC-GB-002,121,21659,2453.36,1784.81,11,Garbage Bags,179,86,MATCH,19205.64,45.82%,12.14,7014.83,9.09%,D2C,Apr-24
Jan-25,D2C,West,BEC-GB-001,BEC-GB-001,172,25628,1254.45,1786.77,18,Garbage Bags,149,70,MATCH,24373.55,50.60%,14.34,10546.78,10.47%,D2C,Apr-25
Jan-24,Zepto,West,BEC-BW-002,BEC-BW-002,118,20650,3096.19,1786.79,4,Bake & Wrap,175,92,MATCH,17553.81,38.16%,11.56,4911.02,3.39%,Zepto,Jan-24
Jun-24, Zepto,West,BEC-BW-002,BEC-BW-002,136,"23,800",4762.39,1786.86,4,Bake & Wrap,175,92,MATCH,19037.61,34.28%,13.32,4738.75,2.94%,Zepto,Jun-24
Nov-24,Zepto,South,  BEC-TIS-001,BEC-TIS-001,202,19190,4191.8,1787.53,9,Tissues,95,42,MATCH,14998.2,43.43%,10.74,4726.67,4.46%,Zepto,Nov-24
Feb-25,Swiggy Instamart,South,BEC-KT-001,BEC-KT-001,103,16480,3901.09,1788.4,2,Kitchen Towel,160,78,MATCH,12578.91,36.13%,9.21,2756.51,1.94%,Swiggy Instamart,Feb-25
Jan-25,Swiggy Instamart,West,BEC-GB-002,BEC-GB-002,230,41170,10907.68,1788.73,4,Garbage Bags,179,86,MATCH,30262.32,34.64%,23.02,8693.59,1.74%,Swiggy Instamart,Jan-25
Aug-24,Flipkart,North,BEC-KT-001,BEC-KT-001,102,16320,3052.74,1789.29,3,Kitchen Towel,160,78,MATCH,13267.26,40.03%,9.12,3521.97,2.94%,Flipkart,Aug-24
Jan-25,Amazon ,West,BEC-CMB-001,BEC-CMB-001,61,42639,9388.58,1789.57,1,Others,699,330,MATCH,33250.42,39.46%,23.83,11330.85,1.64%,Amazon,Jan-25
Mar-24,Blinkit,West,BEC-OTH-001,BEC-OTH-001,180,26820,2082.21,1792.18,8,Others,149,72,MATCH,24737.79,47.61%,14.97,9985.61,4.44%,Blinkit,Mar-24
Jun-25,Zepto,North,BEC-CMB-001,BEC-CMB-001,49,34251,7880.36,1793.14,1,Others,699,330,MATCH,26370.64,38.68%,19.10,8407.5,2.04%,Zepto,Jun-25
May-25,Zepto,South,BEC-TIS-001,BEC-TIS-001,182,17290,3046.21,1793.46,10,Tissues,95,42,MATCH,14243.79,46.33%,9.64,4806.33,5.49%,Zepto,May-25
Feb-25,Flipkart,North,BEC-BW-001,BEC-BW-001,93,20460,4088.26,1794.95,2,Bake & Wrap,220,118,MATCH,16371.74,32.97%,11.40,3602.79,2.15%,Flipkart,Feb-25
Jun-25,Swiggy Instamart,West,BEC-KT-001,BEC-KT-001,143,22880,4566.4,1798.09,4,Kitchen Towel,160,78,MATCH,18313.6,39.09%,12.72,5361.51,2.80%,Swiggy Instamart,Jun-25
May-25,Zepto,West,BEC-KT-001,BEC-KT-001,237,37920,2592.89,1798.15,8,Kitchen Towel,160,78,MATCH,35327.11,47.67%,21.09,15042.96,3.38%,Zepto,May-25
Jun-25,Swiggy Instamart,West,BEC-BW-002,BEC-BW-002,85,14875,1129.7,1799.66,4,Bake & Wrap,175,92,MATCH,13745.3,43.11%,8.27,4125.64,4.71%,Swiggy Instamart,Jun-25
Aug-24,D2C,North,BEC-BW-001,BEC-BW-001,65,14300,1513.78,1800.19,8,Bake & Wrap,220,118,MATCH,12786.22,40.01%,7.94,3316.03,12.31%,D2C,Aug-24
Apr-24,Flipkart,North,BEC-BW-002,BEC-BW-002,105,18375,3618.07,1801.85,3,Bake & Wrap,175,92,MATCH,14756.93,34.54%,10.20,3295.08,2.86%,Flipkart,Apr-24
Oct-24,D2C,West,BEC-BW-002,BEC-BW-002,82,14350,1356.8,1801.88,13,Bake & Wrap,175,92,MATCH,12993.2,41.94%,7.96,3647.32,15.85%,D2C,Oct-24
May-24,Swiggy Instamart,West,BEC-GB-001,BEC-GB-001,225,33525,6436.26,1802.36,9,Garbage Bags,149,70,MATCH,27088.74,41.86%,18.60,9536.38,4.00%,Swiggy Instamart,May-24
May-25,D2C,South,BEC-BW-001,BEC-BW-001,76,16720,584.74,1803.3,9,Bake & Wrap,220,118,MATCH,16135.26,44.42%,9.27,5363.96,11.84%,D2C,May-25
Feb-25,Blinkit,North,BEC-BW-002,BEC-BW-002,114,19950,5401.52,1803.32,2,Bake & Wrap,175,92,MATCH,14548.48,27.91%,11.06,2257.16,1.75%,Blinkit,Feb-25
Mar-25,Blinkit,South,BEC-OTH-001,BEC-OTH-001,122,18178,1494.68,1803.79,5,Others,149,72,MATCH,16683.32,47.35%,10.08,6095.53,4.10%,Blinkit,Mar-25
Sep-24,Amazon,West,BEC-CMB-001,BEC-CMB-001,44,30756,2145.9,1806,1,Others,699,330,MATCH,28610.1,49.25%,17.03,12284.1,2.27%,Amazon,Sep-24
Jan-24,Amazon,South,BEC-OTH-001,BEC-OTH-001,110,16390,2847.77,1807.36,3,Others,149,72,MATCH,13542.23,41.52%,9.07,3814.87,2.73%,Amazon,Jan-24
May-25,D2C,North,BEC-TIS-001,BEC-TIS-001,154,14630,363.99,1807.41,24,Tissues,95,42,MATCH,14266.01,54.66%,8.09,5990.6,15.58%,D2C,May-25
Jul-24,Amazon,North,BEC-TIS-001,BEC-TIS-001,379,36005,3005.21,1808.57,17,Tissues,95,42,MATCH,32999.79,51.76%,19.91,15273.22,4.49%,Amazon,Jul-24
Oct-24,Flipkart,West,BEC-BW-001,BEC-BW-001,101,22220,3093.14,1809.35,5,Bake & Wrap,220,118,MATCH,19126.86,37.69%,12.28,5399.51,4.95%,Flipkart,Oct-24
Sep-24,Blinkit,West,BEC-CMB-001,BEC-CMB-001,47,32853,5697.96,1812.6,2,Others,699,330,MATCH,27155.04,42.88%,18.12,9832.44,4.26%,Blinkit,Sep-24
Sep-24,Blinkit,South,BEC-BW-002,BEC-BW-002,105,18375,4669.94,1813.02,4,Bake & Wrap,175,92,MATCH,13705.06,29.52%,10.14,2232.04,3.81%,Blinkit,Sep-24
Jan-24,Zepto,South,BEC-CMB-001,BEC-CMB-001,27,18873,2697.94,1813.25,0,Others,699,330,MATCH,16175.06,44.92%,10.41,5451.81,0.00%,Zepto,Jan-24
Jun-24,Amazon ,West,BEC-OTH-001,BEC-OTH-001,149,22201,2669.99,1813.73,6,Others,149,72,MATCH,19531.01,45.07%,12.24,6989.28,4.03%,Amazon,Jun-24
May-25,Swiggy Instamart,North,BEC-GB-001,BEC-GB-001,114,16986,4539.8,1813.73,6,Garbage Bags,149,70,MATCH,12446.2,35.88%,9.37,2652.47,5.26%,Swiggy Instamart,May-25
May-24,Swiggy Instamart,West,BEC-TIS-001,BEC-TIS-001,183,17385,3518.54,1814.85,4,Tissues,95,42,MATCH,13866.46,44.57%,9.58,4365.61,2.19%,Swiggy Instamart,May-24
Jul-24,Flipkart,North,BEC-KT-001,BEC-KT-001,160,25600,2915.51,1816.1,4,Kitchen Towel,160,78,MATCH,22684.49,44.98%,14.10,8388.39,2.50%,Flipkart,Jul-24
Apr-25,Flipkart,North,BEC-TIS-001,BEC-TIS-001,279,26505,5465.99,1816.64,10,Tissues,95,42,MATCH,21039.01,44.30%,14.59,7504.37,3.58%,Flipkart,Apr-25
Dec-24,Flipkart,North,BEC-BW-001,BEC-BW-001,75,16500,3526.85,1817.25,3,Bake & Wrap,220,118,MATCH,12973.15,31.78%,9.08,2305.9,4.00%,Flipkart,Dec-24
Oct-24,Flipkart,North,BEC-KT-001,BEC-KT-001,140,22400,5738.3,1818.39,7,Kitchen Towel,160,78,MATCH,16661.7,34.46%,12.32,3923.31,5.00%,Flipkart,Oct-24
Apr-25,Blinkit,North,BEC-TIS-001,BEC-TIS-001,320,30400,5791,1818.49,6,Tissues,95,42,MATCH,24609,45.39%,16.72,9350.51,1.88%,Blinkit,Apr-25
Sep-24,Swiggy Instamart,North,BEC-GB-002,BEC-GB-002,120,21480,3042.48,1819.37,3,Garbage Bags,179,86,MATCH,18437.52,44.03%,11.81,6298.15,2.50%,Swiggy Instamart,Sep-24
Feb-25,Swiggy Instamart,South,BEC-TIS-002,BEC-TIS-002,105,18900,4940.71,1820.82,5,Tissues,180,95,MATCH,13959.29,28.54%,10.38,2163.47,4.76%,Swiggy Instamart,Feb-25
Feb-25,D2C,West,BEC-CMB-001,BEC-CMB-001,30,20970,1565.66,1822.93,3,Others,699,330,MATCH,19404.34,48.98%,11.50,7681.41,10.00%,D2C,Feb-25
Oct-24,Amazon,North,BEC-BW-001,BEC-BW-001,156,34320,7174.39,1823.27,7,Bake & Wrap,220,118,MATCH,27145.61,32.19%,18.82,6914.34,4.49%,Amazon,Oct-24
Jan-24,Swiggy Instamart,North,BEC-CMB-001,BEC-CMB-001,24,16776,2349.69,1824.41,0,Others,699,330,MATCH,14426.31,45.10%,9.20,4681.9,0.00%,Swiggy Instamart,Jan-24
Jun-24,Swiggy Instamart,West,BEC-GB-001,BEC-GB-001,129,19221,1361.41,1827.23,5,Garbage Bags,149,70,MATCH,17859.59,49.44%,10.52,7002.36,3.88%,Swiggy Instamart,Jun-24
Feb-25,Swiggy Instamart,South,BEC-TIS-001,BEC-TIS-001,159,15105,2283.16,1828.92,8,Tissues,95,42,MATCH,12821.84,47.92%,8.26,4314.92,5.03%,Swiggy Instamart,Feb-25
Jun-25,Flipkart,West,BEC-BW-002,BEC-BW-002,100,17500,1657.29,1829.61,4,Bake & Wrap,175,92,MATCH,15842.71,41.93%,9.56,4813.1,4.00%,Flipkart,Jun-25
Apr-24, Zepto,South,BEC-GB-001,BEC-GB-001,186,27714,5367.14,1836.92,3,Garbage Bags,149,70,MATCH,22346.86,41.74%,15.09,7489.94,1.61%,Zepto,Apr-24
Apr-25,Zepto,South,BEC-BW-002,BEC-BW-002,106,18550,5260.37,1838.61,4,Bake & Wrap,175,92,MATCH,13289.63,26.62%,10.09,1699.02,3.77%,Zepto,Apr-25
Dec-24,Swiggy Instamart,South,BEC-TIS-002,BEC-TIS-002,156,28080,8087.05,1839.41,4,Tissues,180,95,MATCH,19992.95,25.87%,15.27,3333.54,2.56%,Swiggy Instamart,Dec-24
May-24, Zepto,North,BEC-CMB-001,BEC-CMB-001,34,23766,2614.99,1839.77,1,Others,699,330,MATCH,21151.01,46.95%,12.92,8091.24,2.94%,Zepto,May-24
Aug-24,D2C,South,BEC-TIS-001,BEC-TIS-001,146,13870,516.71,1839.93,16,Tissues,95,42,MATCH,13353.29,54.08%,7.54,5381.36,10.96%,D2C,Aug-24
Feb-25,D2C,South,  BEC-GB-001,BEC-GB-001,171,25479,2874.18,1840.19,18,Garbage Bags,149,70,MATCH,22604.82,47.05%,13.85,8794.63,10.53%,D2C,Feb-25
Feb-24,Flipkart,North,BEC-GB-001,BEC-GB-001,201,29949,8052.66,1841.83,5,Garbage Bags,149,70,MATCH,21896.34,35.74%,16.26,5984.51,2.49%,Flipkart,Feb-24
Jan-25,Blinkit,South,BEC-CMB-001,BEC-CMB-001,29,20271,5299.25,1841.94,1,Others,699,330,MATCH,14971.75,36.08%,11.01,3559.81,3.45%,Blinkit,Jan-25
Jun-24,Flipkart,South,BEC-GB-002,BEC-GB-002,138,24702,2654.65,1843.28,3,Garbage Bags,179,86,MATCH,22047.35,46.17%,13.40,8336.07,2.17%,Flipkart,Jun-24
Sep-24,D2C,North,BEC-GB-002,BEC-GB-002,125,22375,889.32,1843.41,15,Garbage Bags,179,86,MATCH,21485.68,49.97%,12.14,8892.27,12.00%,D2C,Sep-24
Sep-24,Flipkart,West,BEC-CMB-001,BEC-CMB-001,28,19572,1905.43,1845.35,1,Others,699,330,MATCH,17666.57,47.70%,10.61,6581.22,3.57%,Flipkart,Sep-24
Mar-25,Blinkit,South,BEC-BW-001,BEC-BW-001,145,31900,7096.4,1845.46,3,Bake & Wrap,220,118,MATCH,24803.6,31.02%,17.29,5848.14,2.07%,Blinkit,Mar-25
Jun-24,Swiggy Instamart,South,BEC-KT-002,BEC-KT-002,74,31080,8126.56,1845.76,1,Kitchen Towel,420,205,MATCH,22953.44,33.91%,16.84,5937.68,1.35%,Swiggy Instamart,Jun-24
Dec-24,Zepto,South,BEC-TIS-002,BEC-TIS-002,202,36360,9350.82,1846.88,6,Tissues,180,95,MATCH,27009.18,28.95%,19.69,5972.3,2.97%,Zepto,Dec-24
Dec-24,Amazon,North,BEC-OTH-001,BEC-OTH-001,145,21605,2801.36,1849.9,6,Others,149,72,MATCH,18803.64,44.48%,11.68,6513.74,4.14%,Amazon,Dec-24
Nov-24,Amazon ,South,BEC-GB-002,BEC-GB-002,169,30251,4958.83,1850.09,5,Garbage Bags,179,86,MATCH,25292.17,42.54%,16.35,8908.08,2.96%,Amazon,Nov-24
Aug-24,Amazon,West,BEC-OTH-001,BEC-OTH-001,144,21456,5891.09,1850.8,3,Others,149,72,MATCH,15564.91,33.39%,11.59,3346.11,2.08%,Amazon,Aug-24
Nov-24,D2C,South,BEC-GB-001,BEC-GB-001,103,15347,507.02,1851.11,16,Garbage Bags,149,70,MATCH,14839.98,51.42%,8.29,5778.87,15.53%,D2C,Nov-24
Jan-25,D2C,South,BEC-BW-002,BEC-BW-002,85,14875,2116.23,1853.41,11,Bake & Wrap,175,92,MATCH,12758.77,38.71%,8.03,3085.36,12.94%,D2C,Jan-25
Dec-24,Blinkit,North,BEC-BW-001,BEC-BW-001,142,31240,7507.57,1854.48,8,Bake & Wrap,220,118,MATCH,23732.43,29.40%,16.85,5121.95,5.63%,Blinkit,Dec-24
Oct-24,Blinkit,North,BEC-TIS-001,BEC-TIS-001,300,28500,5280.64,1854.89,10,Tissues,95,42,MATCH,23219.36,45.73%,15.36,8764.47,3.33%,Blinkit,Oct-24
Mar-24,D2C,North,BEC-TIS-001,BEC-TIS-001,205,19475,1766.69,1857.27,29,Tissues,95,42,MATCH,17708.31,51.38%,10.49,7241.04,14.15%,D2C,Mar-24
Feb-25,Swiggy Instamart,North,BEC-GB-001,BEC-GB-001,194,28906,7258.09,1857.74,8,Garbage Bags,149,70,MATCH,21647.91,37.27%,15.56,6210.17,4.12%,Swiggy Instamart,Feb-25
Sep-24,Swiggy Instamart,West,BEC-TIS-001,BEC-TIS-001,182,17290,1863.8,1858.83,9,Tissues,95,42,MATCH,15426.2,50.45%,9.30,5923.37,4.95%,Swiggy Instamart,Sep-24
Nov-24,Flipkart,West,BEC-CMB-001,BEC-CMB-001,26,18174,4706.63,1859.5,1,Others,699,330,MATCH,13467.37,36.29%,9.77,3027.87,3.85%,Flipkart,Nov-24
Oct-24,D2C,West,BEC-TIS-001,BEC-TIS-001,155,14725,1936.12,1859.63,21,Tissues,95,42,MATCH,12788.88,49.10%,7.92,4419.25,13.55%,D2C,Oct-24
May-24, Zepto,South,BEC-KT-001,BEC-KT-001,116,18560,4202.93,1860.06,6,Kitchen Towel,160,78,MATCH,14357.07,36.98%,9.98,3449.01,5.17%,Zepto,May-24
Sep-24,Blinkit,North,BEC-GB-002,BEC-GB-002,195,34905,6379.02,1861.71,10,Garbage Bags,179,86,MATCH,28525.98,41.21%,18.75,9894.27,5.13%,Blinkit,Sep-24
May-25,Flipkart,North,BEC-GB-002,BEC-GB-002,210,37590,8371.49,1861.76,11,Garbage Bags,179,86,MATCH,29218.51,38.19%,20.19,9296.75,5.24%,Flipkart,May-25
Dec-24,Blinkit,North,  BEC-CMB-001,BEC-CMB-001,32,22368,5973.03,1862.25,0,Others,699,330,MATCH,16394.97,35.59%,12.01,3972.72,0.00%,Blinkit,Dec-24
Sep-24,Zepto,North,BEC-KT-001,BEC-KT-001,178,28480,2896.9,1863.79,6,Kitchen Towel,160,78,MATCH,25583.1,45.73%,15.28,9835.31,3.37%,Zepto,Sep-24
Dec-24,D2C,North,BEC-TIS-002,BEC-TIS-002,200,36000,4931.31,1864.51,18,Tissues,180,95,MATCH,31068.69,38.85%,19.31,10204.18,9.00%,D2C,Dec-24
May-24,Flipkart,North,BEC-GB-002,BEC-GB-002,198,35442,6062.05,1867.85,11,Garbage Bags,179,86,MATCH,29379.95,42.04%,18.97,10484.1,5.56%,Flipkart,May-24
May-24,Swiggy Instamart,North,BEC-GB-001,BEC-GB-001,114,16986,1607.85,1869.11,5,Garbage Bags,149,70,MATCH,15378.15,48.11%,9.09,5529.04,4.39%,Swiggy Instamart,May-24
May-25, Zepto,South,BEC-KT-001,BEC-KT-001,156,24960,1668.1,1870.31,7,Kitchen Towel,160,78,MATCH,23291.9,47.76%,13.35,9253.59,4.49%,Zepto,May-25
Jun-25,Swiggy Instamart,South,BEC-GB-001,BEC-GB-001,119,17731,2374.74,1872.28,5,Garbage Bags,149,70,MATCH,15356.26,45.76%,9.47,5153.98,4.20%,Swiggy Instamart,Jun-25
May-24,Amazon ,North,BEC-BW-002,BEC-BW-002,175,30625,3314.63,1873.3,4,Bake & Wrap,175,92,MATCH,27310.37,41.05%,16.35,9337.07,2.29%,Amazon,May-24
Jun-24,Blinkit,North,BEC-KT-001,BEC-KT-001,152,24320,5522.38,1873.93,3,Kitchen Towel,160,78,MATCH,18797.62,36.93%,12.98,5067.69,1.97%,Blinkit,Jun-24
Jan-24,Blinkit,South,BEC-BW-001,BEC-BW-001,117,25740,6413.93,1873.96,4,Bake & Wrap,220,118,MATCH,19326.07,28.56%,13.74,3646.11,3.42%,Blinkit,May-24
Nov-24,Amazon,North,BEC-CMB-001,BEC-CMB-001,61,42639,9708.19,1874.68,3,Others,699,330,MATCH,32930.81,38.87%,22.74,10926.13,4.92%,Amazon,Nov-24
Feb-24,Blinkit,South,BEC-BW-001,BEC-BW-001,75,16500,3901.33,1876.86,2,Bake & Wrap,220,118,MATCH,12598.67,29.75%,8.79,1871.81,2.67%,Blinkit,Feb-24
Jan-24,Blinkit,North,BEC-GB-002,BEC-GB-002,233,41707,12019.34,1878.06,12,Garbage Bags,179,86,MATCH,29687.66,32.50%,22.21,7771.6,5.15%,Blinkit,Jan-24
May-25,Flipkart,North,BEC-KT-001,BEC-KT-001,135,"21,600",4695.05,1878.39,4,Kitchen Towel,160,78,MATCH,16904.95,37.71%,11.50,4496.56,2.96%,Flipkart,May-25
Oct-24,Flipkart,North,BEC-TIS-001,BEC-TIS-001,203,19285,5423.42,1880.94,7,Tissues,95,42,MATCH,13861.58,38.49%,10.25,3454.64,3.45%,Flipkart,Oct-24
Nov-24,D2C,West,BEC-BW-002,BEC-BW-002,115,20125,1200.57,1881.63,16,Bake & Wrap,175,92,MATCH,18924.43,44.09%,10.70,6462.8,13.91%,D2C,Nov-24
Feb-24, Zepto,West,BEC-GB-001,BEC-GB-001,206,30694,3690.06,1882.48,9,Garbage Bags,149,70,MATCH,27003.94,46.60%,16.31,10701.46,4.37%,Zepto,Feb-24
Jan-24,Swiggy Instamart,South,BEC-GB-002,BEC-GB-002,140,25060,1661.8,1886.32,5,Garbage Bags,179,86,MATCH,23398.2,48.54%,13.29,9471.88,3.57%,Swiggy Instamart,May-24
May-25,Zepto,North,BEC-TIS-001,BEC-TIS-001,273,25935,7764.79,1889.91,9,Tissues,95,42,MATCH,18170.21,36.90%,13.72,4814.3,3.30%,Zepto,May-25
Apr-25,Swiggy Instamart,North,BEC-CMB-001,BEC-CMB-001,30,20970,1903.75,1891.06,0,Others,699,330,MATCH,19066.25,48.08%,11.09,7275.19,0.00%,Swiggy Instamart,Apr-25
May-24,Flipkart,West,BEC-BW-001,BEC-BW-001,101,22220,1144.85,1891.71,4,Bake & Wrap,220,118,MATCH,21075.15,43.45%,11.75,7265.44,3.96%,Flipkart,May-24
Mar-24, Zepto,South,BEC-TIS-001,BEC-TIS-001,172,16340,1953.9,1891.73,7,Tissues,95,42,MATCH,14386.1,49.78%,8.64,5270.37,4.07%,Zepto,Mar-24
Jan-25,Swiggy Instamart,North,BEC-GB-001,BEC-GB-001,182,27118,4070.33,1891.74,4,Garbage Bags,149,70,MATCH,23047.67,44.72%,14.33,8415.93,2.20%,Swiggy Instamart,Jan-25
Oct-24,Swiggy Instamart,North,BEC-TIS-002,BEC-TIS-002,112,20160,3067.35,1892.35,4,Tissues,180,95,MATCH,17092.65,37.75%,10.65,4560.3,3.57%,Swiggy Instamart,Oct-24
Jun-24,Flipkart,West,BEC-KT-001,BEC-KT-001,187,29920,3994.53,1895.2,9,Kitchen Towel,160,78,MATCH,25925.47,43.74%,15.79,9444.27,4.81%,Flipkart,Jun-24
Jan-24,Amazon,South,BEC-BW-002,BEC-BW-002,177,30975,5530.86,1897.32,6,Bake & Wrap,175,92,MATCH,25444.14,36.00%,16.33,7262.82,3.39%,Amazon,Jan-24
Jul-24,Amazon,North,BEC-CMB-001,BEC-CMB-001,65,45435,12248.94,1901.9,2,Others,699,330,MATCH,33186.06,35.36%,23.89,9834.16,3.08%,Amazon,Jul-24
Jan-24,Flipkart,South,  BEC-TIS-002,BEC-TIS-002,162,29160,2237.08,1901.95,5,Tissues,180,95,MATCH,26922.92,42.84%,15.33,9630.97,3.09%,Flipkart,Jan-24
Jan-24,D2C,West,BEC-BW-002,BEC-BW-002,111,19425,1273.37,1903.49,11,Bake & Wrap,175,92,MATCH,18151.63,43.74%,10.20,6036.14,9.91%,D2C,Jan-24
Mar-25, Zepto,South,BEC-TIS-001,BEC-TIS-001,244,23180,2793.81,1906.7,11,Tissues,95,42,MATCH,20386.19,49.73%,12.16,8231.49,4.51%,Zepto,Mar-25
Mar-25,Blinkit,West,BEC-CMB-001,BEC-CMB-001,55,38445,11513.74,1906.9,1,Others,699,330,MATCH,26931.26,32.61%,20.16,6874.36,1.82%,Blinkit,Mar-25
Jun-24,Blinkit,South,BEC-TIS-002,BEC-TIS-002,215,38700,3168.91,1907.55,9,Tissues,180,95,MATCH,35531.09,42.52%,20.29,13198.54,4.19%,Blinkit,Jun-24
Dec-24,Swiggy Instamart,South,  BEC-GB-002,BEC-GB-002,86,15394,1521.35,1907.72,2,Garbage Bags,179,86,MATCH,13872.65,46.69%,8.07,4568.93,2.33%,Swiggy Instamart,Dec-24
Feb-25,D2C,South,BEC-CMB-001,BEC-CMB-001,22,15378,2071.3,1909,3,Others,699,330,MATCH,13306.7,45.44%,8.06,4137.7,13.64%,D2C,Feb-25
Jan-24,Swiggy Instamart,West,BEC-CMB-001,BEC-CMB-001,35,24465,4905.28,1909.19,1,Others,699,330,MATCH,19559.72,40.95%,12.81,6100.53,2.86%,Swiggy Instamart,Jan-24
Jan-24,Amazon ,North,BEC-GB-002,BEC-GB-002,249,44571,8388.65,1909.65,14,Garbage Bags,179,86,MATCH,36182.35,40.82%,23.34,12858.7,5.62%,Amazon,Feb-24
May-25,Flipkart,North,BEC-BW-002,BEC-BW-002,91,15925,2785.42,1910.3,2,Bake & Wrap,175,92,MATCH,13139.58,36.28%,8.34,2857.28,2.20%,Flipkart,May-25
May-24,D2C,South,BEC-TIS-002,BEC-TIS-002,166,29880,4294.59,1911.75,21,Tissues,180,95,MATCH,25585.41,38.36%,15.63,7903.66,12.65%,D2C,May-24
Mar-25,Blinkit,West,BEC-BW-001,BEC-BW-001,172,37840,10699.13,1912.91,9,Bake & Wrap,220,118,MATCH,27140.87,25.22%,19.78,4931.96,5.23%,Blinkit,Mar-25
Feb-25,Blinkit,South,BEC-BW-002,BEC-BW-002,102,17850,4134.15,1913.28,2,Bake & Wrap,175,92,MATCH,13715.85,31.58%,9.33,2418.57,1.96%,Blinkit,Feb-25
Jan-24,Swiggy Instamart,West,BEC-TIS-002,BEC-TIS-002,250,45000,12309.5,1913.77,10,Tissues,180,95,MATCH,32690.5,27.35%,23.51,7026.73,4.00%,Swiggy Instamart,Jan-24
Jan-24,Swiggy Instamart,West,UNKNOWN,UNKNOWN,250,45000,12309.5,1913.77,10,NOT FOUND,Not Found,NOT FOUND,NOT FOUND,32690.5,0.00%,23.51,0,4.00%,Swiggy Instamart,Jan-24
Nov-24,D2C,North,BEC-BW-001,BEC-BW-001,62,13640,671.58,1915.94,7,Bake & Wrap,220,118,MATCH,12968.42,43.59%,7.12,3736.48,11.29%,D2C,Nov-24
Oct-24, Zepto,North,BEC-BW-001,BEC-BW-001,107,23540,4588.88,1917.25,6,Bake & Wrap,220,118,MATCH,18951.12,33.38%,12.28,4407.87,5.61%,Zepto,Oct-24
Jun-25,Blinkit,South,BEC-GB-001,BEC-GB-001,175,26075,1591.65,1917.34,4,Garbage Bags,149,70,MATCH,24483.35,49.97%,13.60,10316.01,2.29%,Blinkit,Jun-25
Nov-24,Flipkart,South,BEC-KT-002,BEC-KT-002,101,42420,11389.7,1918.76,3,Kitchen Towel,420,205,MATCH,31030.3,33.27%,22.11,8406.54,2.97%,Flipkart,Nov-24
May-24,D2C,South,BEC-GB-002,BEC-GB-002,93,16647,733.61,1919.46,11,Garbage Bags,179,86,MATCH,15913.39,49.74%,8.67,5995.93,11.83%,D2C,May-24
Jun-24,Blinkit,North,BEC-BW-002,BEC-BW-002,114,19950,5456.36,1920.72,5,Bake & Wrap,175,92,MATCH,14493.64,27.64%,10.39,2084.92,4.39%,Blinkit,Jun-24
Mar-25, Zepto,South,  BEC-BW-001,BEC-BW-001,118,25960,4402.85,1921.37,4,Bake & Wrap,220,118,MATCH,21557.15,35.41%,13.51,5711.78,3.39%,Zepto,Mar-25
Mar-24,Blinkit,South,BEC-GB-001,BEC-GB-001,192,28608,6304.89,1922.06,6,Garbage Bags,149,70,MATCH,22303.11,39.74%,14.88,6941.05,3.13%,Blinkit,Mar-24
Sep-24,Zepto,South,BEC-BW-001,BEC-BW-001,82,18040,4155.51,1922.53,3,Bake & Wrap,220,118,MATCH,13884.49,30.31%,9.38,2285.96,3.66%,Zepto,Sep-24
Sep-24,Amazon ,South,BEC-BW-001,BEC-BW-001,116,25520,6938.43,1923.41,2,Bake & Wrap,220,118,MATCH,18581.57,26.34%,13.27,2970.16,1.72%,Amazon,Sep-24
Jan-24,D2C,North,BEC-KT-001,BEC-KT-001,98,15680,1178.94,1924.08,9,Kitchen Towel,160,78,MATCH,14501.06,47.29%,8.15,4932.98,9.18%,D2C,Jan-24
Feb-25,D2C,West,BEC-TIS-001,BEC-TIS-001,199,18905,2457.91,1925.92,18,Tissues,95,42,MATCH,16447.09,49.18%,9.82,6163.17,9.05%,D2C,Feb-25
Oct-24,Flipkart,West,BEC-GB-001,BEC-GB-001,147,21903,2514.72,1926.33,5,Garbage Bags,149,70,MATCH,19388.28,46.93%,11.37,7171.95,3.40%,Flipkart,Oct-24
Sep-24,Amazon,North,BEC-OTH-001,BEC-OTH-001,119,17731,1587.91,1926.54,3,Others,149,72,MATCH,16143.09,46.92%,9.20,5648.55,2.52%,Amazon,Sep-24
Jun-24,Blinkit,North,BEC-OTH-001,BEC-OTH-001,126,18774,5485.82,1926.68,4,Others,149,72,MATCH,13288.18,31.73%,9.74,2289.5,3.17%,Blinkit,Jun-24
May-25,Blinkit,South,BEC-TIS-002,BEC-TIS-002,194,34920,9623.94,1927.83,8,Tissues,180,95,MATCH,25296.06,27.14%,18.11,4938.23,4.12%,Blinkit,May-25
Jan-25,Flipkart,West,BEC-BW-001,BEC-BW-001,96,21120,3712.66,1928.09,2,Bake & Wrap,220,118,MATCH,17407.34,34.92%,10.95,4151.25,2.08%,Flipkart,Jan-25
Jul-24,Swiggy Instamart,North,BEC-TIS-002,BEC-TIS-002,117,21060,1869.29,1928.37,4,Tissues,180,95,MATCH,19190.71,42.08%,10.92,6147.34,3.42%,Swiggy Instamart,Jul-24
Jan-24,D2C,North,BEC-BW-001,BEC-BW-001,77,16940,425.14,1929.29,11,Bake & Wrap,220,118,MATCH,16514.86,44.98%,8.78,5499.57,14.29%,D2C,Jan-24
Jan-24,D2C,North,BEC-XXX-999,BEC-XXX-999,77,16940,425.14,1929.29,11,NOT FOUND,Not Found,NOT FOUND,NOT FOUND,16514.86,0.00%,8.78,0,14.29%,D2C,Jan-24
Nov-24,Zepto,West,BEC-OTH-001,BEC-OTH-001,123,18327,1116.16,1930.45,2,Others,149,72,MATCH,17210.84,48.54%,9.49,6424.39,1.63%,Zepto,Nov-24
May-24,Swiggy Instamart,North,BEC-KT-001,BEC-KT-001,94,15040,2155.38,1931.08,3,Kitchen Towel,160,78,MATCH,12884.62,43.09%,7.79,3621.54,3.19%,Swiggy Instamart,May-24
Jan-25,Amazon ,South,BEC-BW-001,BEC-BW-001,175,38500,7460.71,1931.69,8,Bake & Wrap,220,118,MATCH,31039.29,33.47%,19.93,8457.6,4.57%,Amazon,Mar-25
Feb-25,Zepto,North,BEC-BW-001,BEC-BW-001,95,20900,3311.4,1934.83,3,Bake & Wrap,220,118,MATCH,17588.6,36.27%,10.80,4443.77,3.16%,Zepto,Feb-25
Feb-25,Swiggy Instamart,West,BEC-CMB-001,BEC-CMB-001,43,30057,6305.49,1936.74,2,Others,699,330,MATCH,23751.51,40.26%,15.52,7624.77,4.65%,Swiggy Instamart,Feb-25
Jan-24,Amazon,South,BEC-GB-001,BEC-GB-001,213,31737,2455.27,1936.84,4,Garbage Bags,149,70,MATCH,29281.73,49.08%,16.39,12434.89,1.88%,Amazon,Jan-24
Oct-24,Swiggy Instamart,West,BEC-TIS-002,BEC-TIS-002,151,27180,3317.67,1938.35,3,Tissues,180,95,MATCH,23862.33,39.88%,14.02,7578.98,1.99%,Swiggy Instamart,Oct-24
Nov-24,Swiggy Instamart,North,BEC-CMB-001,BEC-CMB-001,24,16776,1128.88,1939.92,0,Others,699,330,MATCH,15647.12,49.38%,8.65,5787.2,0.00%,Swiggy Instamart,Nov-24
Nov-24,Amazon,South,BEC-CMB-001,BEC-CMB-001,34,23766,5976.12,1940.34,1,Others,699,330,MATCH,17789.88,36.93%,12.25,4629.54,2.94%,Amazon,Nov-24
May-25,Blinkit,South,BEC-CMB-001,BEC-CMB-001,29,20271,6078.65,1940.51,0,Others,699,330,MATCH,14192.35,32.57%,10.45,2681.84,0.00%,Blinkit,May-25
Jul-24,Flipkart,North,BEC-TIS-002,BEC-TIS-002,176,31680,9038.79,1941.6,7,Tissues,180,95,MATCH,22641.21,26.15%,16.32,3979.61,3.98%,Flipkart,Jul-24
Apr-24,Swiggy Instamart,North,BEC-BW-001,BEC-BW-001,79,17380,2505.73,1943.13,4,Bake & Wrap,220,118,MATCH,14874.27,37.33%,8.94,3609.14,5.06%,Swiggy Instamart,Apr-24
Nov-24,D2C,West,BEC-BW-001,BEC-BW-001,69,15180,499.15,1943.85,6,Bake & Wrap,220,118,MATCH,14680.85,44.54%,7.81,4595,8.70%,D2C,Nov-24
Jan-24,Swiggy Instamart,West,BEC-KT-001,BEC-KT-001,126,20160,3297.53,1944.3,4,Kitchen Towel,160,78,MATCH,16862.47,41.72%,10.37,5090.17,3.17%,Swiggy Instamart,Nov-24
Sep-24,Swiggy Instamart,North,BEC-GB-001,BEC-GB-001,135,20115,2928.01,1945.35,2,Garbage Bags,149,70,MATCH,17186.99,45.02%,10.34,5791.64,1.48%,Swiggy Instamart,Sep-24
Oct-24, Zepto,West,BEC-TIS-001,BEC-TIS-001,194,18430,4083.42,1945.47,5,Tissues,95,42,MATCH,14346.58,43.21%,9.47,4253.11,2.58%,Zepto,Oct-24
Feb-25,D2C,South,BEC-TIS-001,BEC-TIS-001,178,16910,710.48,1946.23,22,Tissues,95,42,MATCH,16199.52,53.85%,8.69,6777.29,12.36%,D2C,Feb-25
Apr-25,Swiggy Instamart,South,BEC-KT-001,BEC-KT-001,103,16480,1945.64,1949.07,5,Kitchen Towel,160,78,MATCH,14534.36,44.72%,8.46,4551.29,4.85%,Swiggy Instamart,Apr-25
Jan-24, Zepto,North,BEC-BW-002,BEC-BW-002,92,16100,2717.64,1949.51,5,Bake & Wrap,175,92,MATCH,13382.36,36.75%,8.26,2968.85,5.43%,Zepto,Jan-24
Jul-24,Flipkart,South,BEC-TIS-002,BEC-TIS-002,131,23580,4827.03,1950.19,3,Tissues,180,95,MATCH,18752.97,33.64%,12.09,4357.78,2.29%,Flipkart,Jul-24
Aug-24,Swiggy Instamart,West,BEC-GB-002,BEC-GB-002,156,27924,7775.01,1950.96,5,Garbage Bags,179,86,MATCH,20148.99,33.42%,14.31,4782.03,3.21%,Swiggy Instamart,Aug-24
Jan-24,Amazon,South,BEC-BW-001,BEC-BW-001,125,27500,1499.87,1951.18,2,Bake & Wrap,220,118,MATCH,26000.13,43.27%,14.09,9298.95,1.60%,Amazon,Jan-24
May-24,Blinkit,South,BEC-TIS-002,BEC-TIS-002,200,36000,8361.99,1951.41,8,Tissues,180,95,MATCH,27638.01,31.25%,18.45,6686.6,4.00%,Blinkit,May-24
Oct-24,Swiggy Instamart,South,BEC-KT-002,BEC-KT-002,92,38640,6849.76,1951.9,2,Kitchen Towel,420,205,MATCH,31790.24,40.67%,19.80,10978.34,2.17%,Swiggy Instamart,Oct-24
Jan-25, Zepto,North,BEC-OTH-001,BEC-OTH-001,116,17284,2664.17,1953.61,3,Others,149,72,MATCH,14619.83,42.87%,8.85,4314.22,2.59%,Zepto,Jan-25
Oct-24,Blinkit,West,BEC-BW-002,BEC-BW-002,103,18025,3296.76,1957.04,3,Bake & Wrap,175,92,MATCH,14728.24,35.66%,9.21,3295.2,2.91%,Blinkit,Oct-24
May-24, Zepto,North,BEC-GB-001,BEC-GB-001,151,22499,3193.7,1957.76,3,Garbage Bags,149,70,MATCH,19305.3,45.25%,11.49,6777.54,1.99%,Zepto,May-24
Jan-24,Blinkit,South,BEC-BW-001,BEC-BW-001,115,25300,3875.84,1957.92,4,Bake & Wrap,220,118,MATCH,21424.16,36.66%,12.92,5896.24,3.48%,Blinkit,Jan-24
Jul-24,Blinkit,South,BEC-BW-001,BEC-BW-001,83,18260,3983.22,1958.07,4,Bake & Wrap,220,118,MATCH,14276.78,31.40%,9.33,2524.71,4.82%,Blinkit,Jul-24
Apr-25,D2C,North,BEC-CMB-001,BEC-CMB-001,29,20271,1173.35,1959.68,4,Others,699,330,MATCH,19097.65,49.89%,10.34,7567.97,13.79%,D2C,Apr-25
Jan-25,Zepto,North,BEC-GB-002,BEC-GB-002,240,42960,7083.44,1959.76,5,Garbage Bags,179,86,MATCH,35876.56,42.47%,21.92,13276.8,2.08%,Zepto,Jan-25
Nov-24,Amazon ,West,BEC-TIS-001,BEC-TIS-001,404,38380,8391.56,1960.9,17,Tissues,95,42,MATCH,29988.44,43.42%,19.57,11059.54,4.21%,Amazon,Nov-24
May-25,Blinkit,South,BEC-KT-001,BEC-KT-001,213,34080,9988.14,1963.54,11,Kitchen Towel,160,78,MATCH,24091.86,31.04%,17.36,5514.32,5.16%,Blinkit,May-25
Jun-25,Blinkit,North,BEC-GB-002,BEC-GB-002,188,33652,2666.4,1963.71,7,Garbage Bags,179,86,MATCH,30985.6,47.82%,17.14,12853.89,3.72%,Blinkit,Jun-25
Jan-24,Blinkit,North,BEC-BW-002,BEC-BW-002,159,27825,6132.55,1964.08,7,Bake & Wrap,175,92,MATCH,21692.45,32.57%,14.17,5100.37,4.40%,Blinkit,Jan-24
Sep-24,D2C,North,BEC-GB-001,BEC-GB-001,116,17284,942.71,1966.87,14,Garbage Bags,149,70,MATCH,16341.29,50.31%,8.79,6254.42,12.07%,D2C,Sep-24
May-25, Zepto,North,BEC-GB-002,BEC-GB-002,206,36874,3522.74,1969.61,6,Garbage Bags,179,86,MATCH,33351.26,46.88%,18.72,13665.65,2.91%,Zepto,May-25
Jan-24,Swiggy Instamart,North,BEC-BW-002,BEC-BW-002,93,16275,1734.33,1970.28,4,Bake & Wrap,175,92,MATCH,14540.67,41.16%,8.26,4014.39,4.30%,Swiggy Instamart,Mar-24
Oct-24, Zepto,South,BEC-BW-002,BEC-BW-002,84,14700,1554.07,1970.85,3,Bake & Wrap,175,92,MATCH,13145.93,41.21%,7.46,3447.08,3.57%,Zepto,Oct-24
Feb-25,Swiggy Instamart,North,BEC-KT-001,BEC-KT-001,130,20800,3618.31,1972.29,4,Kitchen Towel,160,78,MATCH,17181.69,40.98%,10.55,5069.4,3.08%,Swiggy Instamart,Feb-25
Mar-25,Swiggy Instamart,North,BEC-GB-001,BEC-GB-001,189,28161,3266.57,1972.79,9,Garbage Bags,149,70,MATCH,24894.43,46.86%,14.27,9691.64,4.76%,Swiggy Instamart,Mar-25
Dec-24,Swiggy Instamart,West,BEC-BW-002,BEC-BW-002,98,17150,2544.49,1973.18,2,Bake & Wrap,175,92,MATCH,14605.51,38.27%,8.69,3616.33,2.04%,Swiggy Instamart,Dec-24
Jan-24,D2C,North,BEC-TIS-002,BEC-TIS-002,178,32040,4429.9,1973.29,17,Tissues,180,95,MATCH,27610.1,38.75%,16.24,8726.81,9.55%,D2C,Jan-24
Oct-24,Amazon ,West,BEC-KT-001,BEC-KT-001,281,44960,8850.81,1974.15,11,Kitchen Towel,160,78,MATCH,36109.19,39.30%,22.77,12217.04,3.91%,Amazon,Oct-24
Jun-24,Flipkart,West,BEC-BW-001,BEC-BW-001,80,17600,3907.32,1974.83,2,Bake & Wrap,220,118,MATCH,13692.68,31.06%,8.91,2277.85,2.50%,Flipkart,Jun-24
Jul-24,D2C,South,BEC-GB-002,BEC-GB-002,116,20764,1002.65,1974.94,15,Garbage Bags,179,86,MATCH,19761.35,49.52%,10.51,7810.41,12.93%,D2C,Jul-24
Apr-24,Zepto,North,BEC-TIS-001,BEC-TIS-001,183,17385,1266.78,1976.27,9,Tissues,95,42,MATCH,16118.22,52.31%,8.80,6455.95,4.92%,Zepto,Apr-24
Oct-24,Amazon,South,BEC-GB-002,BEC-GB-002,201,35979,7981.57,1978.66,4,Garbage Bags,179,86,MATCH,27997.43,38.26%,18.18,8732.77,1.99%,Amazon,Oct-24
Apr-24,Zepto,South,BEC-BW-002,BEC-BW-002,117,20475,2270.54,1979.27,4,Bake & Wrap,175,92,MATCH,18204.46,40.87%,10.34,5461.19,3.42%,Zepto,Apr-24
May-25,Flipkart,South,BEC-TIS-002,BEC-TIS-002,172,30960,1991.26,1981.54,8,Tissues,180,95,MATCH,28968.74,43.59%,15.62,10647.2,4.65%,Flipkart,May-25
May-24,Amazon,North,BEC-TIS-001,BEC-TIS-001,462,43890,10214.72,1983.48,27,Tissues,95,42,MATCH,33675.28,42.38%,22.13,12287.8,5.84%,Amazon,May-24
Jun-24,Blinkit,South,BEC-GB-002,BEC-GB-002,205,36695,8909.75,1983.61,6,Garbage Bags,179,86,MATCH,27785.25,36.55%,18.50,8171.64,2.93%,Blinkit,Jun-24
May-25, Zepto,North,BEC-BW-002,BEC-BW-002,101,17675,2765.03,1986.69,3,Bake & Wrap,175,92,MATCH,14909.97,37.68%,8.90,3631.28,2.97%,Zepto,May-25
Jun-25,Flipkart,West,BEC-GB-002,BEC-GB-002,257,46003,7654.23,1989.63,10,Garbage Bags,179,86,MATCH,38348.77,42.37%,23.12,14257.14,3.89%,Flipkart,Jun-25
Mar-25,Zepto,West,BEC-CMB-001,BEC-CMB-001,64,44736,9364.27,1989.68,1,Others,699,330,MATCH,35371.73,40.29%,22.48,12262.05,1.56%,Zepto,Mar-25
Mar-24,Flipkart,South,BEC-BW-001,BEC-BW-001,90,19800,1456.34,1992.52,2,Bake & Wrap,220,118,MATCH,18343.66,42.11%,9.94,5731.14,2.22%,Flipkart,Mar-24
Dec-24,Amazon ,South,BEC-GB-001,BEC-GB-001,259,"38,591",10903.64,1995.15,12,Garbage Bags,149,70,MATCH,27687.36,34.52%,19.34,7562.21,4.63%,Amazon,Dec-24
Jan-25,Flipkart,North,BEC-BW-001,BEC-BW-001,127,27940,6961.05,1997.76,7,Bake & Wrap,220,118,MATCH,20978.95,28.57%,13.99,3995.19,5.51%,Flipkart,Jan-25
Mar-25,Blinkit,North,BEC-CMB-001,BEC-CMB-001,43,30057,3724.46,2000.57,1,Others,699,330,MATCH,26332.54,46.11%,15.02,10141.97,2.33%,Blinkit,Mar-25
Aug-24,Amazon,South,BEC-CMB-001,BEC-CMB-001,34,23766,5377.28,2000.59,1,Others,699,330,MATCH,18388.72,38.98%,11.88,5168.13,2.94%,Amazon,Aug-24
Mar-25,Flipkart,South,BEC-GB-001,BEC-GB-001,151,22499,1604.74,2000.91,5,Garbage Bags,149,70,MATCH,20894.26,49.41%,11.24,8323.35,3.31%,Flipkart,Mar-25
Apr-24,Blinkit,North,BEC-BW-001,BEC-BW-001,134,29480,8525.38,2001.69,4,Bake & Wrap,220,118,MATCH,20954.62,24.54%,14.73,3140.93,2.99%,Blinkit,Apr-24
Aug-24,D2C,West,BEC-GB-002,BEC-GB-002,161,28819,2462.12,2001.88,15,Garbage Bags,179,86,MATCH,26356.88,47.47%,14.40,10509,9.32%,D2C,Aug-24
Nov-24,Zepto,South,BEC-CMB-001,BEC-CMB-001,24,16776,1096,2005.5,0,Others,699,330,MATCH,15680,49.49%,8.36,5754.5,0.00%,Zepto,Nov-24
Jan-25,Blinkit,South,BEC-BW-002,BEC-BW-002,113,19775,4808.51,2005.86,2,Bake & Wrap,175,92,MATCH,14966.49,30.54%,9.86,2564.63,1.77%,Blinkit,Jan-25
Mar-24,Blinkit,South,BEC-TIS-002,BEC-TIS-002,253,45540,8843.48,2006.1,9,Tissues,180,95,MATCH,36696.52,34.50%,22.70,10655.42,3.56%,Blinkit,Mar-24
Oct-24,Flipkart,West,BEC-GB-002,BEC-GB-002,139,24881,4459.19,2006.26,3,Garbage Bags,179,86,MATCH,20421.81,41.46%,12.40,6461.55,2.16%,Flipkart,Oct-24
Oct-24,Blinkit,North,BEC-CMB-001,BEC-CMB-001,30,20970,2706.46,2006.79,1,Others,699,330,MATCH,18263.54,45.79%,10.45,6356.75,3.33%,Blinkit,Oct-24
Oct-24,Blinkit,South,BEC-KT-001,BEC-KT-001,172,27520,7088.14,2007.34,8,Kitchen Towel,160,78,MATCH,20431.86,34.34%,13.71,5008.52,4.65%,Blinkit,Oct-24
Jan-25,D2C,South,BEC-GB-002,BEC-GB-002,118,21122,539.59,2009.49,19,Garbage Bags,179,86,MATCH,20582.41,50.70%,10.51,8424.92,16.10%,D2C,Jan-25
Apr-25,Blinkit,South,BEC-BW-001,BEC-BW-001,144,31680,8179.73,2009.49,3,Bake & Wrap,220,118,MATCH,23500.27,27.69%,15.77,4498.78,2.08%,Blinkit,Apr-25
Apr-24,Blinkit,West,BEC-OTH-001,BEC-OTH-001,133,19817,1257.18,2010.03,6,Others,149,72,MATCH,18559.82,48.40%,9.86,6973.79,4.51%,Blinkit,Apr-24
Nov-24,Blinkit,North,BEC-OTH-001,BEC-OTH-001,123,18327,4236.21,2010.33,5,Others,149,72,MATCH,14090.79,37.15%,9.12,3224.46,4.07%,Blinkit,Nov-24
Feb-24,D2C,North,BEC-TIS-001,BEC-TIS-001,218,20710,1688.31,2010.98,28,Tissues,95,42,MATCH,19021.69,51.87%,10.30,7854.71,12.84%,D2C,Feb-24
May-24,Swiggy Instamart,North,BEC-KT-002,BEC-KT-002,88,36960,10590.85,2014.05,3,Kitchen Towel,420,205,MATCH,26369.15,31.59%,18.35,6315.1,3.41%,Swiggy Instamart,May-24
Jun-25,Amazon ,South,BEC-OTH-001,BEC-OTH-001,141,21009,5041.99,2014.74,4,Others,149,72,MATCH,15967.01,36.42%,10.43,3800.27,2.84%,Amazon,Jun-25
May-25,Amazon ,North,BEC-TIS-001,BEC-TIS-001,488,46360,7687.35,2015.7,23,Tissues,95,42,MATCH,38672.65,47.00%,23.00,16160.95,4.71%,Amazon,May-25
Nov-24,Flipkart,North,BEC-GB-002,BEC-GB-002,176,31504,2847.8,2016.19,9,Garbage Bags,179,86,MATCH,28656.2,47.18%,15.63,11504.01,5.11%,Flipkart,Nov-24
Nov-24,Swiggy Instamart,West,BEC-GB-001,BEC-GB-001,144,21456,2968.44,2017.06,7,Garbage Bags,149,70,MATCH,18487.56,45.48%,10.64,6390.5,4.86%,Swiggy Instamart,Nov-24
Jan-24,D2C,South,BEC-CMB-001,BEC-CMB-001,26,18174,1218.16,2017.86,4,Others,699,330,MATCH,16955.84,49.40%,9.01,6357.98,15.38%,D2C,Jan-24
Dec-24,Swiggy Instamart,West,BEC-BW-001,BEC-BW-001,103,22660,6273.29,2018.07,3,Bake & Wrap,220,118,MATCH,16386.71,25.83%,11.23,2214.64,2.91%,Swiggy Instamart,Dec-24
Apr-25,D2C,North,BEC-GB-001,BEC-GB-001,138,20562,1583.43,2018.18,12,Garbage Bags,149,70,MATCH,18978.57,49.10%,10.19,7300.39,8.70%,D2C,Apr-25
Feb-24,Amazon,South,BEC-BW-002,BEC-BW-002,135,23625,1420.74,2018.24,4,Bake & Wrap,175,92,MATCH,22204.26,44.06%,11.71,7766.02,2.96%,Amazon,Feb-24
Mar-24,Flipkart,South,BEC-GB-002,BEC-GB-002,168,30072,4682.35,2018.84,3,Garbage Bags,179,86,MATCH,25389.65,43.09%,14.90,8922.81,1.79%,Flipkart,Mar-24
Dec-24,Swiggy Instamart,South,BEC-CLN-004,BEC-CLN-004,109,10791,2970.2,2019.54,5,Cleaners,99,44,MATCH,7820.8,38.68%,5.34,1005.26,4.59%,Swiggy Instamart,Dec-24
Oct-24, Zepto,South,  BEC-BW-001,BEC-BW-001,86,18920,3309.23,2020.42,4,Bake & Wrap,220,118,MATCH,15610.77,34.99%,9.36,3442.35,4.65%,Zepto,Oct-24
Oct-24, Zepto,South,BEC-GB-001,BEC-GB-001,141,21009,3712.9,2022.17,5,Garbage Bags,149,70,MATCH,17296.1,42.94%,10.39,5403.93,3.55%,Zepto,Oct-24
Apr-25,D2C,South,BEC-TIS-002,BEC-TIS-002,127,22860,1463.22,2024.11,21,Tissues,180,95,MATCH,21396.78,43.61%,11.29,7307.67,16.54%,D2C,Apr-25
Mar-24,D2C,South,BEC-KT-001,BEC-KT-001,150,24000,2648.45,2026.93,19,Kitchen Towel,160,78,MATCH,21351.55,45.20%,11.84,7624.62,12.67%,D2C,Mar-24
Jun-25,Flipkart,North,BEC-KT-001,BEC-KT-001,111,17760,4148.76,2027.05,2,Kitchen Towel,160,78,MATCH,13611.24,36.39%,8.76,2926.19,1.80%,Flipkart,Jun-25
Mar-25,Swiggy Instamart,South,BEC-GB-002,BEC-GB-002,121,21659,1670.72,2027.72,4,Garbage Bags,179,86,MATCH,19988.28,47.94%,10.68,7554.56,3.31%,Swiggy Instamart,Mar-25
Nov-24,Zepto,North,BEC-BW-001,BEC-BW-001,104,22880,1452.11,2028.1,5,Bake & Wrap,220,118,MATCH,21427.89,42.73%,11.28,7127.79,4.81%,Zepto,Nov-24
Apr-24,Amazon,West,BEC-OTH-001,BEC-OTH-001,175,26075,4604.73,2028.56,3,Others,149,72,MATCH,21470.27,41.31%,12.85,6841.71,1.71%,Amazon,Apr-24
Apr-24,D2C,West,BEC-BW-001,BEC-BW-001,88,19360,1544.85,2028.63,14,Bake & Wrap,220,118,MATCH,17815.15,41.71%,9.54,5402.52,15.91%,D2C,Apr-24
Aug-24, Zepto,North,  BEC-CMB-001,BEC-CMB-001,28,19572,2667.79,2029.68,1,Others,699,330,MATCH,16904.21,45.34%,9.64,5634.53,3.57%,Zepto,Aug-24
Jan-24,D2C,South,BEC-KT-001,BEC-KT-001,101,16160,1477.46,2031.16,15,Kitchen Towel,160,78,MATCH,14682.54,46.34%,7.96,4773.38,14.85%,D2C,Jan-24
Mar-25,Blinkit,North,BEC-TIS-001,BEC-TIS-001,411,39045,11601.95,2031.65,11,Tissues,95,42,MATCH,27443.05,37.10%,19.22,8149.4,2.68%,Blinkit,Mar-25
May-25,Blinkit,North,BEC-GB-001,BEC-GB-001,201,29949,2220.35,2031.84,5,Garbage Bags,149,70,MATCH,27728.65,49.26%,14.74,11626.81,2.49%,Blinkit,May-25
May-25,Flipkart,South,BEC-GB-002,BEC-GB-002,193,34547,8242.52,2032.62,9,Garbage Bags,179,86,MATCH,26304.48,36.90%,17.00,7673.86,4.66%,Flipkart,May-25
Apr-24,Blinkit,North,BEC-TIS-001,BEC-TIS-001,261,24795,6446,2034.46,15,Tissues,95,42,MATCH,18349,40.26%,12.19,5352.54,5.75%,Blinkit,Apr-24
Jan-24,D2C,South,BEC-TIS-002,BEC-TIS-002,157,28260,1040.37,2034.98,19,Tissues,180,95,MATCH,27219.63,45.20%,13.89,10269.65,12.10%,D2C,Jan-24
Nov-24,Flipkart,South,BEC-TIS-002,BEC-TIS-002,110,19800,5044.86,2036.02,6,Tissues,180,95,MATCH,14755.14,29.18%,9.72,2269.12,5.45%,Flipkart,Nov-24
Jan-25,Swiggy Instamart,South,  BEC-TIS-002,BEC-TIS-002,175,31500,3788.1,2037,7,Tissues,180,95,MATCH,27711.9,40.01%,15.46,9049.9,4.00%,Swiggy Instamart,Jan-25
Oct-24,Amazon,South,BEC-GB-001,BEC-GB-001,211,31439,9377.45,2037.09,9,Garbage Bags,149,70,MATCH,22061.55,33.05%,15.43,5254.46,4.27%,Amazon,Oct-24
Mar-25,Swiggy Instamart,North,BEC-TIS-001,BEC-TIS-001,242,22990,4139.14,2038.15,14,Tissues,95,42,MATCH,18850.86,46.08%,11.28,6648.71,5.79%,Swiggy Instamart,Mar-25
Jun-24, Zepto,West,BEC-BW-001,BEC-BW-001,149,32780,9496.17,2038.15,8,Bake & Wrap,220,118,MATCH,23283.83,24.49%,16.08,3663.68,5.37%,Zepto,Jun-24
Feb-24,Flipkart,South,BEC-BW-001,BEC-BW-001,80,17600,2648.16,2039.52,1,Bake & Wrap,220,118,MATCH,14951.84,36.86%,8.63,3472.32,1.25%,Flipkart,Feb-24
Apr-24,Flipkart,North,BEC-CMB-001,BEC-CMB-001,31,21669,1593.34,2040.42,1,Others,699,330,MATCH,20075.66,49.04%,10.62,7805.24,3.23%,Flipkart,Apr-24
Mar-24,Blinkit,South,BEC-TIS-001,BEC-TIS-001,277,26315,1546.71,2043.87,7,Tissues,95,42,MATCH,24768.29,53.03%,12.88,11090.42,2.53%,Blinkit,Mar-24
Oct-24, Zepto,West,BEC-BW-002,BEC-BW-002,112,19600,1033.15,2044.57,2,Bake & Wrap,175,92,MATCH,18566.85,44.50%,9.59,6218.28,1.79%,Zepto,Oct-24
Aug-24,Amazon,North,BEC-BW-002,BEC-BW-002,114,19950,4367.48,2044.64,2,Bake & Wrap,175,92,MATCH,15582.52,32.69%,9.76,3049.88,1.75%,Amazon,Aug-24
Jan-25,D2C,North,BEC-KT-001,BEC-KT-001,118,18880,793.21,2045.51,16,Kitchen Towel,160,78,MATCH,18086.79,49.11%,9.23,6837.28,13.56%,D2C,Jan-25
Mar-24,Blinkit,South,BEC-BW-002,BEC-BW-002,96,16800,2363.51,2046.36,3,Bake & Wrap,175,92,MATCH,14436.49,38.82%,8.21,3558.13,3.13%,Blinkit,Mar-24
Nov-24,Blinkit,West,BEC-TIS-001,BEC-TIS-001,258,24510,2915.54,2046.79,8,Tissues,95,42,MATCH,21594.46,49.82%,11.97,8711.67,3.10%,Blinkit,Nov-24
Jun-25,Zepto,North,BEC-OTH-001,BEC-OTH-001,128,19072,1735.51,2047.61,4,Others,149,72,MATCH,17336.49,46.84%,9.31,6072.88,3.13%,Zepto,Jun-25
May-25,Flipkart,West,BEC-KT-001,BEC-KT-001,229,36640,9851,2048.12,11,Kitchen Towel,160,78,MATCH,26789,33.32%,17.89,6878.88,4.80%,Flipkart,May-25
Sep-24, Zepto,North,BEC-GB-001,BEC-GB-001,213,31737,6637.85,2050.26,5,Garbage Bags,149,70,MATCH,25099.15,40.60%,15.48,8138.89,2.35%,Zepto,Sep-24
Jan-24,Amazon,South,BEC-TIS-002,BEC-TIS-002,262,47160,13685.53,2051.48,14,Tissues,180,95,MATCH,33474.47,25.64%,22.99,6532.99,5.34%,Amazon,Jan-24
Jan-25,Blinkit,West,BEC-BW-002,BEC-BW-002,160,28000,2663.68,2051.66,4,Bake & Wrap,175,92,MATCH,25336.32,41.90%,13.65,8564.66,2.50%,Blinkit,Jan-25
Jun-25,Blinkit,South,BEC-TIS-001,BEC-TIS-001,246,23370,3098.6,2051.8,11,Tissues,95,42,MATCH,20271.4,49.03%,11.39,7887.6,4.47%,Blinkit,Jun-25
Mar-24,Blinkit,South,BEC-GB-002,BEC-GB-002,167,29893,8286.16,2053.17,8,Garbage Bags,179,86,MATCH,21606.84,33.53%,14.56,5191.67,4.79%,Blinkit,Mar-24
Nov-24,Amazon,North,BEC-OTH-001,BEC-OTH-001,119,17731,1502.88,2053.7,6,Others,149,72,MATCH,16228.12,47.20%,8.63,5606.42,5.04%,Amazon,Nov-24
Jul-24,D2C,North,BEC-TIS-002,BEC-TIS-002,136,24480,1423.65,2054.19,18,Tissues,180,95,MATCH,23056.35,43.96%,11.92,8082.16,13.24%,D2C,Jul-24
Nov-24,D2C,South,BEC-GB-002,BEC-GB-002,102,18258,638.15,2054.38,11,Garbage Bags,179,86,MATCH,17619.85,50.22%,8.89,6793.47,10.78%,D2C,Nov-24
Apr-24,Amazon,West,BEC-BW-001,BEC-BW-001,190,41800,9918.21,2056.04,8,Bake & Wrap,220,118,MATCH,31881.79,29.68%,20.33,7405.75,4.21%,Amazon,Apr-24
Sep-24,D2C,North,BEC-BW-001,BEC-BW-001,70,15400,567.45,2056.28,11,Bake & Wrap,220,118,MATCH,14832.55,44.31%,7.49,4516.27,15.71%,D2C,Sep-24
Jun-24,Blinkit,West,BEC-BW-001,BEC-BW-001,133,29260,6554.58,2057.25,6,Bake & Wrap,220,118,MATCH,22705.42,30.88%,14.22,4954.17,4.51%,Blinkit,Jun-24
Jan-24,Blinkit,North,BEC-TIS-001,BEC-TIS-001,236,22420,1569.49,2057.34,9,Tissues,95,42,MATCH,20850.51,52.46%,10.90,8881.17,3.81%,Blinkit,Jun-24
Nov-24,Amazon ,South,BEC-BW-001,BEC-BW-001,120,26400,5772.55,2057.36,6,Bake & Wrap,220,118,MATCH,20627.45,31.35%,12.83,4410.09,5.00%,Amazon,Nov-24
May-25,D2C,North,BEC-GB-001,BEC-GB-001,128,19072,1691.98,2057.49,12,Garbage Bags,149,70,MATCH,17380.02,48.45%,9.27,6362.53,9.38%,D2C,May-25
Aug-24,Amazon,North,BEC-TIS-001,BEC-TIS-001,316,30020,8945.04,2059.06,14,Tissues,95,42,MATCH,21074.96,37.02%,14.58,5743.9,4.43%,Amazon,Aug-24
Jul-24,Flipkart,South,BEC-KT-001,BEC-KT-001,122,19520,5524.08,2059.66,4,Kitchen Towel,160,78,MATCH,13995.92,32.01%,9.48,2420.26,3.28%,Flipkart,Jul-24
Apr-24,D2C,South,BEC-GB-001,BEC-GB-001,138,20562,2718.64,2060.54,18,Garbage Bags,149,70,MATCH,17843.36,45.86%,9.98,6122.82,13.04%,D2C,Apr-24
Oct-24,Swiggy Instamart,West,BEC-CMB-001,BEC-CMB-001,26,18174,2963.62,2061.87,0,Others,699,330,MATCH,15210.38,43.59%,8.81,4568.51,0.00%,Swiggy Instamart,Oct-24
May-24,D2C,South,BEC-GB-001,BEC-GB-001,139,20711,2495.88,2065.11,21,Garbage Bags,149,70,MATCH,18215.12,46.58%,10.03,6420.01,15.11%,D2C,May-24
Dec-24,Flipkart,West,BEC-KT-001,BEC-KT-001,174,27840,7328.84,2065.2,8,Kitchen Towel,160,78,MATCH,20511.16,33.83%,13.48,4873.96,4.60%,Flipkart,Dec-24
May-25,D2C,South,BEC-GB-002,BEC-GB-002,144,"25,776",1649.64,2068.44,12,Garbage Bags,179,86,MATCH,24126.36,48.67%,12.46,9673.92,8.33%,D2C,May-25
Feb-25,Flipkart,South,BEC-BW-001,BEC-BW-001,101,22220,2241.03,2073.97,5,Bake & Wrap,220,118,MATCH,19978.97,40.35%,10.71,5987,4.95%,Flipkart,Feb-25
Jan-24,Flipkart,West,BEC-BW-001,BEC-BW-001,130,28600,5743.36,2076.86,2,Bake & Wrap,220,118,MATCH,22856.64,32.89%,13.77,5439.78,1.54%,Flipkart,Dec-24
Apr-25,Amazon,North,BEC-OTH-001,BEC-OTH-001,131,19519,3854.66,2079.09,6,Others,149,72,MATCH,15664.34,39.79%,9.39,4153.25,4.58%,Amazon,Apr-25
Apr-24,D2C,South,BEC-TIS-001,BEC-TIS-001,186,17670,2176.36,2080.24,31,Tissues,95,42,MATCH,15493.64,49.58%,8.49,5601.4,16.67%,D2C,Apr-24
Jul-24,Amazon,North,BEC-GB-002,BEC-GB-002,276,49404,14214.5,2080.74,9,Garbage Bags,179,86,MATCH,35189.5,32.55%,23.74,9372.76,3.26%,Amazon,Jul-24
Jan-24,Amazon,West,BEC-TIS-001,BEC-TIS-001,458,43510,5956,2081.95,11,Tissues,95,42,MATCH,37554,48.78%,20.90,16236.05,2.40%,Amazon,Jan-24
Dec-24,Blinkit,West,BEC-BW-002,BEC-BW-002,129,22575,3707.85,2082.2,4,Bake & Wrap,175,92,MATCH,18867.15,37.10%,10.84,4916.95,3.10%,Blinkit,Dec-24
Feb-25,Zepto,North,BEC-BW-002,BEC-BW-002,121,21175,5243.59,2082.65,5,Bake & Wrap,175,92,MATCH,15931.41,30.13%,10.17,2716.76,4.13%,Zepto,Feb-25
Apr-25,D2C,North,BEC-GB-002,BEC-GB-002,162,28998,894.95,2082.99,16,Garbage Bags,179,86,MATCH,28103.05,50.43%,13.92,12088.06,9.88%,D2C,Apr-25
Jan-24,Blinkit,North,BEC-TIS-002,BEC-TIS-002,201,36180,8473.25,2084.08,4,Tissues,180,95,MATCH,27706.75,31.08%,17.36,6527.67,1.99%,Blinkit,Jan-24
Feb-25,Flipkart,West,BEC-GB-001,BEC-GB-001,190,28310,6532.45,2084.6,4,Garbage Bags,149,70,MATCH,21777.55,38.93%,13.58,6392.95,2.11%,Flipkart,Feb-25
Jul-24,Zepto,North,  BEC-KT-001,BEC-KT-001,188,30080,7874.59,2087.97,7,Kitchen Towel,160,78,MATCH,22205.41,33.96%,14.41,5453.44,3.72%,Zepto,Jul-24
May-25,D2C,South,BEC-CMB-001,BEC-CMB-001,28,19572,2102.54,2089.19,3,Others,699,330,MATCH,17469.46,47.11%,9.37,6140.27,10.71%,D2C,May-25
Dec-24,Flipkart,West,BEC-TIS-001,BEC-TIS-001,219,20805,1620.91,2089.35,9,Tissues,95,42,MATCH,19184.09,52.05%,9.96,7896.74,4.11%,Flipkart,Dec-24
Dec-24,Amazon,South,BEC-BW-002,BEC-BW-002,157,27475,3759.83,2089.35,3,Bake & Wrap,175,92,MATCH,23715.17,39.09%,13.15,7181.82,1.91%,Amazon,Dec-24
Jun-24,D2C,North,BEC-GB-002,BEC-GB-002,144,25776,672.71,2089.98,17,Garbage Bags,179,86,MATCH,25103.29,50.67%,12.33,10629.31,11.81%,D2C,Jun-24
Nov-24,D2C,North,BEC-GB-002,BEC-GB-002,94,16826,1283.25,2092.35,12,Garbage Bags,179,86,MATCH,15542.75,47.99%,8.04,5366.4,12.77%,D2C,Nov-24
May-24,Flipkart,North,BEC-KT-001,BEC-KT-001,189,30240,2812.81,2095.93,7,Kitchen Towel,160,78,MATCH,27427.19,46.25%,14.43,10589.26,3.70%,Flipkart,May-24
Mar-25, Zepto,South,  BEC-CMB-001,BEC-CMB-001,34,23766,4445.92,2098.83,0,Others,699,330,MATCH,19320.08,41.93%,11.32,6001.25,0.00%,Zepto,Mar-25
May-25,Blinkit,West,BEC-BW-002,BEC-BW-002,189,33075,4989.02,2099.15,9,Bake & Wrap,175,92,MATCH,28085.98,38.09%,15.76,8598.83,4.76%,Blinkit,May-25
Jan-25,Blinkit,South,BEC-GB-001,BEC-GB-001,148,22052,2698.16,2103.07,6,Garbage Bags,149,70,MATCH,19353.84,46.47%,10.49,6890.77,4.05%,Blinkit,Jan-25
Jun-24, Zepto,West,BEC-GB-001,BEC-GB-001,196,29204,3351.63,2103.31,6,Garbage Bags,149,70,MATCH,25852.37,46.93%,13.88,10029.06,3.06%,Zepto,Jun-24
Oct-24,Zepto,South,BEC-TIS-002,BEC-TIS-002,125,22500,3361.13,2105.14,4,Tissues,180,95,MATCH,19138.87,37.95%,10.69,5158.73,3.20%,Zepto,Oct-24
Feb-24,Blinkit,North,BEC-BW-001,BEC-BW-001,142,31240,8840.34,2105.52,5,Bake & Wrap,220,118,MATCH,22399.66,25.20%,14.84,3538.14,3.52%,Blinkit,Feb-24
Apr-25,Zepto,South,BEC-GB-001,BEC-GB-001,195,29055,1673.97,2105.57,7,Garbage Bags,149,70,MATCH,27381.03,50.15%,13.80,11625.46,3.59%,Zepto,Apr-25
Jun-25,D2C,South,BEC-KT-001,BEC-KT-001,118,18880,1795.77,2105.82,15,Kitchen Towel,160,78,MATCH,17084.23,46.13%,8.97,5774.41,12.71%,D2C,Jun-25
Mar-24,Amazon ,North,BEC-OTH-001,BEC-OTH-001,140,20860,4088.09,2106.96,3,Others,149,72,MATCH,16771.91,39.90%,9.90,4584.95,2.14%,Amazon,Mar-24
Feb-24, Zepto,South,BEC-GB-001,BEC-GB-001,186,27714,7909.28,2108.31,5,Garbage Bags,149,70,MATCH,19804.72,34.26%,13.15,4676.41,2.69%,Zepto,Feb-24
May-24,Amazon,North,BEC-GB-001,BEC-GB-001,266,39634,4033.98,2108.96,6,Garbage Bags,149,70,MATCH,35600.02,47.70%,18.79,14871.06,2.26%,Amazon,May-24
May-24,Blinkit,West,BEC-TIS-001,BEC-TIS-001,261,24795,3774.57,2109.12,12,Tissues,95,42,MATCH,21020.43,47.85%,11.76,7949.31,4.60%,Blinkit,May-24
Mar-25,D2C,North,BEC-KT-001,BEC-KT-001,162,25920,2470.37,2109.49,15,Kitchen Towel,160,78,MATCH,23449.63,46.11%,12.29,8704.14,9.26%,D2C,Mar-25
Jan-24,Swiggy Instamart,North,BEC-KT-002,BEC-KT-002,113,47460,8426.06,2110.83,5,Kitchen Towel,420,205,MATCH,39033.94,40.65%,22.48,13758.11,4.42%,Swiggy Instamart,Jan-24
Mar-24,Blinkit,South,BEC-CMB-001,BEC-CMB-001,46,32154,3742.1,2112.07,1,Others,699,330,MATCH,28411.9,46.57%,15.22,11119.83,2.17%,Blinkit,Mar-24
Feb-25, Zepto,North,BEC-GB-001,BEC-GB-001,235,35015,5063.67,2112.09,9,Garbage Bags,149,70,MATCH,29951.33,45.08%,16.58,11389.24,3.83%,Zepto,Feb-25
Jan-24, Zepto,North,BEC-KT-001,BEC-KT-001,148,23680,6724.42,2113.19,3,Kitchen Towel,160,78,MATCH,16955.58,31.92%,11.21,3298.39,2.03%,Zepto,Jan-24
Aug-24,Zepto,West,BEC-TIS-002,BEC-TIS-002,220,39600,9599.88,2114.12,6,Tissues,180,95,MATCH,30000.12,30.33%,18.73,6986,2.73%,Zepto,Aug-24
May-24, Zepto,South,BEC-GB-002,BEC-GB-002,172,30788,2565.66,2114.38,8,Garbage Bags,179,86,MATCH,28222.34,47.59%,14.56,11315.96,4.65%,Zepto,May-24
Sep-24,Zepto,West,BEC-BW-001,BEC-BW-001,108,23760,5025.42,2114.59,3,Bake & Wrap,220,118,MATCH,18734.58,31.98%,11.24,3875.99,2.78%,Zepto,Sep-24
Apr-25,Blinkit,North,BEC-CMB-001,BEC-CMB-001,39,27261,2180.87,2122.23,1,Others,699,330,MATCH,25080.13,48.68%,12.85,10087.9,2.56%,Blinkit,Apr-25
Apr-25,D2C,West,BEC-BW-001,BEC-BW-001,138,30360,3041.46,2123.24,21,Bake & Wrap,220,118,MATCH,27318.54,40.39%,14.30,8911.3,15.22%,D2C,Apr-25
Jun-25,Swiggy Instamart,West,BEC-GB-001,BEC-GB-001,144,21456,3352.41,2124.16,8,Garbage Bags,149,70,MATCH,18103.59,44.32%,10.10,5899.43,5.56%,Swiggy Instamart,Jun-25
Dec-24,Blinkit,South,BEC-KT-001,BEC-KT-001,137,"21,920",3922.27,2124.2,7,Kitchen Towel,160,78,MATCH,17997.73,40.63%,10.32,5187.53,5.11%,Blinkit,Dec-24
Jan-24,Flipkart,South,  BEC-GB-001,BEC-GB-001,113,16837,886.6,2124.39,6,Garbage Bags,149,70,MATCH,15950.4,50.41%,7.93,5916.01,5.31%,Flipkart,Jan-24
Oct-24,Blinkit,South,  BEC-TIS-001,BEC-TIS-001,175,16625,2419.4,2125.06,6,Tissues,95,42,MATCH,14205.6,48.26%,7.82,4730.54,3.43%,Blinkit,Oct-24
Dec-24,Amazon,South,BEC-KT-001,BEC-KT-001,282,45120,12496.49,2125.4,13,Kitchen Towel,160,78,MATCH,32623.51,32.58%,21.23,8502.11,4.61%,Amazon,Dec-24
Jun-24,Blinkit,South,BEC-KT-001,BEC-KT-001,187,29920,6564.6,2126.25,8,Kitchen Towel,160,78,MATCH,23355.4,37.55%,14.07,6643.15,4.28%,Blinkit,Jun-24
Mar-24, Zepto,West,BEC-GB-001,BEC-GB-001,349,52001,11916.95,2126.95,16,Garbage Bags,149,70,MATCH,40084.05,39.05%,24.45,13527.1,4.58%,Zepto,Mar-24
May-25,D2C,North,BEC-KT-001,BEC-KT-001,145,23200,2489.76,2127.69,13,Kitchen Towel,160,78,MATCH,20710.24,45.39%,10.90,7272.55,8.97%,D2C,May-25
Mar-24,Flipkart,West,BEC-TIS-001,BEC-TIS-001,224,21280,2611.09,2127.87,10,Tissues,95,42,MATCH,18668.91,49.61%,10.00,7133.04,4.46%,Flipkart,Mar-24
Feb-25,Swiggy Instamart,South,BEC-GB-002,BEC-GB-002,111,19869,3873.43,2128.12,4,Garbage Bags,179,86,MATCH,15995.57,40.32%,9.34,4321.45,3.60%,Swiggy Instamart,Feb-25
Aug-24,Blinkit,North,BEC-BW-001,BEC-BW-001,99,21780,3019.15,2128.87,5,Bake & Wrap,220,118,MATCH,18760.85,37.73%,10.23,4949.98,5.05%,Blinkit,Aug-24
May-25,Zepto,West,BEC-BW-002,BEC-BW-002,158,27650,1862.47,2129.33,5,Bake & Wrap,175,92,MATCH,25787.53,43.63%,12.99,9122.2,3.16%,Zepto,May-25
Jun-25,D2C,North,BEC-CMB-001,BEC-CMB-001,31,21669,2500.69,2130.37,5,Others,699,330,MATCH,19168.31,46.63%,10.17,6807.94,16.13%,D2C,Jun-25
Jun-24,D2C,North,BEC-KT-001,BEC-KT-001,162,25920,3513.13,2130.46,15,Kitchen Towel,160,78,MATCH,22406.87,43.61%,12.17,7640.41,9.26%,D2C,Jun-24
Apr-25,Blinkit,North,BEC-KT-001,BEC-KT-001,257,41120,9711.25,2130.7,15,Kitchen Towel,160,78,MATCH,31408.75,36.18%,19.30,9232.05,5.84%,Blinkit,Apr-25
Mar-25, Zepto,North,BEC-GB-002,BEC-GB-002,232,41528,7355.03,2131.12,12,Garbage Bags,179,86,MATCH,34172.97,41.61%,19.49,12089.85,5.17%,Zepto,Mar-25
Apr-24,Blinkit,South,BEC-KT-001,BEC-KT-001,167,26720,6079.62,2131.67,4,Kitchen Towel,160,78,MATCH,20640.38,36.89%,12.53,5482.71,2.40%,Blinkit,Apr-24
Jan-24,Amazon,North,BEC-GB-001,BEC-GB-001,309,46041,7473.46,2132.56,7,Garbage Bags,149,70,MATCH,38567.54,43.92%,21.59,14804.98,2.27%,Amazon,Jun-24
Sep-24,Swiggy Instamart,North,BEC-KT-002,BEC-KT-002,81,34020,5013.26,2132.79,4,Kitchen Towel,420,205,MATCH,29006.74,42.75%,15.95,10268.95,4.94%,Swiggy Instamart,Sep-24
Jul-24,D2C,West,BEC-KT-001,BEC-KT-001,120,19200,894.69,2135.85,12,Kitchen Towel,160,78,MATCH,18305.31,48.87%,8.99,6809.46,10.00%,D2C,Jul-24
Apr-25,Flipkart,North,BEC-GB-001,BEC-GB-001,197,29353,7244.52,2135.85,7,Garbage Bags,149,70,MATCH,22108.48,37.63%,13.74,6182.63,3.55%,Flipkart,Apr-25
Nov-24,Flipkart,North,BEC-GB-001,BEC-GB-001,166,24734,3888.59,2137.11,7,Garbage Bags,149,70,MATCH,20845.41,44.26%,11.57,7088.3,4.22%,Flipkart,Nov-24
Mar-24,Flipkart,South,BEC-TIS-002,BEC-TIS-002,122,21960,3595.53,2141.08,6,Tissues,180,95,MATCH,18364.47,36.89%,10.26,4633.39,4.92%,Flipkart,Mar-24
May-25,D2C,South,BEC-GB-001,BEC-GB-001,104,15496,841.75,2142.89,9,Garbage Bags,149,70,MATCH,14654.25,50.32%,7.23,5231.36,8.65%,D2C,May-25
Apr-25,D2C,North,BEC-BW-001,BEC-BW-001,83,18260,2629.75,2143.07,11,Bake & Wrap,220,118,MATCH,15630.25,37.34%,8.52,3693.18,13.25%,D2C,Apr-25
Aug-24,Flipkart,West,BEC-KT-001,BEC-KT-001,155,24800,6122.47,2143.5,8,Kitchen Towel,160,78,MATCH,18677.53,35.27%,11.57,4444.03,5.16%,Flipkart,Aug-24
May-25,Flipkart,North,BEC-CMB-001,BEC-CMB-001,44,30756,3544.88,2143.57,1,Others,699,330,MATCH,27211.12,46.64%,14.35,10547.55,2.27%,Flipkart,May-25
Feb-24,Blinkit,South,BEC-TIS-001,BEC-TIS-001,189,17955,3348.23,2146.62,6,Tissues,95,42,MATCH,14606.77,45.66%,8.36,4522.15,3.17%,Blinkit,Feb-24
Mar-24,D2C,South,BEC-GB-001,BEC-GB-001,118,17582,447.07,2147.17,19,Garbage Bags,149,70,MATCH,17134.93,51.79%,8.19,6727.76,16.10%,D2C,Mar-24
Dec-24,Flipkart,North,BEC-KT-001,BEC-KT-001,131,20960,4440.97,2149.62,7,Kitchen Towel,160,78,MATCH,16519.03,38.14%,9.75,4151.41,5.34%,Flipkart,Dec-24
Aug-24,Amazon,West,BEC-KT-001,BEC-KT-001,326,52160,13986.29,2150.24,11,Kitchen Towel,160,78,MATCH,38173.71,33.39%,24.26,10595.47,3.37%,Amazon,Aug-24
Jun-24,Flipkart,North,BEC-TIS-001,BEC-TIS-001,185,17575,1521.77,2150.32,6,Tissues,95,42,MATCH,16053.23,51.60%,8.17,6132.91,3.24%,Flipkart,Jun-24
Jun-24,Blinkit,West,BEC-GB-001,BEC-GB-001,225,33525,7718.45,2152.29,4,Garbage Bags,149,70,MATCH,25806.55,38.97%,15.58,7904.26,1.78%,Blinkit,Jun-24
Feb-24,Blinkit,North,BEC-KT-001,BEC-KT-001,233,37280,11051.91,2152.35,8,Kitchen Towel,160,78,MATCH,26228.09,30.71%,17.32,5901.74,3.43%,Blinkit,Feb-24
May-25,Swiggy Instamart,West,BEC-CMB-001,BEC-CMB-001,43,30057,4626.79,2153.39,1,Others,699,330,MATCH,25430.21,44.20%,13.96,9086.82,2.33%,Swiggy Instamart,May-25
Jun-25,Swiggy Instamart,South,BEC-TIS-002,BEC-TIS-002,163,29340,3313.1,2153.96,8,Tissues,180,95,MATCH,26026.9,40.50%,13.62,8387.94,4.91%,Swiggy Instamart,Jun-25
Jun-24,Blinkit,West,BEC-TIS-001,BEC-TIS-001,366,34770,3329.25,2155.31,17,Tissues,95,42,MATCH,31440.75,51.11%,16.13,13913.44,4.64%,Blinkit,Jun-24
Jan-25,Blinkit,West,BEC-CMB-001,BEC-CMB-001,46,32154,4328.31,2156.31,1,Others,699,330,MATCH,27825.69,45.45%,14.91,10489.38,2.17%,Blinkit,Jan-25
Mar-25,D2C,North,BEC-TIS-001,BEC-TIS-001,205,19475,1162.87,2157.05,28,Tissues,95,42,MATCH,18312.13,52.98%,9.03,7545.08,13.66%,D2C,Mar-25
May-24,D2C,North,BEC-TIS-001,BEC-TIS-001,169,16055,440.63,2158.2,15,Tissues,95,42,MATCH,15614.37,54.54%,7.44,6358.17,8.88%,D2C,May-24
Sep-24,Flipkart,North,BEC-TIS-002,BEC-TIS-002,141,25380,2660.07,2158.65,4,Tissues,180,95,MATCH,22719.93,41.04%,11.76,7166.28,2.84%,Flipkart,Sep-24
Jun-24,D2C,North,BEC-CMB-001,BEC-CMB-001,22,15378,785.44,2161.79,3,Others,699,330,MATCH,14592.56,50.25%,7.11,5170.77,13.64%,D2C,Jun-24
Feb-24,Swiggy Instamart,West,BEC-KT-001,BEC-KT-001,148,23680,2077.53,2164.08,8,Kitchen Towel,160,78,MATCH,21602.47,46.56%,10.94,7894.39,5.41%,Swiggy Instamart,Feb-24
Mar-24,Swiggy Instamart,West,BEC-GB-001,BEC-GB-001,176,26224,5958.95,2165.5,8,Garbage Bags,149,70,MATCH,20265.05,39.21%,12.11,5779.55,4.55%,Swiggy Instamart,Mar-24
Dec-24,Blinkit,North,BEC-GB-001,BEC-GB-001,203,30247,6670.72,2166.35,10,Garbage Bags,149,70,MATCH,23576.28,39.73%,13.96,7199.93,4.93%,Blinkit,Dec-24
Feb-25,Blinkit,North,BEC-OTH-001,BEC-OTH-001,154,22946,5881.47,2167.23,4,Others,149,72,MATCH,17064.53,35.02%,10.59,3809.3,2.60%,Blinkit,Feb-25
Mar-25,D2C,South,  BEC-TIS-002,BEC-TIS-002,213,38340,2615.79,2170.76,30,Tissues,180,95,MATCH,35724.21,43.36%,17.66,13318.45,14.08%,D2C,Mar-25
Apr-24,Amazon,South,BEC-BW-002,BEC-BW-002,122,21350,3113.44,2171.38,2,Bake & Wrap,175,92,MATCH,18236.56,38.45%,9.83,4841.18,1.64%,Amazon,Apr-24
Feb-24,Amazon,South,BEC-GB-002,BEC-GB-002,199,35621,8250.47,2171.92,11,Garbage Bags,179,86,MATCH,27370.53,37.47%,16.40,8084.61,5.53%,Amazon,Feb-24
Feb-25,Amazon,North,BEC-BW-001,BEC-BW-001,193,42460,10035.55,2172.88,10,Bake & Wrap,220,118,MATCH,32424.45,29.76%,19.54,7477.57,5.18%,Amazon,Feb-25
Mar-24,D2C,South,BEC-TIS-002,BEC-TIS-002,165,"29,700",2611.7,2173.57,23,Tissues,180,95,MATCH,27088.3,42.13%,13.66,9239.73,13.94%,D2C,Mar-24
Mar-25,Swiggy Instamart,North,BEC-KT-002,BEC-KT-002,109,45780,5413.97,2173.97,5,Kitchen Towel,420,205,MATCH,40366.03,44.64%,21.06,15847.06,4.59%,Swiggy Instamart,Mar-25
Mar-24, Zepto,West,BEC-BW-001,BEC-BW-001,139,30580,4193.16,2175.37,3,Bake & Wrap,220,118,MATCH,26386.84,37.84%,14.06,7809.47,2.16%,Zepto,Mar-24
Feb-24,Swiggy Instamart,West,BEC-TIS-001,BEC-TIS-001,220,20900,2560.43,2177.21,7,Tissues,95,42,MATCH,18339.57,49.62%,9.60,6922.36,3.18%,Swiggy Instamart,Feb-24
Oct-24,Flipkart,North,BEC-BW-001,BEC-BW-001,83,18260,2583.54,2178.65,3,Bake & Wrap,220,118,MATCH,15676.46,37.52%,8.38,3703.81,3.61%,Flipkart,Oct-24
Feb-24,Blinkit,West,BEC-GB-002,BEC-GB-002,243,43497,2342.76,2179.25,6,Garbage Bags,179,86,MATCH,41154.24,49.22%,19.96,18076.99,2.47%,Blinkit,Feb-24
Feb-25,Swiggy Instamart,West,BEC-OTH-001,BEC-OTH-001,113,16837,1695.6,2179.56,6,Others,149,72,MATCH,15141.4,46.27%,7.72,4825.84,5.31%,Swiggy Instamart,Feb-25
Jan-25,Zepto,North,BEC-BW-001,BEC-BW-001,130,28600,6601.62,2179.66,6,Bake & Wrap,220,118,MATCH,21998.38,30.27%,13.12,4478.72,4.62%,Zepto,Jan-25
May-24,Flipkart,North,BEC-TIS-001,BEC-TIS-001,209,19855,2014.88,2180.08,11,Tissues,95,42,MATCH,17840.12,50.80%,9.11,6882.04,5.26%,Flipkart,May-24
May-24,Flipkart,West,BEC-CMB-001,BEC-CMB-001,27,18873,1932.02,2180.42,0,Others,699,330,MATCH,16940.98,47.41%,8.66,5850.56,0.00%,Flipkart,May-24
May-25,Blinkit,South,BEC-GB-002,BEC-GB-002,247,44213,5507.54,2181,11,Garbage Bags,179,86,MATCH,38705.46,45.12%,20.27,15282.46,4.45%,Blinkit,May-25
May-25,Zepto,West,BEC-TIS-001,BEC-TIS-001,423,40185,5159.14,2181.35,15,Tissues,95,42,MATCH,35025.86,49.28%,18.42,15078.51,3.55%,Zepto,May-25
Feb-24,Swiggy Instamart,South,BEC-GB-001,BEC-GB-001,125,18625,2914.7,2181.58,5,Garbage Bags,149,70,MATCH,15710.3,44.30%,8.54,4778.72,4.00%,Swiggy Instamart,Feb-24
May-25,Swiggy Instamart,West,BEC-TIS-001,BEC-TIS-001,238,22610,2522.04,2181.99,14,Tissues,95,42,MATCH,20087.96,50.24%,10.36,7909.97,5.88%,Swiggy Instamart,May-25
Jun-24,D2C,West,BEC-GB-002,BEC-GB-002,229,40991,3441.7,2182.65,33,Garbage Bags,179,86,MATCH,37549.3,47.55%,18.78,15672.65,14.41%,D2C,Jun-24
Jun-24,Swiggy Instamart,North,BEC-GB-001,BEC-GB-001,129,19221,1566.9,2182.85,7,Garbage Bags,149,70,MATCH,17654.1,48.85%,8.81,6441.25,5.43%,Swiggy Instamart,Jun-24
Nov-24,Swiggy Instamart,North,BEC-KT-001,BEC-KT-001,108,17280,981.43,2183.31,6,Kitchen Towel,160,78,MATCH,16298.57,48.31%,7.91,5691.26,5.56%,Swiggy Instamart,Nov-24
Apr-24,Swiggy Instamart,South,BEC-CLN-004,BEC-CLN-004,132,13068,3583.47,2189.42,6,Cleaners,99,44,MATCH,9484.53,38.76%,5.97,1487.11,4.55%,Swiggy Instamart,Apr-24
Jul-24,D2C,North,BEC-BW-001,BEC-BW-001,83,18260,1298.09,2190.27,8,Bake & Wrap,220,118,MATCH,16961.91,42.26%,8.34,4977.64,9.64%,D2C,Jul-24
Feb-24,D2C,West,BEC-BW-001,BEC-BW-001,115,25300,536.82,2191.48,15,Bake & Wrap,220,118,MATCH,24763.18,45.20%,11.54,9001.7,13.04%,D2C,Feb-24
Apr-25,Flipkart,West,BEC-TIS-001,BEC-TIS-001,376,35720,5457.62,2192.97,9,Tissues,95,42,MATCH,30262.38,47.82%,16.29,12277.41,2.39%,Flipkart,Apr-25
Jun-24,Swiggy Instamart,North,  BEC-TIS-002,BEC-TIS-002,182,32760,4044.5,2193.62,8,Tissues,180,95,MATCH,28715.5,39.79%,14.93,9231.88,4.40%,Swiggy Instamart,Jun-24
Nov-24,D2C,West,BEC-GB-001,BEC-GB-001,145,21605,2337.83,2195.96,24,Garbage Bags,149,70,MATCH,19267.17,47.32%,9.84,6921.21,16.55%,D2C,Nov-24
Jul-24,D2C,West,BEC-GB-002,BEC-GB-002,159,28461,2691.27,2196.49,17,Garbage Bags,179,86,MATCH,25769.73,46.94%,12.96,9899.24,10.69%,D2C,Jul-24
May-25,D2C,West,BEC-GB-002,BEC-GB-002,261,46719,3334.13,2197.26,33,Garbage Bags,179,86,MATCH,43384.87,48.26%,21.26,18741.61,12.64%,D2C,May-25
Sep-24,Blinkit,South,BEC-GB-002,BEC-GB-002,130,23270,4413.2,2199.32,5,Garbage Bags,179,86,MATCH,18856.8,40.71%,10.58,5477.48,3.85%,Blinkit,Sep-24
Jan-24,D2C,North,BEC-CMB-001,BEC-CMB-001,28,19572,2918.23,2201.5,3,Others,699,330,MATCH,16653.77,44.52%,8.89,5212.27,10.71%,D2C,Jan-24
Feb-24,D2C,West,BEC-KT-001,BEC-KT-001,134,21440,3143.4,2201.57,20,Kitchen Towel,160,78,MATCH,18296.6,42.87%,9.74,5643.03,14.93%,D2C,Feb-24
Oct-24,Flipkart,West,BEC-TIS-001,BEC-TIS-001,262,24890,2576.32,2203.51,12,Tissues,95,42,MATCH,22313.68,50.68%,11.30,9106.17,4.58%,Flipkart,Oct-24
Oct-24,D2C,West,BEC-BW-001,BEC-BW-001,85,18700,2122.06,2203.63,10,Bake & Wrap,220,118,MATCH,16577.94,39.50%,8.49,4344.31,11.76%,D2C,Oct-24
Mar-24,Blinkit,North,BEC-OTH-001,BEC-OTH-001,137,20413,1325.24,2203.87,5,Others,149,72,MATCH,19087.76,48.32%,9.26,7019.89,3.65%,Blinkit,Mar-24
Jun-24, Zepto,South,BEC-CMB-001,BEC-CMB-001,31,21669,5803.95,2204.8,1,Others,699,330,MATCH,15865.05,35.52%,9.83,3430.25,3.23%,Zepto,Jun-24
Dec-24, Zepto,West,BEC-KT-001,BEC-KT-001,182,29120,5519.5,2204.83,3,Kitchen Towel,160,78,MATCH,23600.5,39.85%,13.21,7199.67,1.65%,Zepto,Dec-24
Sep-24,Amazon,North,BEC-BW-002,BEC-BW-002,101,17675,1084.16,2206.05,4,Bake & Wrap,175,92,MATCH,16590.84,43.99%,8.01,5092.79,3.96%,Amazon,Sep-24
Aug-24,Amazon,South,BEC-GB-001,BEC-GB-001,218,32482,4477.79,2207.27,8,Garbage Bags,149,70,MATCH,28004.21,45.51%,14.72,10536.94,3.67%,Amazon,Aug-24
Mar-25,Flipkart,North,BEC-KT-001,BEC-KT-001,192,30720,6016.04,2207.36,6,Kitchen Towel,160,78,MATCH,24703.96,39.38%,13.92,7520.6,3.13%,Flipkart,Mar-25
Jul-24, Zepto,North,BEC-BW-001,BEC-BW-001,111,24420,5335.44,2209.15,4,Bake & Wrap,220,118,MATCH,19084.56,31.37%,11.05,3777.41,3.60%,Zepto,Jul-24
Dec-24,Swiggy Instamart,West,BEC-GB-002,BEC-GB-002,131,23449,2842.63,2209.51,3,Garbage Bags,179,86,MATCH,20606.37,45.33%,10.61,7130.86,2.29%,Swiggy Instamart,Dec-24
Sep-24, Zepto,South,BEC-TIS-002,BEC-TIS-002,182,32760,2716.46,2210.02,7,Tissues,180,95,MATCH,30043.54,42.45%,14.82,10543.52,3.85%,Zepto,Sep-24
Apr-24,Swiggy Instamart,West,BEC-TIS-002,BEC-TIS-002,184,33120,8928.69,2210.03,9,Tissues,180,95,MATCH,24191.31,27.74%,14.99,4501.28,4.89%,Swiggy Instamart,Apr-24
Jan-25,Amazon,South,  BEC-BW-001,BEC-BW-001,173,38060,9458.81,2210.52,4,Bake & Wrap,220,118,MATCH,28601.19,28.63%,17.22,5976.67,2.31%,Amazon,Jan-25
Jun-25,Blinkit,West,BEC-BW-002,BEC-BW-002,175,30625,4337.32,2212.05,9,Bake & Wrap,175,92,MATCH,26287.68,38.75%,13.84,7975.63,5.14%,Blinkit,Jun-25
Jun-25,Swiggy Instamart,West,BEC-TIS-001,BEC-TIS-001,173,16435,1531.16,2212.76,9,Tissues,95,42,MATCH,14903.84,51.25%,7.43,5425.08,5.20%,Swiggy Instamart,Jun-25
Aug-24,Blinkit,South,  BEC-GB-002,BEC-GB-002,146,26134,5173.53,2213.85,3,Garbage Bags,179,86,MATCH,20960.47,40.10%,11.80,6190.62,2.05%,Blinkit,Aug-24
Feb-24,Flipkart,West,BEC-CMB-001,BEC-CMB-001,29,20271,5014.63,2215.11,0,Others,699,330,MATCH,15256.37,37.27%,9.15,3471.26,0.00%,Flipkart,Feb-24
Jun-25,Flipkart,North,BEC-BW-001,BEC-BW-001,110,24200,3073.51,2215.61,3,Bake & Wrap,220,118,MATCH,21126.49,38.56%,10.92,5930.88,2.73%,Flipkart,Jun-25
Oct-24,Amazon ,North,BEC-CMB-001,BEC-CMB-001,40,27960,3801.18,2219.01,0,Others,699,330,MATCH,24158.82,45.36%,12.60,8739.81,0.00%,Amazon,Oct-24
Feb-25,Swiggy Instamart,North,BEC-GB-002,BEC-GB-002,166,29714,8453.22,2219.56,4,Garbage Bags,179,86,MATCH,21260.78,32.85%,13.39,4765.22,2.41%,Swiggy Instamart,Feb-25
Feb-25,Swiggy Instamart,North,BEC-TIS-002,BEC-TIS-002,241,43380,12448.46,2219.64,12,Tissues,180,95,MATCH,30931.54,25.98%,19.54,5816.9,4.98%,Swiggy Instamart,Feb-25
Feb-24,D2C,South,BEC-GB-002,BEC-GB-002,100,17900,474.67,2220.03,14,Garbage Bags,179,86,MATCH,17425.33,50.65%,8.06,6605.3,14.00%,D2C,Feb-24
Jan-25,Zepto,North,BEC-KT-001,BEC-KT-001,183,29280,2192.44,2222.62,9,Kitchen Towel,160,78,MATCH,27087.56,47.30%,13.17,10590.94,4.92%,Zepto,Jan-25
Nov-24,Zepto,South,BEC-TIS-002,BEC-TIS-002,205,36900,3173.21,2222.81,5,Tissues,180,95,MATCH,33726.79,42.26%,16.60,12028.98,2.44%,Zepto,Nov-24
Mar-25,Amazon,West,BEC-OTH-001,BEC-OTH-001,169,25181,5341.07,2223.01,4,Others,149,72,MATCH,19839.93,38.67%,11.33,5448.92,2.37%,Amazon,Mar-25
Jan-24,Amazon,West,BEC-CMB-001,BEC-CMB-001,69,48231,7854.25,2223.87,1,Others,699,330,MATCH,40376.75,43.61%,21.69,15382.88,1.45%,Amazon,Jan-24
Jun-24,Blinkit,South,BEC-GB-001,BEC-GB-001,170,25330,2682.57,2226.29,8,Garbage Bags,149,70,MATCH,22647.43,47.46%,11.38,8521.14,4.71%,Blinkit,Jun-24
Jul-24,Blinkit,West,BEC-BW-002,BEC-BW-002,118,20650,2421.76,2230.34,5,Bake & Wrap,175,92,MATCH,18228.24,40.44%,9.26,5141.9,4.24%,Blinkit,Jul-24
Feb-24,D2C,North,BEC-BW-001,BEC-BW-001,88,19360,1984.92,2231.33,8,Bake & Wrap,220,118,MATCH,17375.08,40.24%,8.68,4759.75,9.09%,D2C,Feb-24
Mar-24,D2C,South,BEC-GB-002,BEC-GB-002,151,27029,1778.67,2235.56,20,Garbage Bags,179,86,MATCH,25250.33,48.57%,12.09,10028.77,13.25%,D2C,Mar-24
Apr-24,D2C,North,BEC-KT-001,BEC-KT-001,125,20000,1609.6,2236.34,18,Kitchen Towel,160,78,MATCH,18390.4,46.98%,8.94,6404.06,14.40%,D2C,Apr-24
May-24,Flipkart,West,BEC-TIS-001,BEC-TIS-001,297,28215,3673.12,2238.49,13,Tissues,95,42,MATCH,24541.88,49.17%,12.60,9829.39,4.38%,Flipkart,May-24
Apr-25,Zepto,West,BEC-BW-001,BEC-BW-001,129,28380,2049.86,2238.97,3,Bake & Wrap,220,118,MATCH,26330.14,42.19%,12.68,8869.17,2.33%,Zepto,Apr-25
Feb-24,Flipkart,West,BEC-BW-001,BEC-BW-001,123,27060,5636.61,2239.86,7,Bake & Wrap,220,118,MATCH,21423.39,32.25%,12.08,4669.53,5.69%,Flipkart,Feb-24
Sep-24,Flipkart,West,BEC-TIS-001,BEC-TIS-001,192,18240,1220.92,2240.43,8,Tissues,95,42,MATCH,17019.08,52.62%,8.14,6714.65,4.17%,Flipkart,Sep-24
May-25,Swiggy Instamart,West,BEC-GB-002,BEC-GB-002,146,26134,7179.57,2242.58,6,Garbage Bags,179,86,MATCH,18954.43,33.76%,11.65,4155.85,4.11%,Swiggy Instamart,May-25
Aug-24,Swiggy Instamart,West,BEC-BW-001,BEC-BW-001,98,21560,2427.08,2244.3,2,Bake & Wrap,220,118,MATCH,19132.92,39.56%,9.61,5324.62,2.04%,Swiggy Instamart,Aug-24
Apr-25,Blinkit,North,BEC-OTH-001,BEC-OTH-001,150,22350,6027.16,2244.65,7,Others,149,72,MATCH,16322.84,33.84%,9.96,3278.19,4.67%,Blinkit,Apr-25
Jul-24,Blinkit,North,BEC-TIS-001,BEC-TIS-001,252,23940,5753.92,2245.05,12,Tissues,95,42,MATCH,18186.08,41.80%,10.66,5357.03,4.76%,Blinkit,Jul-24
Sep-24,Blinkit,South,BEC-TIS-002,BEC-TIS-002,191,34380,4547.69,2245.98,8,Tissues,180,95,MATCH,29832.31,39.18%,15.31,9441.33,4.19%,Blinkit,Sep-24
Jul-24,Amazon ,North,BEC-OTH-001,BEC-OTH-001,147,21903,6407.36,2247.08,4,Others,149,72,MATCH,15495.64,31.70%,9.75,2664.56,2.72%,Amazon,Jul-24
Jun-25,Amazon,West,BEC-BW-002,BEC-BW-002,229,40075,9955.83,2247.6,12,Bake & Wrap,175,92,MATCH,30119.17,30.05%,17.83,6803.57,5.24%,Amazon,Jun-25
Jun-25,D2C,West,BEC-TIS-001,BEC-TIS-001,276,26220,2130.41,2249.68,31,Tissues,95,42,MATCH,24089.59,51.88%,11.65,10247.91,11.23%,D2C,Jun-25
Jul-24,D2C,North,BEC-CMB-001,BEC-CMB-001,26,18174,2317.94,2250.23,4,Others,699,330,MATCH,15856.06,45.89%,8.08,5025.83,15.38%,D2C,Jul-24
Dec-24,D2C,North,BEC-GB-001,BEC-GB-001,145,21605,1069.6,2250.26,15,Garbage Bags,149,70,MATCH,20535.4,50.57%,9.60,8135.14,10.34%,D2C,Dec-24
Jun-25,Flipkart,South,BEC-BW-001,BEC-BW-001,82,18040,2166.6,2250.43,3,Bake & Wrap,220,118,MATCH,15873.4,39.04%,8.02,3946.97,3.66%,Flipkart,Jun-25
Feb-24,Swiggy Instamart,West,BEC-BW-001,BEC-BW-001,114,25080,5223.55,2252.96,3,Bake & Wrap,220,118,MATCH,19856.45,32.25%,11.13,4151.49,2.63%,Swiggy Instamart,Feb-24
Feb-24,D2C,North,BEC-CMB-001,BEC-CMB-001,30,20970,2128.16,2254.24,4,Others,699,330,MATCH,18841.84,47.46%,9.30,6687.6,13.33%,D2C,Feb-24
Mar-25,D2C,West,BEC-CMB-001,BEC-CMB-001,50,34950,1536.75,2254.7,5,Others,699,330,MATCH,33413.25,50.62%,15.50,14658.55,10.00%,D2C,Mar-25
May-24,D2C,West,BEC-OTH-001,BEC-OTH-001,115,17135,398.42,2255.81,17,Others,149,72,MATCH,16736.58,50.53%,7.60,6200.77,14.78%,D2C,May-24
Jun-25,Zepto,West,BEC-CMB-001,BEC-CMB-001,45,31455,6472.98,2256.46,1,Others,699,330,MATCH,24982.02,40.56%,13.94,7875.56,2.22%,Zepto,Jun-25
Jun-25, Zepto,South,BEC-TIS-002,BEC-TIS-002,209,37620,8861.34,2257.54,8,Tissues,180,95,MATCH,28758.66,30.96%,16.66,6646.12,3.83%,Zepto,Jun-25
Mar-24,Zepto,North,BEC-CMB-001,BEC-CMB-001,41,28659,3233.01,2260.13,1,Others,699,330,MATCH,25425.99,46.79%,12.68,9635.86,2.44%,Zepto,Mar-24
Jul-24,Swiggy Instamart,North,BEC-GB-002,BEC-GB-002,147,26313,6768.61,2260.13,6,Garbage Bags,179,86,MATCH,19544.39,35.32%,11.64,4642.26,4.08%,Swiggy Instamart,Jul-24
Jan-24,Swiggy Instamart,West,BEC-KT-001,BEC-KT-001,128,20480,4832.66,2260.57,6,Kitchen Towel,160,78,MATCH,15647.34,36.19%,9.06,3402.77,4.69%,Swiggy Instamart,Jan-24
Aug-24,Blinkit,West,BEC-BW-002,BEC-BW-002,155,27125,3667.86,2262.38,5,Bake & Wrap,175,92,MATCH,23457.14,39.21%,11.99,6934.76,3.23%,Blinkit,Aug-24
Dec-24,Flipkart,South,BEC-CMB-001,BEC-CMB-001,28,19572,4103.11,2262.85,0,Others,699,330,MATCH,15468.89,40.27%,8.65,3966.04,0.00%,Flipkart,Dec-24
Feb-24,Blinkit,South,BEC-GB-002,BEC-GB-002,172,30788,4253.51,2263.27,7,Garbage Bags,179,86,MATCH,26534.49,44.25%,13.60,9479.22,4.07%,Blinkit,Feb-24
Aug-24,Blinkit,North,BEC-TIS-001,BEC-TIS-001,199,18905,3498.12,2263.66,11,Tissues,95,42,MATCH,15406.88,45.75%,8.35,4785.22,5.53%,Blinkit,Aug-24
Sep-24,Zepto,South,BEC-GB-001,BEC-GB-001,159,23691,2317.2,2263.96,7,Garbage Bags,149,70,MATCH,21373.8,47.93%,10.46,7979.84,4.40%,Zepto,Sep-24
Mar-25,D2C,West,BEC-BW-002,BEC-BW-002,129,22575,1352.64,2266.55,17,Bake & Wrap,175,92,MATCH,21222.36,44.08%,9.96,7087.81,13.18%,D2C,Mar-25
Oct-24,D2C,North,BEC-BW-001,BEC-BW-001,75,16500,627.4,2266.62,11,Bake & Wrap,220,118,MATCH,15872.6,44.24%,7.28,4755.98,14.67%,D2C,Oct-24
Jul-24, Zepto,North,BEC-TIS-002,BEC-TIS-002,205,36900,2211.84,2267.17,4,Tissues,180,95,MATCH,34688.16,43.86%,16.28,12945.99,1.95%,Zepto,Jul-24
Mar-25,Flipkart,North,BEC-TIS-001,BEC-TIS-001,240,22800,1142.14,2267.83,7,Tissues,95,42,MATCH,21657.86,53.46%,10.05,9310.03,2.92%,Flipkart,Mar-25
Aug-24,Zepto,South,BEC-GB-001,BEC-GB-001,141,21009,3817.14,2270.1,4,Garbage Bags,149,70,MATCH,17191.86,42.59%,9.25,5051.76,2.84%,Zepto,Aug-24
Feb-24,Amazon ,South,BEC-GB-001,BEC-GB-001,232,34568,3791.03,2271.8,8,Garbage Bags,149,70,MATCH,30776.97,47.23%,15.22,12265.17,3.45%,Amazon,Feb-24
Jun-24,Blinkit,North,BEC-BW-001,BEC-BW-001,120,26400,1866.21,2273.75,5,Bake & Wrap,220,118,MATCH,24533.79,42.28%,11.61,8100.04,4.17%,Blinkit,Jun-24
Feb-24,D2C,West,BEC-BW-002,BEC-BW-002,127,22225,1117.31,2278.77,20,Bake & Wrap,175,92,MATCH,21107.69,44.65%,9.75,7144.92,15.75%,D2C,Feb-24
Jun-24,Flipkart,West,BEC-GB-002,BEC-GB-002,216,38664,9837.93,2280.19,6,Garbage Bags,179,86,MATCH,28826.07,35.56%,16.96,7969.88,2.78%,Flipkart,Jun-24
Jun-24,Flipkart,South,BEC-TIS-002,BEC-TIS-002,187,33660,3422.17,2280.92,5,Tissues,180,95,MATCH,30237.83,41.25%,14.76,10191.91,2.67%,Flipkart,Jun-24
May-24,D2C,North,BEC-KT-001,BEC-KT-001,166,26560,3496.09,2283.06,21,Kitchen Towel,160,78,MATCH,23063.91,43.86%,11.63,7832.85,12.65%,D2C,May-24
May-24,Blinkit,South,BEC-GB-002,BEC-GB-002,240,42960,11905.84,2283.09,11,Garbage Bags,179,86,MATCH,31054.16,33.54%,18.82,8131.07,4.58%,Blinkit,May-24
Nov-24,Flipkart,West,BEC-KT-001,BEC-KT-001,171,27360,2558.23,2283.63,6,Kitchen Towel,160,78,MATCH,24801.77,46.22%,11.98,9180.14,3.51%,Flipkart,Nov-24
Jan-25,Flipkart,West,BEC-GB-001,BEC-GB-001,185,27565,1478.8,2283.81,8,Garbage Bags,149,70,MATCH,26086.2,50.36%,12.07,10852.39,4.32%,Flipkart,Jan-25
Jun-25,D2C,North,BEC-GB-001,BEC-GB-001,199,29651,2303.73,2284.49,19,Garbage Bags,149,70,MATCH,27347.27,49.06%,12.98,11132.78,9.55%,D2C,Jun-25
Sep-24,Swiggy Instamart,West,BEC-CLN-004,BEC-CLN-004,160,15840,4721.77,2284.85,7,Cleaners,99,44,MATCH,11118.23,36.68%,6.93,1793.38,4.38%,Swiggy Instamart,Sep-24
Sep-24, Zepto,South,BEC-GB-002,BEC-GB-002,123,22017,2411.02,2288.41,6,Garbage Bags,179,86,MATCH,19605.98,46.05%,9.62,6739.57,4.88%,Zepto,Sep-24
May-25,D2C,West,BEC-GB-001,BEC-GB-001,175,26075,2044.81,2291.73,22,Garbage Bags,149,70,MATCH,24030.19,49.02%,11.38,9488.46,12.57%,D2C,May-25
Dec-24,Blinkit,North,BEC-BW-002,BEC-BW-002,157,27475,5715.71,2292.92,6,Bake & Wrap,175,92,MATCH,21759.29,33.62%,11.98,5022.37,3.82%,Blinkit,Dec-24
Feb-24, Zepto,West,BEC-BW-001,BEC-BW-001,150,33000,9733.55,2292.97,7,Bake & Wrap,220,118,MATCH,23266.45,23.92%,14.39,3273.48,4.67%,Zepto,Feb-24
May-24,Blinkit,West,BEC-CMB-001,BEC-CMB-001,48,33552,4120.02,2296.04,1,Others,699,330,MATCH,29431.98,46.18%,14.61,11295.94,2.08%,Blinkit,May-24
Oct-24,D2C,West,BEC-KT-001,BEC-KT-001,187,29920,1574.24,2296.13,31,Kitchen Towel,160,78,MATCH,28345.76,48.54%,13.03,11463.63,16.58%,D2C,Oct-24
Mar-24,Flipkart,South,BEC-TIS-001,BEC-TIS-001,212,20140,1995.39,2297.45,6,Tissues,95,42,MATCH,18144.61,50.93%,8.77,6943.16,2.83%,Flipkart,Mar-24
Jan-25,Amazon,North,BEC-OTH-001,BEC-OTH-001,154,22946,5664.13,2298.9,4,Others,149,72,MATCH,17281.87,35.84%,9.98,3894.97,2.60%,Amazon,Jan-25
May-25,Flipkart,West,BEC-CMB-001,BEC-CMB-001,33,23067,4851.47,2301.2,1,Others,699,330,MATCH,18215.53,40.22%,10.02,5024.33,3.03%,Flipkart,May-25
Jan-25,Zepto,South,BEC-BW-001,BEC-BW-001,105,23100,5237.98,2301.63,3,Bake & Wrap,220,118,MATCH,17862.02,30.63%,10.04,3170.39,2.86%,Zepto,Jan-25
Nov-24,D2C,North,BEC-TIS-002,BEC-TIS-002,176,31680,3785.56,2301.86,18,Tissues,180,95,MATCH,27894.44,40.06%,13.76,8872.58,10.23%,D2C,Nov-24
Mar-24,D2C,West,BEC-GB-002,BEC-GB-002,226,40454,4542.32,2302.96,37,Garbage Bags,179,86,MATCH,35911.68,45.88%,17.57,14172.72,16.37%,D2C,Mar-24
Apr-25,Swiggy Instamart,West,BEC-GB-002,BEC-GB-002,216,38664,6289.71,2304.8,9,Garbage Bags,179,86,MATCH,32374.29,42.62%,16.78,11493.49,4.17%,Swiggy Instamart,Apr-25
May-25,Blinkit,South,BEC-TIS-001,BEC-TIS-001,252,23940,6853.26,2305.67,6,Tissues,95,42,MATCH,17086.74,38.06%,10.38,4197.07,2.38%,Blinkit,May-25
Nov-24,Zepto,South,BEC-KT-001,BEC-KT-001,136,21760,3978.88,2305.78,6,Kitchen Towel,160,78,MATCH,17781.12,40.34%,9.44,4867.34,4.41%,Zepto,Nov-24
May-24,Swiggy Instamart,North,BEC-BW-001,BEC-BW-001,95,20900,3879.95,2309.73,2,Bake & Wrap,220,118,MATCH,17020.05,34.14%,9.05,3500.32,2.11%,Swiggy Instamart,May-24
Oct-24,Flipkart,South,BEC-TIS-002,BEC-TIS-002,129,23220,3025.4,2314.53,5,Tissues,180,95,MATCH,20194.6,39.32%,10.03,5625.07,3.88%,Flipkart,Oct-24
Apr-24,Swiggy Instamart,North,BEC-KT-001,BEC-KT-001,141,22560,1728.63,2316.15,3,Kitchen Towel,160,78,MATCH,20831.37,47.20%,9.74,7517.22,2.13%,Swiggy Instamart,Apr-24
Feb-24,D2C,North,BEC-KT-001,BEC-KT-001,137,21920,2041.5,2316.44,21,Kitchen Towel,160,78,MATCH,19878.5,46.24%,9.46,6876.06,15.33%,D2C,Feb-24
May-24,Amazon,North,BEC-CMB-001,BEC-CMB-001,44,30756,3872.74,2318.95,1,Others,699,330,MATCH,26883.26,45.99%,13.26,10044.31,2.27%,Amazon,May-24
Dec-24,D2C,South,BEC-CLN-004,BEC-CLN-004,144,14256,1415.93,2320.77,18,Cleaners,99,44,MATCH,12840.07,50.65%,6.14,4183.3,12.50%,D2C,Dec-24
May-24, Zepto,West,BEC-CMB-001,BEC-CMB-001,52,36348,10132.03,2326.31,2,Others,699,330,MATCH,26215.97,34.54%,15.62,6729.66,3.85%,Zepto,May-24
May-24,Amazon,North,BEC-KT-001,BEC-KT-001,277,44320,3406.34,2327.25,11,Kitchen Towel,160,78,MATCH,40913.66,47.19%,19.04,16980.41,3.97%,Amazon,May-24
Oct-24,Flipkart,North,BEC-TIS-002,BEC-TIS-002,144,"25,920",6410.6,2327.78,6,Tissues,180,95,MATCH,19509.4,29.88%,11.14,3501.62,4.17%,Flipkart,Oct-24
Nov-24,Blinkit,West,BEC-CMB-001,BEC-CMB-001,51,35649,4024.89,2328.35,2,Others,699,330,MATCH,31624.11,46.78%,15.31,12465.76,3.92%,Blinkit,Nov-24
Nov-24,Blinkit,West,UNKNOWN,UNKNOWN,51,35649,4024.89,2328.35,2,NOT FOUND,Not Found,NOT FOUND,NOT FOUND,31624.11,0.00%,15.31,0,3.92%,Blinkit,Nov-24
Feb-24, Zepto,North,BEC-KT-001,BEC-KT-001,243,38880,9874.54,2331.1,10,Kitchen Towel,160,78,MATCH,29005.46,34.65%,16.68,7720.36,4.12%,Zepto,Feb-24
Mar-24,Flipkart,North,BEC-TIS-001,BEC-TIS-001,247,23465,6848.67,2332.87,5,Tissues,95,42,MATCH,16616.33,37.57%,10.06,3909.46,2.02%,Flipkart,Mar-24
Apr-24,Blinkit,North,BEC-OTH-001,BEC-OTH-001,122,18178,2273.53,2336.75,3,Others,149,72,MATCH,15904.47,44.77%,7.78,4783.72,2.46%,Blinkit,Apr-24
May-24,Flipkart,West,BEC-BW-002,BEC-BW-002,125,21875,5801.59,2336.78,5,Bake & Wrap,175,92,MATCH,16073.41,28.45%,9.36,2236.63,4.00%,Flipkart,May-24
Feb-25,D2C,North,BEC-KT-001,BEC-KT-001,172,27520,1978.66,2340.13,21,Kitchen Towel,160,78,MATCH,25541.34,47.47%,11.76,9785.21,12.21%,D2C,Feb-25
Apr-24,Swiggy Instamart,West,BEC-GB-002,BEC-GB-002,173,"30,967",1568.2,2340.98,6,Garbage Bags,179,86,MATCH,29398.8,49.39%,13.23,12179.82,3.47%,Swiggy Instamart,Apr-24
Jan-25,Flipkart,West,BEC-CMB-001,BEC-CMB-001,34,"23,766",6896.35,2342.53,0,Others,699,330,MATCH,16869.65,33.49%,10.15,3307.12,0.00%,Flipkart,Jan-25
Nov-24,Blinkit,West,BEC-OTH-001,BEC-OTH-001,143,21307,2321.2,2345.03,5,Others,149,72,MATCH,18985.8,45.77%,9.09,6344.77,3.50%,Blinkit,Nov-24
Nov-24,Amazon,West,BEC-BW-001,BEC-BW-001,234,51480,10735.78,2346.38,9,Bake & Wrap,220,118,MATCH,40744.22,32.23%,21.94,10785.84,3.85%,Amazon,Nov-24
Jun-25, Zepto,West,BEC-BW-001,BEC-BW-001,141,31020,8366.21,2347.06,8,Bake & Wrap,220,118,MATCH,22653.79,26.56%,13.22,3668.73,5.67%,Zepto,Jun-25
Feb-24,D2C,South,BEC-TIS-002,BEC-TIS-002,105,18900,2281.03,2350.06,14,Tissues,180,95,MATCH,16618.97,39.98%,8.04,4293.91,13.33%,D2C,Feb-24
Nov-24,Zepto,West,BEC-GB-001,BEC-GB-001,208,30992,5915.44,2350.21,11,Garbage Bags,149,70,MATCH,25076.56,41.94%,13.19,8166.35,5.29%,Zepto,Nov-24
May-25,Amazon,North,BEC-CMB-001,BEC-CMB-001,61,42639,5510.88,2351.06,3,Others,699,330,MATCH,37128.12,45.78%,18.14,14647.06,4.92%,Amazon,May-25
Nov-24,Flipkart,West,BEC-BW-002,BEC-BW-002,115,20125,3413.55,2352.33,4,Bake & Wrap,175,92,MATCH,16711.45,36.69%,8.56,3779.12,3.48%,Flipkart,Nov-24
Apr-25,Swiggy Instamart,North,BEC-KT-001,BEC-KT-001,186,29760,2060.18,2353.86,5,Kitchen Towel,160,78,MATCH,27699.82,47.62%,12.64,10837.96,2.69%,Swiggy Instamart,Apr-25
Jan-25,D2C,North,BEC-GB-002,BEC-GB-002,140,25060,2144.42,2355.72,16,Garbage Bags,179,86,MATCH,22915.58,47.46%,10.64,8519.86,11.43%,D2C,Jan-25
Dec-24,Flipkart,West,BEC-GB-002,BEC-GB-002,239,42781,5718.4,2359.11,4,Garbage Bags,179,86,MATCH,37062.6,44.54%,18.13,14149.49,1.67%,Flipkart,Dec-24
May-24,Amazon,South,BEC-CMB-001,BEC-CMB-001,61,42639,9899.97,2364.59,1,Others,699,330,MATCH,32739.03,38.51%,18.03,10244.44,1.64%,Amazon,May-24
Dec-24,Swiggy Instamart,North,BEC-TIS-001,BEC-TIS-001,198,18810,2844.59,2366.11,9,Tissues,95,42,MATCH,15965.41,47.91%,7.95,5283.3,4.55%,Swiggy Instamart,Dec-24
Jun-24,Blinkit,West,BEC-GB-002,BEC-GB-002,303,54237,13928.79,2367.88,16,Garbage Bags,179,86,MATCH,40308.21,35.35%,22.91,11882.33,5.28%,Blinkit,Jun-24
Jun-24,Blinkit,North,  BEC-TIS-002,BEC-TIS-002,266,47880,4715.19,2367.9,7,Tissues,180,95,MATCH,43164.81,41.46%,20.22,15526.91,2.63%,Blinkit,Jun-24
May-25,Swiggy Instamart,West,BEC-KT-001,BEC-KT-001,159,25440,2919.7,2369.31,7,Kitchen Towel,160,78,MATCH,22520.3,44.93%,10.74,7748.99,4.40%,Swiggy Instamart,May-25
Apr-25, Zepto,West,BEC-BW-002,BEC-BW-002,173,30275,3002.94,2369.47,10,Bake & Wrap,175,92,MATCH,27272.06,41.64%,12.78,8986.59,5.78%,Zepto,Apr-25
Jan-24,Swiggy Instamart,West,BEC-GB-002,BEC-GB-002,194,34726,7910.99,2370.03,5,Garbage Bags,179,86,MATCH,26815.01,37.78%,14.65,7760.98,2.58%,Swiggy Instamart,Jan-24
Nov-24,Amazon,North,BEC-GB-002,BEC-GB-002,338,60502,16651.44,2370.55,20,Garbage Bags,179,86,MATCH,43850.56,33.71%,25.52,12412.01,5.92%,Amazon,Nov-24
Mar-25,D2C,West,BEC-TIS-001,BEC-TIS-001,254,24130,2548.63,2371.12,26,Tissues,95,42,MATCH,21581.37,50.57%,10.18,8542.25,10.24%,D2C,Mar-25
Feb-24,Zepto,North,BEC-TIS-002,BEC-TIS-002,273,49140,5520.01,2372.83,15,Tissues,180,95,MATCH,43619.99,40.54%,20.71,15312.16,5.49%,Zepto,Feb-24
Jan-25,Zepto,North,BEC-GB-001,BEC-GB-001,267,39783,6677.29,2373.88,11,Garbage Bags,149,70,MATCH,33105.71,43.54%,16.76,12041.83,4.12%,Zepto,Jan-25
Jul-24,Zepto,West,BEC-KT-001,BEC-KT-001,162,25920,6609.96,2378.78,5,Kitchen Towel,160,78,MATCH,19310.04,34.56%,10.90,4295.26,3.09%,Zepto,Jul-24
Mar-25,Blinkit,South,BEC-TIS-001,BEC-TIS-001,279,26505,7783.92,2378.82,11,Tissues,95,42,MATCH,18721.08,37.41%,11.14,4624.26,3.94%,Blinkit,Mar-25
Sep-24,Flipkart,West,BEC-BW-002,BEC-BW-002,105,18375,2441.88,2380.54,3,Bake & Wrap,175,92,MATCH,15933.12,39.37%,7.72,3892.58,2.86%,Flipkart,Sep-24
Aug-24,Zepto,North,BEC-GB-001,BEC-GB-001,197,29353,7617.91,2380.84,8,Garbage Bags,149,70,MATCH,21735.09,36.55%,12.33,5564.25,4.06%,Zepto,Aug-24
May-25,Blinkit,West,BEC-CMB-001,BEC-CMB-001,67,46833,10666.4,2381.46,2,Others,699,330,MATCH,36166.6,38.87%,19.67,11675.14,2.99%,Blinkit,May-25
Feb-24,Flipkart,West,BEC-KT-001,BEC-KT-001,146,23360,5735.89,2381.63,7,Kitchen Towel,160,78,MATCH,17624.11,35.38%,9.81,3854.48,4.79%,Flipkart,Feb-24
Nov-24,Blinkit,South,BEC-GB-001,BEC-GB-001,221,32929,2616.73,2385.71,6,Garbage Bags,149,70,MATCH,30312.27,48.96%,13.80,12456.56,2.71%,Blinkit,Nov-24
Jul-24,Swiggy Instamart,South,BEC-TIS-002,BEC-TIS-002,120,21600,2238.81,2385.93,5,Tissues,180,95,MATCH,19361.19,41.12%,9.05,5575.26,4.17%,Swiggy Instamart,Jul-24
Jul-24, Zepto,North,BEC-GB-002,BEC-GB-002,193,34547,9236.11,2387.23,5,Garbage Bags,179,86,MATCH,25310.89,34.42%,14.47,6325.66,2.59%,Zepto,Jul-24
Jun-25,Amazon,South,BEC-CMB-001,BEC-CMB-001,58,40542,8937.53,2388.37,2,Others,699,330,MATCH,31604.47,39.44%,16.97,10076.1,3.45%,Amazon,Jun-25
Apr-25,Swiggy Instamart,West,BEC-TIS-001,BEC-TIS-001,278,"26,410",6291.6,2388.97,9,Tissues,95,42,MATCH,20118.4,41.96%,11.05,6053.43,3.24%,Swiggy Instamart,Apr-25
May-24,D2C,North,BEC-GB-001,BEC-GB-001,147,21903,732.76,2389.38,20,Garbage Bags,149,70,MATCH,21170.24,51.39%,9.17,8490.86,13.61%,D2C,May-24
Jul-24, Zepto,North,BEC-KT-002,BEC-KT-002,156,65520,18672.91,2390.35,3,Kitchen Towel,420,205,MATCH,46847.09,31.74%,27.41,12476.74,1.92%,Zepto,Jul-24
Jan-24, Zepto,West,BEC-CMB-001,BEC-CMB-001,42,29358,4329.11,2392.09,2,Others,699,330,MATCH,25028.89,44.62%,12.27,8776.8,4.76%,Zepto,Jan-24
Nov-24,Blinkit,South,BEC-BW-002,BEC-BW-002,99,17325,1250.96,2392.32,3,Bake & Wrap,175,92,MATCH,16074.04,43.34%,7.24,4573.72,3.03%,Blinkit,Nov-24
Mar-24,Zepto,West,BEC-GB-002,BEC-GB-002,212,37948,7767.2,2394.44,6,Garbage Bags,179,86,MATCH,30180.8,39.59%,15.85,9554.36,2.83%,Zepto,Mar-24
Jan-25,Flipkart,South,BEC-TIS-002,BEC-TIS-002,172,30960,4981.34,2397.75,4,Tissues,180,95,MATCH,25978.66,37.10%,12.91,7240.91,2.33%,Flipkart,Jan-25
Jan-25,Swiggy Instamart,West,BEC-TIS-001,BEC-TIS-001,224,21280,1453.37,2398.75,6,Tissues,95,42,MATCH,19826.63,52.55%,8.87,8019.88,2.68%,Swiggy Instamart,Jan-25
May-25,Flipkart,North,BEC-GB-001,BEC-GB-001,176,26224,2774.52,2403.79,5,Garbage Bags,149,70,MATCH,23449.48,47.46%,10.91,8725.69,2.84%,Flipkart,May-25
Dec-24,D2C,West,BEC-TIS-002,BEC-TIS-002,222,39960,5406.46,2404.51,34,Tissues,180,95,MATCH,34553.54,38.96%,16.62,11059.03,15.32%,D2C,Dec-24
May-25, Zepto,North,BEC-GB-001,BEC-GB-001,199,29651,2727.46,2405.22,11,Garbage Bags,149,70,MATCH,26923.54,48.26%,12.33,10588.32,5.53%,Zepto,May-25
Jul-24,Swiggy Instamart,West,BEC-TIS-002,BEC-TIS-002,192,34560,3594.85,2407.54,4,Tissues,180,95,MATCH,30965.15,41.10%,14.35,10317.61,2.08%,Swiggy Instamart,Jul-24
Jun-24, Zepto,West,BEC-CMB-001,BEC-CMB-001,41,28659,7984.4,2409.18,1,Others,699,330,MATCH,20674.6,34.56%,11.90,4735.42,2.44%,Zepto,Jun-24
Nov-24,Swiggy Instamart,West,BEC-TIS-002,BEC-TIS-002,213,38340,10974.87,2409.57,7,Tissues,180,95,MATCH,27365.13,26.06%,15.91,4720.56,3.29%,Swiggy Instamart,Nov-24
Apr-25,Zepto,West,BEC-KT-001,BEC-KT-001,324,51840,4471.15,2410.01,10,Kitchen Towel,160,78,MATCH,47368.85,46.65%,21.51,19686.84,3.09%,Zepto,Apr-25
Mar-24,Flipkart,North,BEC-GB-002,BEC-GB-002,203,36337,2975.67,2410.59,5,Garbage Bags,179,86,MATCH,33361.33,47.67%,15.07,13492.74,2.46%,Flipkart,Mar-24
Apr-24, Zepto,South,BEC-BW-001,BEC-BW-001,91,20020,2818.87,2412.12,2,Bake & Wrap,220,118,MATCH,17201.13,37.57%,8.30,4051.01,2.20%,Zepto,Apr-24
Apr-25,Blinkit,North,BEC-BW-002,BEC-BW-002,137,23975,4807.48,2413.19,6,Bake & Wrap,175,92,MATCH,19167.52,34.24%,9.93,4150.33,4.38%,Blinkit,Apr-25
Jun-24,Zepto,North,BEC-GB-002,BEC-GB-002,192,34368,2384.46,2414.74,10,Garbage Bags,179,86,MATCH,31983.54,48.37%,14.23,13056.8,5.21%,Zepto,Jun-24
May-24,Flipkart,West,BEC-GB-002,BEC-GB-002,172,30788,8271.43,2417.88,9,Garbage Bags,179,86,MATCH,22516.57,34.31%,12.73,5306.69,5.23%,Flipkart,May-24
Nov-24,Zepto,North,BEC-TIS-001,BEC-TIS-001,244,23180,4756.42,2418.35,8,Tissues,95,42,MATCH,18423.58,44.38%,9.59,5757.23,3.28%,Zepto,Nov-24
Apr-24,Zepto,West,BEC-OTH-001,BEC-OTH-001,151,22499,4829.73,2420.08,4,Others,149,72,MATCH,17669.27,38.47%,9.30,4377.19,2.65%,Zepto,Apr-24
Jun-25, Zepto,North,BEC-GB-002,BEC-GB-002,186,33294,2893.66,2420.14,8,Garbage Bags,179,86,MATCH,30400.34,47.38%,13.76,11984.2,4.30%,Zepto,Jun-25
Jun-24,Amazon,South,BEC-GB-002,BEC-GB-002,274,49046,14709.23,2423.63,11,Garbage Bags,179,86,MATCH,34336.77,31.37%,20.24,8349.14,4.01%,Amazon,Jun-24
Aug-24,Amazon ,North,BEC-BW-001,BEC-BW-001,130,28600,7366.8,2424.43,2,Bake & Wrap,220,118,MATCH,21233.2,27.75%,11.80,3468.77,1.54%,Amazon,Aug-24
Dec-24,Flipkart,West,BEC-CMB-001,BEC-CMB-001,30,20970,3666.99,2431.09,1,Others,699,330,MATCH,17303.01,42.78%,8.63,4971.92,3.33%,Flipkart,Dec-24
Oct-24,Flipkart,South,BEC-CLN-004,BEC-CLN-004,136,13464,2875.93,2431.7,5,Cleaners,99,44,MATCH,10588.07,43.48%,5.54,2172.37,3.68%,Flipkart,Oct-24
Dec-24,Blinkit,West,BEC-BW-001,BEC-BW-001,173,38060,5177.33,2433.24,8,Bake & Wrap,220,118,MATCH,32882.67,37.92%,15.64,10035.43,4.62%,Blinkit,Dec-24
Jun-25,Amazon,South,BEC-BW-002,BEC-BW-002,164,28700,8527.06,2434.29,5,Bake & Wrap,175,92,MATCH,20172.94,25.21%,11.79,2650.65,3.05%,Amazon,Jun-25
Mar-25,D2C,West,BEC-KT-001,BEC-KT-001,270,43200,4151.15,2435.14,24,Kitchen Towel,160,78,MATCH,39048.85,46.07%,17.74,15553.71,8.89%,D2C,Mar-25
Dec-24,Flipkart,West,BEC-GB-001,BEC-GB-001,217,32333,3244.83,2435.95,10,Garbage Bags,149,70,MATCH,29088.17,47.78%,13.27,11462.22,4.61%,Flipkart,Dec-24
Jul-24,D2C,West,BEC-GB-001,BEC-GB-001,175,26075,2845.07,2436.02,28,Garbage Bags,149,70,MATCH,23229.93,47.27%,10.70,8543.91,16.00%,D2C,Jul-24
Apr-25,Flipkart,South,BEC-GB-002,BEC-GB-002,144,25776,4609.74,2437.33,4,Garbage Bags,179,86,MATCH,21166.26,41.49%,10.58,6344.93,2.78%,Flipkart,Apr-25
Sep-24,D2C,West,BEC-TIS-001,BEC-TIS-001,208,19760,982.26,2437.99,29,Tissues,95,42,MATCH,18777.74,53.48%,8.11,7603.75,13.94%,D2C,Sep-24
Feb-25,Flipkart,South,BEC-GB-002,BEC-GB-002,131,23449,1958.24,2439.39,6,Garbage Bags,179,86,MATCH,21490.76,47.58%,9.61,7785.37,4.58%,Flipkart,Feb-25
Jun-25, Zepto,South,BEC-TIS-001,BEC-TIS-001,271,25745,7661.38,2440.68,7,Tissues,95,42,MATCH,18083.62,37.06%,10.55,4260.94,2.58%,Zepto,Jun-25
Feb-25,Swiggy Instamart,West,BEC-TIS-001,BEC-TIS-001,242,22990,5989.33,2443.26,6,Tissues,95,42,MATCH,17000.67,40.21%,9.41,4393.41,2.48%,Swiggy Instamart,Feb-25
Jan-25,Swiggy Instamart,North,BEC-GB-002,BEC-GB-002,167,29893,2218.87,2443.71,5,Garbage Bags,179,86,MATCH,27674.13,48.10%,12.23,10868.42,2.99%,Swiggy Instamart,Jan-25
Feb-24,Flipkart,South,BEC-TIS-002,BEC-TIS-002,153,27540,5085.68,2444.13,6,Tissues,180,95,MATCH,22454.32,35.27%,11.27,5475.19,3.92%,Flipkart,Feb-24
Mar-24, Zepto,South,BEC-CMB-001,BEC-CMB-001,38,26562,2409.29,2444.56,0,Others,699,330,MATCH,24152.71,48.08%,10.87,9168.15,0.00%,Zepto,Mar-24
Sep-24,Blinkit,West,  BEC-OTH-001,BEC-OTH-001,139,20711,2574.59,2446.27,4,Others,149,72,MATCH,18136.41,44.82%,8.47,5682.14,2.88%,Blinkit,Sep-24
Mar-24,Flipkart,West,BEC-GB-002,BEC-GB-002,222,39738,8313.27,2446.7,4,Garbage Bags,179,86,MATCH,31424.73,39.25%,16.24,9886.03,1.80%,Flipkart,Mar-24
Apr-24,Blinkit,North,BEC-CMB-001,BEC-CMB-001,37,25863,1751.67,2447.1,1,Others,699,330,MATCH,24111.33,49.36%,10.57,9454.23,2.70%,Blinkit,Apr-24
Mar-25,Flipkart,North,BEC-BW-002,BEC-BW-002,134,23450,5614.51,2447.35,3,Bake & Wrap,175,92,MATCH,17835.49,30.88%,9.58,3060.14,2.24%,Flipkart,Mar-25
Nov-24,Amazon ,North,BEC-BW-001,BEC-BW-001,152,33440,6633.73,2449.78,6,Bake & Wrap,220,118,MATCH,26806.27,33.09%,13.65,6420.49,3.95%,Amazon,Nov-24
Jun-24,Blinkit,North,BEC-CMB-001,BEC-CMB-001,49,34251,8580.88,2450.25,1,Others,699,330,MATCH,25670.12,37.01%,13.98,7049.87,2.04%,Blinkit,Jun-24
Jul-24,Flipkart,North,BEC-GB-002,BEC-GB-002,113,20227,2398.95,2451,3,Garbage Bags,179,86,MATCH,17828.05,45.49%,8.25,5659.05,2.65%,Flipkart,Jul-24
Feb-25,Zepto,South,BEC-BW-002,BEC-BW-002,138,24150,4595.99,2451.84,3,Bake & Wrap,175,92,MATCH,19554.01,35.07%,9.85,4406.17,2.17%,Zepto,Feb-25
Sep-24,Amazon,North,BEC-GB-001,BEC-GB-001,224,33376,7928.01,2452.81,11,Garbage Bags,149,70,MATCH,25447.99,38.38%,13.61,7315.18,4.91%,Amazon,Sep-24
Mar-24,Flipkart,North,BEC-KT-001,BEC-KT-001,159,25440,4645.45,2453.37,5,Kitchen Towel,160,78,MATCH,20794.55,40.36%,10.37,5939.18,3.14%,Flipkart,Mar-24
Oct-24, Zepto,West,BEC-GB-001,BEC-GB-001,176,26224,7113.71,2455.96,4,Garbage Bags,149,70,MATCH,19110.29,35.53%,10.68,4334.33,2.27%,Zepto,Oct-24
Sep-24,Blinkit,West,BEC-GB-001,BEC-GB-001,194,28906,1786.83,2459.95,6,Garbage Bags,149,70,MATCH,27119.17,49.92%,11.75,11079.22,3.09%,Blinkit,Sep-24
Apr-24,Zepto,West,BEC-GB-001,BEC-GB-001,235,35015,6403.63,2462.61,7,Garbage Bags,149,70,MATCH,28611.37,42.51%,14.22,9698.76,2.98%,Zepto,Apr-24
Jan-25,Blinkit,North,BEC-TIS-001,BEC-TIS-001,355,33725,7847.3,2465.09,8,Tissues,95,42,MATCH,25877.7,42.38%,13.68,8502.61,2.25%,Blinkit,Jan-25
Apr-25,Blinkit,South,BEC-BW-002,BEC-BW-002,127,22225,3611.45,2465.19,7,Bake & Wrap,175,92,MATCH,18613.55,37.23%,9.02,4464.36,5.51%,Blinkit,Apr-25
Mar-25,Blinkit,South,BEC-TIS-002,BEC-TIS-002,297,53460,8899.39,2468.24,13,Tissues,180,95,MATCH,44560.61,36.68%,21.66,13877.37,4.38%,Blinkit,Mar-25
Nov-24,Zepto,North,BEC-KT-001,BEC-KT-001,181,28960,5829.36,2468.49,8,Kitchen Towel,160,78,MATCH,23130.64,38.96%,11.73,6544.15,4.42%,Zepto,Nov-24
Feb-24,Swiggy Instamart,West,BEC-GB-001,BEC-GB-001,205,30545,2624.2,2469.4,4,Garbage Bags,149,70,MATCH,27920.8,48.60%,12.37,11101.4,1.95%,Swiggy Instamart,Feb-24
Mar-24,Blinkit,South,BEC-BW-001,BEC-BW-001,98,21560,1897.66,2471.71,3,Bake & Wrap,220,118,MATCH,19662.34,41.19%,8.72,5626.63,3.06%,Blinkit,Mar-24
Feb-25,Blinkit,South,BEC-KT-001,BEC-KT-001,250,40000,6902.1,2474.85,8,Kitchen Towel,160,78,MATCH,33097.9,41.08%,16.16,11123.05,3.20%,Blinkit,Feb-25
Jan-24,Zepto,West,BEC-TIS-001,BEC-TIS-001,373,35435,5400.1,2475.17,21,Tissues,95,42,MATCH,30034.9,47.84%,14.32,11893.73,5.63%,Zepto,Nov-24
May-24,Blinkit,South,BEC-CMB-001,BEC-CMB-001,34,23766,6485.61,2475.62,1,Others,699,330,MATCH,17280.39,35.07%,9.60,3584.77,2.94%,Blinkit,May-24
Jan-24,Flipkart,North,BEC-GB-001,BEC-GB-001,194,28906,3133.23,2476.53,8,Garbage Bags,149,70,MATCH,25772.77,47.31%,11.67,9716.24,4.12%,Flipkart,Jan-24
Jul-24,D2C,West,BEC-TIS-001,BEC-TIS-001,215,20425,2613.68,2476.55,25,Tissues,95,42,MATCH,17811.32,49.30%,8.25,6304.77,11.63%,D2C,Jul-24
Jan-25,Zepto,West,BEC-CMB-001,BEC-CMB-001,44,30756,4018.4,2476.6,1,Others,699,330,MATCH,26737.6,45.69%,12.42,9741,2.27%,Zepto,Jan-25
Jul-24,Flipkart,West,BEC-GB-001,BEC-GB-001,202,30098,5134.65,2476.95,9,Garbage Bags,149,70,MATCH,24963.35,43.36%,12.15,8346.4,4.46%,Flipkart,Jul-24
Jan-25,Amazon,West,BEC-OTH-001,BEC-OTH-001,207,30843,8361.14,2478.55,11,Others,149,72,MATCH,22481.86,33.71%,12.44,5099.31,5.31%,Amazon,Jan-25
Jul-24, Zepto,North,BEC-GB-001,BEC-GB-001,183,27267,3720.19,2478.66,6,Garbage Bags,149,70,MATCH,23546.81,45.60%,11.00,8258.15,3.28%,Zepto,Jul-24
Nov-24,D2C,West,BEC-GB-002,BEC-GB-002,166,29714,2543.73,2478.68,16,Garbage Bags,179,86,MATCH,27170.27,47.46%,11.99,10415.59,9.64%,D2C,Nov-24
Feb-24, Zepto,North,BEC-BW-002,BEC-BW-002,116,20300,2052.56,2478.71,5,Bake & Wrap,175,92,MATCH,18247.44,41.52%,8.19,5096.73,4.31%,Zepto,Feb-24
Dec-24,Amazon,South,BEC-CMB-001,BEC-CMB-001,37,25863,7246.28,2480.35,2,Others,699,330,MATCH,18616.72,34.41%,10.43,3926.37,5.41%,Amazon,Dec-24
Feb-25,Blinkit,West,BEC-TIS-001,BEC-TIS-001,516,49020,4807.35,2481.13,16,Tissues,95,42,MATCH,44212.65,50.98%,19.76,20059.52,3.10%,Blinkit,Feb-25
Jan-24,Amazon,North,BEC-OTH-001,BEC-OTH-001,135,20115,3456.06,2481.97,7,Others,149,72,MATCH,16658.94,41.65%,8.10,4456.97,5.19%,Amazon,Jan-24
Dec-24,D2C,West,BEC-CMB-001,BEC-CMB-001,32,22368,507.87,2482.48,4,Others,699,330,MATCH,21860.13,51.69%,9.01,8817.65,12.50%,D2C,Dec-24
Feb-24,Blinkit,North,BEC-CMB-001,BEC-CMB-001,46,32154,6533.69,2482.52,1,Others,699,330,MATCH,25620.31,40.75%,12.95,7957.79,2.17%,Blinkit,Feb-24
Nov-24,Swiggy Instamart,South,BEC-TIS-002,BEC-TIS-002,134,24120,6136,2482.83,2,Tissues,180,95,MATCH,17984,29.21%,9.71,2771.17,1.49%,Swiggy Instamart,Nov-24
Jan-24,Blinkit,West,BEC-CMB-001,BEC-CMB-001,41,28659,7956.76,2484.01,1,Others,699,330,MATCH,20702.24,34.64%,11.54,4688.23,2.44%,Blinkit,Jun-24
Oct-24, Zepto,West,BEC-KT-001,BEC-KT-001,234,37440,5072.31,2485.42,5,Kitchen Towel,160,78,MATCH,32367.69,43.61%,15.06,11630.27,2.14%,Zepto,Oct-24
Aug-24,Swiggy Instamart,West,BEC-TIS-002,BEC-TIS-002,157,28260,1927.08,2485.61,8,Tissues,180,95,MATCH,26332.92,43.36%,11.37,8932.31,5.10%,Swiggy Instamart,Aug-24
May-25,D2C,North,BEC-CMB-001,BEC-CMB-001,27,18873,1153.17,2487.15,3,Others,699,330,MATCH,17719.83,49.72%,7.59,6322.68,11.11%,D2C,May-25
Apr-24,Zepto,South,BEC-TIS-002,BEC-TIS-002,201,36180,5619.01,2487.81,11,Tissues,180,95,MATCH,30560.99,37.52%,14.54,8978.18,5.47%,Zepto,Apr-24
Apr-24,Flipkart,West,BEC-TIS-001,BEC-TIS-001,257,24415,5074.18,2487.92,6,Tissues,95,42,MATCH,19340.82,44.19%,9.81,6058.9,2.33%,Flipkart,Apr-24
Sep-24,Flipkart,South,BEC-GB-002,BEC-GB-002,103,18437,1772.6,2489.02,5,Garbage Bags,179,86,MATCH,16664.4,46.84%,7.41,5317.38,4.85%,Flipkart,Sep-24
Jul-24,D2C,North,BEC-GB-002,BEC-GB-002,146,26134,3914.5,2489.79,17,Garbage Bags,179,86,MATCH,22219.5,43.49%,10.50,7173.71,11.64%,D2C,Jul-24
Apr-25,Amazon ,South,BEC-BW-002,BEC-BW-002,198,34650,6977.26,2490.85,6,Bake & Wrap,175,92,MATCH,27672.74,34.17%,13.91,6965.89,3.03%,Amazon,Apr-25
Sep-24,D2C,North,BEC-KT-002,BEC-KT-002,77,32340,2824.64,2491.39,7,Kitchen Towel,420,205,MATCH,29515.36,46.52%,12.98,11238.97,9.09%,D2C,Sep-24
Apr-24, Zepto,North,BEC-BW-001,BEC-BW-001,99,21780,2362.07,2494.02,4,Bake & Wrap,220,118,MATCH,19417.93,39.84%,8.73,5241.91,4.04%,Zepto,Apr-24
Jan-25,Blinkit,North,BEC-OTH-001,BEC-OTH-001,142,21158,2185.19,2494.97,8,Others,149,72,MATCH,18972.81,46.11%,8.48,6253.84,5.63%,Blinkit,Jun-25
Apr-24,Flipkart,West,BEC-GB-002,BEC-GB-002,251,44929,4215.03,2497.23,12,Garbage Bags,179,86,MATCH,40713.97,46.98%,17.99,16630.74,4.78%,Flipkart,Apr-24
Jun-24,Amazon,North,BEC-BW-002,BEC-BW-002,153,26775,1837.71,2497.7,8,Bake & Wrap,175,92,MATCH,24937.29,43.55%,10.72,8363.59,5.23%,Amazon,Jun-24
Mar-25,Blinkit,North,BEC-KT-001,BEC-KT-001,327,52320,12679.47,2498.78,16,Kitchen Towel,160,78,MATCH,39640.53,35.66%,20.94,11635.75,4.89%,Blinkit,Mar-25
Jan-24,D2C,North,BEC-TIS-002,BEC-TIS-002,123,22140,2478.28,2498.84,15,Tissues,180,95,MATCH,19661.72,40.57%,8.86,5477.88,12.20%,D2C,Aug-24
Apr-24,Blinkit,West,BEC-BW-001,BEC-BW-001,213,46860,7890.21,2499.13,8,Bake & Wrap,220,118,MATCH,38969.79,35.50%,18.75,11336.66,3.76%,Blinkit,Apr-24
Dec-24,Blinkit,North,BEC-GB-002,BEC-GB-002,202,36158,6165.71,2499.25,8,Garbage Bags,179,86,MATCH,29992.29,42.08%,14.47,10121.04,3.96%,Blinkit,Dec-24
Jan-25,Blinkit,West,BEC-GB-002,BEC-GB-002,247,44213,3258.88,2500.14,8,Garbage Bags,179,86,MATCH,40954.12,48.13%,17.68,17211.98,3.24%,Blinkit,Jan-25
Jan-24,D2C,West,BEC-BW-001,BEC-BW-001,107,23540,1894.88,2501.87,14,Bake & Wrap,220,118,MATCH,21645.12,41.67%,9.41,6517.25,13.08%,D2C,Jan-24
Feb-25,Blinkit,West,BEC-OTH-001,BEC-OTH-001,186,27714,5107.71,2501.94,6,Others,149,72,MATCH,22606.29,40.76%,11.08,6712.35,3.23%,Blinkit,Feb-25
Apr-25,D2C,North,BEC-KT-002,BEC-KT-002,128,53760,6478.07,2502.61,19,Kitchen Towel,420,205,MATCH,47281.93,44.50%,21.48,18539.32,14.84%,D2C,Apr-25
May-25,Flipkart,West,BEC-TIS-001,BEC-TIS-001,242,22990,4036.26,2502.95,7,Tissues,95,42,MATCH,18953.74,46.37%,9.19,6286.79,2.89%,Flipkart,May-25
Jun-25,Swiggy Instamart,South,BEC-KT-002,BEC-KT-002,82,34440,7791.78,2503.37,4,Kitchen Towel,420,205,MATCH,26648.22,36.92%,13.76,7334.85,4.88%,Swiggy Instamart,Jun-25
Mar-25,Blinkit,West,BEC-OTH-001,BEC-OTH-001,190,28310,2546.48,2505.33,7,Others,149,72,MATCH,25763.52,46.90%,11.30,9578.19,3.68%,Blinkit,Mar-25
Aug-24,D2C,West,BEC-TIS-002,BEC-TIS-002,226,40680,2799.09,2505.93,22,Tissues,180,95,MATCH,37880.91,43.32%,16.23,13904.98,9.73%,D2C,Aug-24
Apr-24,Amazon,South,BEC-TIS-001,BEC-TIS-001,282,26790,6251.58,2505.97,15,Tissues,95,42,MATCH,20538.42,42.33%,10.69,6188.45,5.32%,Amazon,Apr-24
Mar-25,Flipkart,South,BEC-TIS-001,BEC-TIS-001,241,22895,1478.8,2506.56,9,Tissues,95,42,MATCH,21416.2,52.74%,9.13,8787.64,3.73%,Flipkart,Mar-25
Mar-25,Swiggy Instamart,North,BEC-TIS-002,BEC-TIS-002,158,28440,3363.11,2507.43,7,Tissues,180,95,MATCH,25076.89,40.14%,11.34,7559.46,4.43%,Swiggy Instamart,Mar-25
Jan-24,Flipkart,South,BEC-CLN-004,BEC-CLN-004,131,12969,3432.04,2507.46,6,Cleaners,99,44,MATCH,9536.96,39.56%,5.17,1265.5,4.58%,Flipkart,Jan-24
Mar-25, Zepto,North,BEC-CMB-001,BEC-CMB-001,42,29358,3330.75,2508.16,1,Others,699,330,MATCH,26027.25,46.75%,11.70,9659.09,2.38%,Zepto,Mar-25
Dec-24,Swiggy Instamart,North,BEC-TIS-002,BEC-TIS-002,168,30240,8993.57,2509.39,9,Tissues,180,95,MATCH,21246.43,24.88%,12.05,2777.04,5.36%,Swiggy Instamart,Dec-24
Mar-24,Swiggy Instamart,West,BEC-BW-001,BEC-BW-001,85,18700,1498.51,2511.85,2,Bake & Wrap,220,118,MATCH,17201.49,41.69%,7.44,4659.64,2.35%,Swiggy Instamart,Mar-24
Feb-24,Blinkit,West,BEC-BW-001,BEC-BW-001,216,47520,8486.31,2512.67,6,Bake & Wrap,220,118,MATCH,39033.69,34.70%,18.91,11033.02,2.78%,Blinkit,Feb-24
Apr-25,Zepto,South,BEC-CMB-001,BEC-CMB-001,37,25863,3765.54,2516.8,1,Others,699,330,MATCH,22097.46,44.74%,10.28,7370.66,2.70%,Zepto,Apr-25
Mar-24,Swiggy Instamart,West,BEC-TIS-001,BEC-TIS-001,245,23275,1351.22,2517.79,12,Tissues,95,42,MATCH,21923.78,53.06%,9.24,9115.99,4.90%,Swiggy Instamart,Mar-24
May-24,Flipkart,North,BEC-TIS-002,BEC-TIS-002,186,33480,3675.16,2519.77,8,Tissues,180,95,MATCH,29804.84,40.71%,13.29,9615.07,4.30%,Flipkart,May-24
May-25,D2C,West,BEC-TIS-001,BEC-TIS-001,286,27170,3184.59,2520.13,43,Tissues,95,42,MATCH,23985.41,49.92%,10.78,9453.28,15.03%,D2C,May-25
Mar-25,Flipkart,South,BEC-GB-002,BEC-GB-002,148,26492,7288.72,2520.21,5,Garbage Bags,179,86,MATCH,19203.28,33.72%,10.51,3955.07,3.38%,Flipkart,Mar-25
Apr-24, Zepto,West,BEC-KT-001,BEC-KT-001,197,31520,4483.16,2521.43,7,Kitchen Towel,160,78,MATCH,27036.84,43.17%,12.50,9149.41,3.55%,Zepto,Apr-24
Mar-24, Zepto,South,  BEC-TIS-002,BEC-TIS-002,261,46980,7477.8,2521.5,6,Tissues,180,95,MATCH,39502.2,37.23%,18.63,12185.7,2.30%,Zepto,Mar-24
Aug-24,Swiggy Instamart,West,BEC-KT-001,BEC-KT-001,152,24320,3536.29,2522.08,6,Kitchen Towel,160,78,MATCH,20783.71,42.96%,9.64,6405.63,3.95%,Swiggy Instamart,Aug-24
Jun-24,D2C,North,BEC-TIS-001,BEC-TIS-001,208,"19,760",2764.66,2523.65,19,Tissues,95,42,MATCH,16995.34,48.60%,7.83,5735.69,9.13%,D2C,Jun-24
Nov-24,Blinkit,West,BEC-BW-001,BEC-BW-001,143,31460,3901.65,2524.46,7,Bake & Wrap,220,118,MATCH,27558.35,38.77%,12.46,8159.89,4.90%,Blinkit,Nov-24
Feb-24,Amazon,South,BEC-BW-001,BEC-BW-001,148,32560,5785.79,2524.83,7,Bake & Wrap,220,118,MATCH,26774.21,34.77%,12.90,6785.38,4.73%,Amazon,Feb-24
May-24,Swiggy Instamart,West,BEC-BW-001,BEC-BW-001,105,23100,4044.62,2525.14,2,Bake & Wrap,220,118,MATCH,19055.38,34.98%,9.15,4140.24,1.90%,Swiggy Instamart,May-24
Aug-24,Zepto,West,BEC-GB-002,BEC-GB-002,171,30609,7127.63,2525.73,9,Garbage Bags,179,86,MATCH,23481.37,37.37%,12.12,6249.64,5.26%,Zepto,Aug-24
May-24,D2C,North,BEC-GB-002,BEC-GB-002,154,27566,3878.1,2526.87,25,Garbage Bags,179,86,MATCH,23687.9,44.09%,10.91,7917.03,16.23%,D2C,May-24
Sep-24,Flipkart,West,BEC-CLN-004,BEC-CLN-004,183,18117,4918.64,2526.99,10,Cleaners,99,44,MATCH,13198.36,38.99%,7.17,2619.37,5.46%,Flipkart,Sep-24
Jan-25,Swiggy Instamart,West,BEC-GB-001,BEC-GB-001,219,32631,3045.08,2527.06,5,Garbage Bags,149,70,MATCH,29585.92,48.18%,12.91,11728.86,2.28%,Swiggy Instamart,Jan-25
Feb-25,D2C,North,BEC-BW-001,BEC-BW-001,102,22440,621.61,2527.38,12,Bake & Wrap,220,118,MATCH,21818.39,44.84%,8.88,7255.01,11.76%,D2C,Feb-25
Dec-24,Swiggy Instamart,South,BEC-KT-002,BEC-KT-002,115,48300,3818.43,2528.21,4,Kitchen Towel,420,205,MATCH,44481.57,47.00%,19.10,18378.36,3.48%,Swiggy Instamart,Dec-24
Jan-24,Blinkit,West,BEC-BW-001,BEC-BW-001,153,33660,1739.83,2528.43,8,Bake & Wrap,220,118,MATCH,31920.17,43.44%,13.31,11337.74,5.23%,Blinkit,Jan-24
Aug-24,Swiggy Instamart,West,BEC-CMB-001,BEC-CMB-001,29,20271,2723.65,2529.75,1,Others,699,330,MATCH,17547.35,45.46%,8.01,5447.6,3.45%,Swiggy Instamart,Aug-24
May-24,D2C,North,BEC-BW-001,BEC-BW-001,90,19800,1503.99,2529.89,12,Bake & Wrap,220,118,MATCH,18296.01,41.95%,7.83,5146.12,13.33%,D2C,May-24
Dec-24,D2C,South,BEC-GB-002,BEC-GB-002,139,24881,3390.49,2530.51,20,Garbage Bags,179,86,MATCH,21490.51,44.38%,9.83,7006,14.39%,D2C,Dec-24
May-24, Zepto,North,BEC-KT-001,BEC-KT-001,247,39520,9419.14,2532.2,5,Kitchen Towel,160,78,MATCH,30100.86,36.00%,15.61,8302.66,2.02%,Zepto,May-24
Mar-25,Flipkart,West,BEC-BW-001,BEC-BW-001,155,34100,3018.72,2538.17,4,Bake & Wrap,220,118,MATCH,31081.28,41.15%,13.43,10253.11,2.58%,Flipkart,Mar-25
Feb-24,Zepto,West,BEC-BW-002,BEC-BW-002,159,27825,2148.11,2539.13,5,Bake & Wrap,175,92,MATCH,25676.89,43.03%,10.96,8509.76,3.14%,Zepto,Feb-24
Dec-24,D2C,South,BEC-TIS-002,BEC-TIS-002,160,28800,3933.34,2543.22,15,Tissues,180,95,MATCH,24866.66,38.87%,11.32,7123.44,9.38%,D2C,Dec-24
Jan-24,Flipkart,North,BEC-KT-001,BEC-KT-001,145,23200,2832.34,2547.01,3,Kitchen Towel,160,78,MATCH,20367.66,44.47%,9.11,6510.65,2.07%,Flipkart,Jan-24
Jan-25,Flipkart,South,BEC-GB-002,BEC-GB-002,154,27566,3751.68,2547.4,8,Garbage Bags,179,86,MATCH,23814.32,44.39%,10.82,8022.92,5.19%,Flipkart,Jan-25
Aug-24, Zepto,South,BEC-TIS-002,BEC-TIS-002,162,29160,3400.44,2548.14,6,Tissues,180,95,MATCH,25759.56,40.26%,11.44,7821.42,3.70%,Zepto,Aug-24
Jun-24,Blinkit,West,BEC-KT-001,BEC-KT-001,229,36640,7499.42,2550.23,8,Kitchen Towel,160,78,MATCH,29140.58,38.70%,14.37,8728.35,3.49%,Blinkit,Jun-24
Feb-24,D2C,North,BEC-GB-001,BEC-GB-001,184,27416,1987.24,2552.41,20,Garbage Bags,149,70,MATCH,25428.76,49.35%,10.74,9996.35,10.87%,D2C,Feb-24
Jul-24,D2C,South,BEC-CLN-004,BEC-CLN-004,110,10890,1479.57,2555.44,18,Cleaners,99,44,MATCH,9410.43,48.57%,4.26,2014.99,16.36%,D2C,Jul-24
Feb-24,Amazon ,North,BEC-BW-002,BEC-BW-002,130,22750,2269.04,2556.48,5,Bake & Wrap,175,92,MATCH,20480.96,41.60%,8.90,5964.48,3.85%,Amazon,Feb-24
Jun-25,Blinkit,South,BEC-BW-002,BEC-BW-002,106,18550,1332.24,2559.25,3,Bake & Wrap,175,92,MATCH,17217.76,43.36%,7.25,4906.51,2.83%,Blinkit,Jun-25
Apr-25, Zepto,West,BEC-CMB-001,BEC-CMB-001,46,32154,3624.28,2559.38,1,Others,699,330,MATCH,28529.72,46.79%,12.56,10790.34,2.17%,Zepto,Apr-25
Apr-24,Swiggy Instamart,West,BEC-KT-001,BEC-KT-001,193,30880,5035.34,2559.41,4,Kitchen Towel,160,78,MATCH,25844.66,41.75%,12.07,8231.25,2.07%,Swiggy Instamart,Apr-24
Sep-24,Flipkart,West,BEC-GB-001,BEC-GB-001,162,24138,3542.53,2559.53,5,Garbage Bags,149,70,MATCH,20595.47,44.94%,9.43,6695.94,3.09%,Flipkart,Sep-24
Jul-24,Amazon,West,BEC-TIS-001,BEC-TIS-001,558,53010,6230.07,2560.88,31,Tissues,95,42,MATCH,46779.93,49.90%,20.70,20783.05,5.56%,Amazon,Jul-24
May-24,Blinkit,South,BEC-KT-001,BEC-KT-001,140,22400,3046.87,2562.88,7,Kitchen Towel,160,78,MATCH,19353.13,43.58%,8.74,5870.25,5.00%,Blinkit,May-24
Feb-24,Flipkart,North,BEC-GB-002,BEC-GB-002,184,32936,1770.37,2564.61,3,Garbage Bags,179,86,MATCH,31165.63,49.23%,12.84,12777.02,1.63%,Flipkart,Feb-24
Apr-24,Zepto,South,BEC-KT-001,BEC-KT-001,146,"23,360",1522.29,2565.21,4,Kitchen Towel,160,78,MATCH,21837.71,47.85%,9.11,7884.5,2.74%,Zepto,Apr-24
Aug-24,Blinkit,West,BEC-OTH-001,BEC-OTH-001,132,19668,2018.96,2566.5,6,Others,149,72,MATCH,17649.04,46.15%,7.66,5578.54,4.55%,Blinkit,Aug-24
May-24, Zepto,South,BEC-GB-001,BEC-GB-001,200,29800,5430.5,2568.5,8,Garbage Bags,149,70,MATCH,24369.5,42.55%,11.60,7801,4.00%,Zepto,May-24
Feb-24,Amazon,North,BEC-TIS-001,BEC-TIS-001,521,49495,7103.03,2569.45,23,Tissues,95,42,MATCH,42391.97,48.38%,19.26,17940.52,4.41%,Amazon,Feb-24
Oct-24,D2C,North,BEC-TIS-002,BEC-TIS-002,153,27540,2011.15,2573.65,14,Tissues,180,95,MATCH,25528.85,43.06%,10.70,8420.2,9.15%,D2C,Oct-24
Nov-24,D2C,North,BEC-KT-001,BEC-KT-001,142,22720,1581.62,2573.94,16,Kitchen Towel,160,78,MATCH,21138.38,47.60%,8.83,7488.44,11.27%,D2C,Nov-24
Jun-24,D2C,South,BEC-GB-002,BEC-GB-002,137,24523,1446.5,2577.75,15,Garbage Bags,179,86,MATCH,23076.5,48.94%,9.51,8716.75,10.95%,D2C,Jun-24
Jan-24,Zepto,North,BEC-TIS-002,BEC-TIS-002,268,48240,6201.25,2577.84,6,Tissues,180,95,MATCH,42038.75,39.44%,18.71,14000.91,2.24%,Zepto,Jan-24
Jun-24,Amazon,North,BEC-BW-001,BEC-BW-001,180,39600,8893.09,2578.53,7,Bake & Wrap,220,118,MATCH,30706.91,30.83%,15.36,6888.38,3.89%,Amazon,Jun-24
Jul-24,Blinkit,North,BEC-GB-002,BEC-GB-002,154,27566,7089.81,2579.31,4,Garbage Bags,179,86,MATCH,20476.19,35.32%,10.69,4652.88,2.60%,Blinkit,Jul-24
Jan-24,Blinkit,West,BEC-OTH-001,BEC-OTH-001,167,24883,1922.26,2579.86,7,Others,149,72,MATCH,22960.74,47.63%,9.65,8356.88,4.19%,Blinkit,Jan-24
Feb-25,Amazon ,West,  BEC-OTH-001,BEC-OTH-001,219,32631,9575.97,2580.34,8,Others,149,72,MATCH,23055.03,31.61%,12.65,4706.69,3.65%,Amazon,Feb-25
Feb-25,Flipkart,South,BEC-KT-001,BEC-KT-001,164,26240,3292.31,2580.93,6,Kitchen Towel,160,78,MATCH,22947.69,44.26%,10.17,7574.76,3.66%,Flipkart,Feb-25
Mar-24, Zepto,South,BEC-GB-001,BEC-GB-001,131,19519,2140.26,2583.95,3,Garbage Bags,149,70,MATCH,17378.74,47.23%,7.55,5624.79,2.29%,Zepto,Mar-24
Feb-24,Flipkart,South,BEC-GB-001,BEC-GB-001,152,22648,3632.5,2585.79,4,Garbage Bags,149,70,MATCH,19015.5,44.05%,8.76,5789.71,2.63%,Flipkart,Feb-24
Sep-24,Zepto,West,BEC-GB-001,BEC-GB-001,234,34866,5954.27,2585.8,13,Garbage Bags,149,70,MATCH,28911.73,43.34%,13.48,9945.93,5.56%,Zepto,Sep-24
Apr-24,D2C,South,BEC-KT-002,BEC-KT-002,122,51240,4341.21,2591.35,19,Kitchen Towel,420,205,MATCH,46898.79,46.67%,19.77,19297.44,15.57%,D2C,Apr-24
Oct-24,Blinkit,West,BEC-KT-001,BEC-KT-001,198,31680,3604.08,2593.28,9,Kitchen Towel,160,78,MATCH,28075.92,44.99%,12.22,10038.64,4.55%,Blinkit,Oct-24
Oct-24,Blinkit,West,BEC-TIS-002,BEC-TIS-002,285,51300,11788.29,2595.4,11,Tissues,180,95,MATCH,39511.71,31.48%,19.77,9841.31,3.86%,Blinkit,Oct-24
Apr-24,Zepto,North,BEC-CMB-001,BEC-CMB-001,39,27261,6267.64,2596.95,1,Others,699,330,MATCH,20993.36,38.69%,10.50,5526.41,2.56%,Zepto,Apr-24
Mar-24, Zepto,North,BEC-BW-001,BEC-BW-001,98,21560,2992.85,2597.52,5,Bake & Wrap,220,118,MATCH,18567.15,37.72%,8.30,4405.63,5.10%,Zepto,Mar-24
Mar-24,Swiggy Instamart,North,  BEC-BW-001,BEC-BW-001,89,19580,1443.26,2597.74,2,Bake & Wrap,220,118,MATCH,18136.74,42.10%,7.54,5037,2.25%,Swiggy Instamart,Mar-24
Mar-25,Flipkart,South,BEC-KT-001,BEC-KT-001,175,28000,3162.76,2598.65,3,Kitchen Towel,160,78,MATCH,24837.24,45.04%,10.77,8588.59,1.71%,Flipkart,Mar-25
Sep-24,Blinkit,West,BEC-BW-002,BEC-BW-002,138,24150,1909.77,2599.19,6,Bake & Wrap,175,92,MATCH,22240.23,42.91%,9.29,6945.04,4.35%,Blinkit,Sep-24
Jan-25,Flipkart,South,BEC-KT-001,BEC-KT-001,166,26560,2394.98,2602.39,4,Kitchen Towel,160,78,MATCH,24165.02,46.42%,10.21,8614.63,2.41%,Flipkart,Jan-25
May-25,Blinkit,North,BEC-CMB-001,BEC-CMB-001,51,35649,10333.16,2603.05,1,Others,699,330,MATCH,25315.84,33.52%,13.70,5882.79,1.96%,Blinkit,May-25
Oct-24,Blinkit,North,BEC-KT-001,BEC-KT-001,162,25920,3466.68,2607.02,5,Kitchen Towel,160,78,MATCH,22453.32,43.72%,9.94,7210.3,3.09%,Blinkit,Oct-24
Apr-24,D2C,West,BEC-TIS-001,BEC-TIS-001,225,21375,2738.51,2609.15,23,Tissues,95,42,MATCH,18636.49,49.29%,8.19,6577.34,10.22%,D2C,Apr-24
Feb-25,Flipkart,South,BEC-GB-001,BEC-GB-001,201,29949,1690.26,2609.33,5,Garbage Bags,149,70,MATCH,28258.74,50.21%,11.48,11579.41,2.49%,Flipkart,Feb-25
Feb-24,Flipkart,South,BEC-GB-002,BEC-GB-002,126,22554,2323.58,2609.36,2,Garbage Bags,179,86,MATCH,20230.42,46.44%,8.64,6785.06,1.59%,Flipkart,Feb-24
Jul-24,Blinkit,North,BEC-TIS-002,BEC-TIS-002,280,50400,11170.2,2609.86,15,Tissues,180,95,MATCH,39229.8,32.19%,19.31,10019.94,5.36%,Blinkit,Jul-24
Jul-24,Flipkart,West,BEC-KT-001,BEC-KT-001,187,29920,3362.69,2611.18,9,Kitchen Towel,160,78,MATCH,26557.31,45.08%,11.46,9360.13,4.81%,Flipkart,Jul-24
Jul-24,Swiggy Instamart,South,BEC-KT-002,BEC-KT-002,105,44100,13158.29,2613.08,2,Kitchen Towel,420,205,MATCH,30941.71,30.43%,16.88,6803.63,1.90%,Swiggy Instamart,Jul-24
Apr-24,Flipkart,South,BEC-TIS-002,BEC-TIS-002,165,29700,5903.56,2613.6,4,Tissues,180,95,MATCH,23796.44,34.13%,11.36,5507.84,2.42%,Flipkart,Apr-24
Apr-25,Swiggy Instamart,West,BEC-GB-001,BEC-GB-001,194,28906,7224.8,2615.92,4,Garbage Bags,149,70,MATCH,21681.2,37.37%,11.05,5485.28,2.06%,Swiggy Instamart,Apr-25
Jun-24,Swiggy Instamart,South,BEC-CLN-004,BEC-CLN-004,109,10791,1669.73,2616.7,5,Cleaners,99,44,MATCH,9121.27,47.42%,4.12,1708.57,4.59%,Swiggy Instamart,Jun-24
Jul-24,Swiggy Instamart,West,BEC-KT-002,BEC-KT-002,117,49140,10232.41,2617.57,6,Kitchen Towel,420,205,MATCH,38907.59,38.35%,18.77,12305.02,5.13%,Swiggy Instamart,Jul-24
May-25,Amazon,West,BEC-TIS-001,BEC-TIS-001,517,49115,8009.64,2618.26,26,Tissues,95,42,MATCH,41105.36,47.17%,18.76,16773.1,5.03%,Amazon,May-25
Feb-24,Zepto,South,BEC-GB-002,BEC-GB-002,147,26313,4176.74,2621.66,4,Garbage Bags,179,86,MATCH,22136.26,42.89%,10.04,6872.6,2.72%,Zepto,Feb-24
Jan-25,Blinkit,South,BEC-KT-001,BEC-KT-001,156,24960,3487.42,2623.12,8,Kitchen Towel,160,78,MATCH,21472.58,43.33%,9.52,6681.46,5.13%,Blinkit,Jan-25
Jan-25,D2C,South,BEC-CMB-001,BEC-CMB-001,30,20970,2149.69,2624.31,4,Others,699,330,MATCH,18820.31,47.40%,7.99,6296,13.33%,D2C,Jan-25
Aug-24,Blinkit,North,BEC-CMB-001,BEC-CMB-001,40,27960,5046.67,2625.29,2,Others,699,330,MATCH,22913.33,42.39%,10.65,7088.04,5.00%,Blinkit,Aug-24
Mar-24,D2C,West,BEC-KT-001,BEC-KT-001,133,21280,1800.34,2626.16,14,Kitchen Towel,160,78,MATCH,19479.66,46.74%,8.10,6479.5,10.53%,D2C,Mar-24
Feb-24,Amazon,West,BEC-GB-001,BEC-GB-001,332,49468,10129.55,2627.34,10,Garbage Bags,149,70,MATCH,39338.45,40.92%,18.83,13471.11,3.01%,Amazon,Feb-24
Mar-25,Swiggy Instamart,South,BEC-KT-001,BEC-KT-001,124,19840,1230.13,2628.15,4,Kitchen Towel,160,78,MATCH,18609.87,48.03%,7.55,6309.72,3.23%,Swiggy Instamart,Mar-25
Jun-25,Amazon,North,BEC-TIS-001,BEC-TIS-001,333,31635,7083.97,2628.2,15,Tissues,95,42,MATCH,24551.03,43.03%,12.04,7936.83,4.50%,Amazon,Jun-25
Jul-24,D2C,North,BEC-KT-001,BEC-KT-001,122,19520,1336.13,2632.36,20,Kitchen Towel,160,78,MATCH,18183.87,47.67%,7.42,6035.51,16.39%,D2C,Jul-24
Feb-24,D2C,West,BEC-GB-001,BEC-GB-001,150,22350,2055.7,2632.96,15,Garbage Bags,149,70,MATCH,20294.3,48.26%,8.49,7161.34,10.00%,D2C,Feb-24
Jun-24, Zepto,West,BEC-KT-001,BEC-KT-001,272,43520,10343.4,2639.29,10,Kitchen Towel,160,78,MATCH,33176.6,36.05%,16.49,9321.31,3.68%,Zepto,Jun-24
Apr-24,Blinkit,South,BEC-BW-001,BEC-BW-001,92,20240,1722.81,2640.04,1,Bake & Wrap,220,118,MATCH,18517.19,41.37%,7.67,5021.15,1.09%,Blinkit,Apr-24
Feb-25,Flipkart,West,BEC-BW-002,BEC-BW-002,152,26600,1914.45,2640.97,6,Bake & Wrap,175,92,MATCH,24685.55,43.35%,10.07,8060.58,3.95%,Flipkart,Feb-25
Feb-24,Zepto,South,BEC-BW-001,BEC-BW-001,109,23980,5128.24,2641.27,5,Bake & Wrap,220,118,MATCH,18851.76,31.77%,9.08,3348.49,4.59%,Zepto,Feb-24
Jan-25,Blinkit,North,BEC-BW-002,BEC-BW-002,156,27300,6625.1,2644.82,4,Bake & Wrap,175,92,MATCH,20674.9,30.58%,10.32,3678.08,2.56%,Blinkit,Jan-25
Jun-25,Flipkart,West,BEC-BW-001,BEC-BW-001,138,30360,8631.23,2644.82,7,Bake & Wrap,220,118,MATCH,21728.77,25.06%,11.48,2799.95,5.07%,Flipkart,Jun-25
May-24,Blinkit,North,BEC-BW-001,BEC-BW-001,130,28600,2468.19,2645.16,6,Bake & Wrap,220,118,MATCH,26131.81,41.30%,10.81,8146.65,4.62%,Blinkit,May-24
Feb-25,Blinkit,South,BEC-BW-001,BEC-BW-001,138,"30,360",5827.27,2646.09,2,Bake & Wrap,220,118,MATCH,24532.73,33.62%,11.47,5602.64,1.45%,Blinkit,Feb-25
Oct-24,D2C,West,BEC-CMB-001,BEC-CMB-001,27,18873,404.85,2647.31,3,Others,699,330,MATCH,18468.15,51.75%,7.13,6910.84,11.11%,D2C,Oct-24
Apr-25,Flipkart,West,BEC-KT-001,BEC-KT-001,165,26400,7860.32,2648.96,7,Kitchen Towel,160,78,MATCH,18539.68,30.58%,9.97,3020.72,4.24%,Flipkart,Apr-25
May-24,Swiggy Instamart,South,BEC-KT-002,BEC-KT-002,116,48720,4681.58,2649.07,5,Kitchen Towel,420,205,MATCH,44038.42,46.00%,18.39,17609.35,4.31%,Swiggy Instamart,May-24
Jun-24,Swiggy Instamart,South,BEC-GB-002,BEC-GB-002,119,21301,2008.06,2649.52,3,Garbage Bags,179,86,MATCH,19292.94,46.95%,8.04,6409.42,2.52%,Swiggy Instamart,Jun-24
Aug-24,Swiggy Instamart,North,BEC-GB-002,BEC-GB-002,121,21659,3955.41,2650.52,7,Garbage Bags,179,86,MATCH,17703.59,41.22%,8.17,4647.07,5.79%,Swiggy Instamart,Aug-24
Feb-25,Blinkit,West,BEC-KT-001,BEC-KT-001,366,58560,9447.65,2655.42,17,Kitchen Towel,160,78,MATCH,49112.35,41.87%,22.05,17908.93,4.64%,Blinkit,Feb-25
Sep-24,D2C,West,BEC-BW-001,BEC-BW-001,100,22000,0,2657.32,12,Bake & Wrap,220,118,MATCH,22000,46.36%,8.28,7542.68,12.00%,D2C,Sep-24
Jan-25,Amazon,North,BEC-BW-002,BEC-BW-002,247,"43,225",9659.13,2657.54,9,Bake & Wrap,175,92,MATCH,33565.87,32.30%,16.27,8184.33,3.64%,Amazon,Jan-25
Jun-24,D2C,North,BEC-BW-001,BEC-BW-001,88,19360,1576.89,2659.79,12,Bake & Wrap,220,118,MATCH,17783.11,41.61%,7.28,4739.32,13.64%,D2C,Jun-24
Jul-24, Zepto,North,BEC-BW-002,BEC-BW-002,122,21350,3023.51,2662.45,5,Bake & Wrap,175,92,MATCH,18326.49,38.76%,8.02,4440.04,4.10%,Zepto,Jul-24
Aug-24,Flipkart,West,BEC-TIS-002,BEC-TIS-002,250,45000,12360.5,2663.1,13,Tissues,180,95,MATCH,32639.5,27.24%,16.90,6226.4,5.20%,Flipkart,Aug-24
May-24,Swiggy Instamart,West,BEC-GB-002,BEC-GB-002,202,36158,3853.22,2663.86,6,Garbage Bags,179,86,MATCH,32304.78,46.22%,13.57,12268.92,2.97%,Swiggy Instamart,May-24
May-24,Zepto,South,BEC-BW-001,BEC-BW-001,109,23980,5351.18,2665.18,2,Bake & Wrap,220,118,MATCH,18628.82,30.96%,9.00,3101.64,1.83%,Zepto,May-24
Mar-25,D2C,West,BEC-GB-001,BEC-GB-001,234,34866,5021.25,2665.97,37,Garbage Bags,149,70,MATCH,29844.75,45.12%,13.08,10798.78,15.81%,D2C,Mar-25
Jun-25,Amazon,West,BEC-OTH-001,BEC-OTH-001,263,39187,7421.27,2666.73,9,Others,149,72,MATCH,31765.73,40.39%,14.69,10163,3.42%,Amazon,Jun-25
Mar-25,Swiggy Instamart,West,BEC-BW-001,BEC-BW-001,123,27060,7043.12,2669.3,5,Bake & Wrap,220,118,MATCH,20016.88,27.49%,10.14,2833.58,4.07%,Swiggy Instamart,Mar-25
Nov-24,Amazon,South,BEC-GB-001,BEC-GB-001,291,43359,10547.58,2669.5,12,Garbage Bags,149,70,MATCH,32811.42,37.92%,16.24,9771.92,4.12%,Amazon,Nov-24
Jun-24,D2C,South,BEC-KT-002,BEC-KT-002,74,31080,3362.3,2670.92,8,Kitchen Towel,420,205,MATCH,27717.7,45.27%,11.64,9876.78,10.81%,D2C,Jun-24
Mar-24,Flipkart,South,BEC-GB-001,BEC-GB-001,139,20711,2011,2672.17,5,Garbage Bags,149,70,MATCH,18700,47.97%,7.75,6297.83,3.60%,Flipkart,Mar-24
Mar-24, Zepto,North,BEC-GB-001,BEC-GB-001,212,31588,8177.05,2672.53,10,Garbage Bags,149,70,MATCH,23410.95,36.61%,11.82,5898.42,4.72%,Zepto,Mar-24
Sep-24,D2C,South,BEC-CLN-004,BEC-CLN-004,141,"13,959",1231.58,2673,18,Cleaners,99,44,MATCH,12727.42,51.25%,5.22,3850.42,12.77%,D2C,Sep-24
Mar-25,Flipkart,West,  BEC-CMB-001,BEC-CMB-001,60,41940,9499.57,2673.44,2,Others,699,330,MATCH,32440.43,38.97%,15.69,9966.99,3.33%,Flipkart,Mar-25
Jun-24,Flipkart,North,BEC-TIS-002,BEC-TIS-002,209,37620,5768.69,2674.38,4,Tissues,180,95,MATCH,31851.31,37.66%,14.07,9321.93,1.91%,Flipkart,Jun-24
Jan-25,Flipkart,South,BEC-KT-002,BEC-KT-002,136,57120,7765.45,2677.16,3,Kitchen Towel,420,205,MATCH,49354.55,43.51%,21.34,18797.39,2.21%,Flipkart,Jan-25
Mar-24, Zepto,West,BEC-BW-002,BEC-BW-002,200,35000,7489.07,2677.68,8,Bake & Wrap,175,92,MATCH,27510.93,33.12%,13.07,6433.25,4.00%,Zepto,Mar-24
Apr-24,Swiggy Instamart,North,BEC-CLN-004,BEC-CLN-004,182,18018,4209.39,2678.6,5,Cleaners,99,44,MATCH,13808.61,42.01%,6.73,3122.01,2.75%,Swiggy Instamart,Apr-24
Jan-24,Amazon,West,BEC-BW-001,BEC-BW-001,255,56100,14196.37,2678.93,10,Bake & Wrap,220,118,MATCH,41903.63,28.19%,20.94,9134.7,3.92%,Amazon,Jan-24
Dec-24,Zepto,North,BEC-KT-001,BEC-KT-001,189,30240,8188.92,2686.35,8,Kitchen Towel,160,78,MATCH,22051.08,33.15%,11.26,4622.73,4.23%,Zepto,Dec-24
Feb-24,Blinkit,North,BEC-BW-002,BEC-BW-002,141,24675,2924.68,2688.19,6,Bake & Wrap,175,92,MATCH,21750.32,40.36%,9.18,6090.13,4.26%,Blinkit,Feb-24
Feb-24,Blinkit,North,BEC-XXX-999,BEC-XXX-999,141,24675,2924.68,2688.19,6,NOT FOUND,Not Found,NOT FOUND,NOT FOUND,21750.32,0.00%,9.18,0,4.26%,Blinkit,Feb-24
Jan-24,D2C,North,BEC-GB-002,BEC-GB-002,153,27387,808.36,2689.58,15,Garbage Bags,179,86,MATCH,26578.64,50.49%,10.18,10731.06,9.80%,D2C,Jan-24
Jun-25,Blinkit,West,BEC-CMB-001,BEC-CMB-001,60,41940,9558.79,2690.81,1,Others,699,330,MATCH,32381.21,38.85%,15.59,9890.4,1.67%,Blinkit,Jun-25
Jan-24,Flipkart,South,BEC-GB-002,BEC-GB-002,129,23091,2083.05,2692.78,7,Garbage Bags,179,86,MATCH,21007.95,47.19%,8.58,7221.17,5.43%,Flipkart,Jan-24
Aug-24,Swiggy Instamart,North,BEC-GB-001,BEC-GB-001,136,20264,2271.35,2693.41,5,Garbage Bags,149,70,MATCH,17992.65,47.09%,7.52,5779.24,3.68%,Swiggy Instamart,Aug-24
Aug-24,Blinkit,West,  BEC-CMB-001,BEC-CMB-001,57,39843,7463.78,2694.94,3,Others,699,330,MATCH,32379.22,41.91%,14.78,10874.28,5.26%,Blinkit,Aug-24
Feb-25, Zepto,South,BEC-GB-001,BEC-GB-001,217,32333,6192.25,2697.42,6,Garbage Bags,149,70,MATCH,26140.75,41.89%,11.99,8253.33,2.76%,Zepto,Feb-25
Feb-25,Amazon ,South,BEC-BW-001,BEC-BW-001,158,34760,8154.09,2697.62,3,Bake & Wrap,220,118,MATCH,26605.91,29.93%,12.89,5264.29,1.90%,Amazon,Feb-25
Apr-24,Blinkit,South,BEC-TIS-001,BEC-TIS-001,265,25175,7090.99,2698.35,12,Tissues,95,42,MATCH,18084.01,38.45%,9.33,4255.66,4.53%,Blinkit,Apr-24
Jun-25,Amazon,North,BEC-OTH-001,BEC-OTH-001,159,23691,3799.87,2699.4,5,Others,149,72,MATCH,19891.13,42.45%,8.78,5743.73,3.14%,Amazon,Jun-25
Jan-25,Blinkit,North,BEC-KT-001,BEC-KT-001,293,46880,5796.37,2701.26,9,Kitchen Towel,160,78,MATCH,41083.63,44.37%,17.35,15528.37,3.07%,Blinkit,Jan-25
Jun-24,D2C,West,BEC-TIS-002,BEC-TIS-002,154,27720,3079.55,2702.49,21,Tissues,180,95,MATCH,24640.45,40.63%,10.26,7307.96,13.64%,D2C,Jun-24
Jul-24, Zepto,South,BEC-CMB-001,BEC-CMB-001,31,21669,2064.68,2707,0,Others,699,330,MATCH,19604.32,47.82%,8.00,6667.32,0.00%,Zepto,Jul-24
Sep-24,Blinkit,North,BEC-KT-001,BEC-KT-001,189,30240,5550.31,2707.52,10,Kitchen Towel,160,78,MATCH,24689.69,40.29%,11.17,7240.17,5.29%,Blinkit,Sep-24
Nov-24,Swiggy Instamart,North,BEC-GB-001,BEC-GB-001,151,22499,3836.49,2707.86,4,Garbage Bags,149,70,MATCH,18662.51,43.36%,8.31,5384.65,2.65%,Swiggy Instamart,Nov-24
Nov-24,Amazon,West,BEC-BW-002,BEC-BW-002,238,"41,650",10591.68,2708.02,12,Bake & Wrap,175,92,MATCH,31058.32,29.50%,15.38,6454.3,5.04%,Amazon,Nov-24
Dec-24,Blinkit,West,BEC-KT-001,BEC-KT-001,207,33120,7486.51,2710.74,4,Kitchen Towel,160,78,MATCH,25633.49,37.01%,12.22,6776.75,1.93%,Blinkit,Dec-24
Mar-25,Blinkit,West,BEC-TIS-001,BEC-TIS-001,415,39425,7067.56,2711.09,10,Tissues,95,42,MATCH,32357.44,46.13%,14.54,12216.35,2.41%,Blinkit,Mar-25
Feb-25,Amazon,South,BEC-BW-002,BEC-BW-002,191,33425,3614.08,2712.78,7,Bake & Wrap,175,92,MATCH,29810.92,41.06%,12.32,9526.14,3.66%,Amazon,Feb-25
Feb-25,Zepto,North,BEC-CMB-001,BEC-CMB-001,43,30057,6368.66,2714.88,1,Others,699,330,MATCH,23688.34,40.10%,11.07,6783.46,2.33%,Zepto,Feb-25
Jan-24, Zepto,North,BEC-CMB-001,BEC-CMB-001,41,28659,7327.79,2715.06,1,Others,699,330,MATCH,21331.21,36.57%,10.56,5086.15,2.44%,Zepto,Jan-24
Jun-25,Blinkit,North,BEC-GB-001,BEC-GB-001,191,28459,5837.41,2717.78,9,Garbage Bags,149,70,MATCH,22621.59,40.90%,10.47,6533.81,4.71%,Blinkit,Jun-25
Jul-24,Flipkart,North,BEC-CMB-001,BEC-CMB-001,32,22368,3364.9,2720.18,1,Others,699,330,MATCH,19003.1,44.43%,8.22,5722.92,3.13%,Flipkart,Jul-24
Jan-25,Swiggy Instamart,West,BEC-TIS-002,BEC-TIS-002,246,44280,13039.69,2720.56,6,Tissues,180,95,MATCH,31240.31,25.19%,16.28,5149.75,2.44%,Swiggy Instamart,Jan-25
Mar-24,Zepto,North,BEC-KT-001,BEC-KT-001,190,30400,5411.86,2720.6,5,Kitchen Towel,160,78,MATCH,24988.14,40.69%,11.17,7447.54,2.63%,Zepto,Mar-24
Apr-24,D2C,West,BEC-KT-001,BEC-KT-001,133,21280,1815.45,2722.44,21,Kitchen Towel,160,78,MATCH,19464.55,46.70%,7.82,6368.11,15.79%,D2C,Apr-24
Feb-24,Swiggy Instamart,West,BEC-CMB-001,BEC-CMB-001,36,25164,5484.2,2723.02,1,Others,699,330,MATCH,19679.8,39.63%,9.24,5076.78,2.78%,Swiggy Instamart,Feb-24
Jun-25,Blinkit,North,BEC-BW-001,BEC-BW-001,126,27720,2673.27,2723.99,6,Bake & Wrap,220,118,MATCH,25046.73,40.64%,10.18,7454.74,4.76%,Blinkit,Jun-25
Apr-25,Amazon ,North,  BEC-TIS-001,BEC-TIS-001,433,41135,3116.83,2725.61,21,Tissues,95,42,MATCH,38018.17,52.16%,15.09,17106.56,4.85%,Amazon,Apr-25
Feb-24,Blinkit,West,BEC-KT-001,BEC-KT-001,221,35360,5077.83,2728.1,9,Kitchen Towel,160,78,MATCH,30282.17,43.08%,12.96,10316.07,4.07%,Blinkit,Feb-24
Sep-24,Amazon,North,BEC-BW-001,BEC-BW-001,179,39380,7630.63,2731.26,5,Bake & Wrap,220,118,MATCH,31749.37,33.47%,14.42,7896.11,2.79%,Amazon,Sep-24
Oct-24,Flipkart,North,BEC-CMB-001,BEC-CMB-001,31,21669,1456.52,2732.24,1,Others,699,330,MATCH,20212.48,49.39%,7.93,7250.24,3.23%,Flipkart,Oct-24
Jan-24,Flipkart,South,BEC-KT-002,BEC-KT-002,90,37800,7595.05,2732.68,4,Kitchen Towel,420,205,MATCH,30204.95,38.92%,13.83,9022.27,4.44%,Flipkart,Jan-24
Sep-24,Flipkart,South,BEC-KT-002,BEC-KT-002,69,28980,2376.56,2733.43,1,Kitchen Towel,420,205,MATCH,26603.44,46.83%,10.60,9725.01,1.45%,Flipkart,Sep-24
Jul-24,Blinkit,North,BEC-BW-001,BEC-BW-001,96,21120,2891.09,2733.9,3,Bake & Wrap,220,118,MATCH,18228.91,37.86%,7.73,4167.01,3.13%,Blinkit,Jul-24
Jun-25,Zepto,West,BEC-TIS-001,BEC-TIS-001,266,25270,6386.29,2734.6,10,Tissues,95,42,MATCH,18883.71,40.84%,9.24,4977.11,3.76%,Zepto,Jun-25
Jun-25,Zepto,North,BEC-BW-002,BEC-BW-002,121,21175,1313.49,2737.41,4,Bake & Wrap,175,92,MATCH,19861.51,43.95%,7.74,5992.1,3.31%,Zepto,Jun-25
Feb-25,Blinkit,West,BEC-BW-001,BEC-BW-001,151,33220,6359.85,2737.85,3,Bake & Wrap,220,118,MATCH,26860.15,33.66%,12.13,6304.3,1.99%,Blinkit,Feb-25
Mar-25,Flipkart,South,BEC-BW-001,BEC-BW-001,95,20900,2407.64,2739.89,4,Bake & Wrap,220,118,MATCH,18492.36,39.38%,7.63,4542.47,4.21%,Flipkart,Mar-25
Dec-24,Blinkit,South,BEC-GB-002,BEC-GB-002,232,41528,3732.11,2742.06,10,Garbage Bags,179,86,MATCH,37795.89,47.21%,15.14,15101.83,4.31%,Blinkit,Dec-24
Apr-25, Zepto,West,BEC-GB-002,BEC-GB-002,330,59070,17559.4,2745.72,11,Garbage Bags,179,86,MATCH,41510.6,31.63%,21.51,10384.88,3.33%,Zepto,Apr-25
Jan-24,Zepto,West,BEC-GB-001,BEC-GB-001,307,45743,11489.61,2745.8,16,Garbage Bags,149,70,MATCH,34253.39,37.26%,16.66,10017.59,5.21%,Zepto,Jan-24
Apr-24, Zepto,North,BEC-KT-001,BEC-KT-001,145,23200,3211.06,2747.79,8,Kitchen Towel,160,78,MATCH,19988.94,43.42%,8.44,5931.15,5.52%,Zepto,Apr-24
Mar-25,Amazon,North,BEC-GB-001,BEC-GB-001,358,53342,14269.43,2748.02,7,Garbage Bags,149,70,MATCH,39072.57,35.86%,19.41,11264.55,1.96%,Amazon,Mar-25
Mar-24,D2C,North,BEC-TIS-002,BEC-TIS-002,177,31860,1955.39,2748.68,29,Tissues,180,95,MATCH,29904.61,43.77%,11.59,10340.93,16.38%,D2C,Mar-24
Jan-25,Blinkit,South,BEC-TIS-001,BEC-TIS-001,268,25460,4320.94,2749.62,7,Tissues,95,42,MATCH,21139.06,46.75%,9.26,7133.44,2.61%,Blinkit,Jan-25
May-24,Swiggy Instamart,North,BEC-CMB-001,BEC-CMB-001,31,21669,1231.32,2751.4,1,Others,699,330,MATCH,20437.68,49.95%,7.88,7456.28,3.23%,Swiggy Instamart,May-24
Jan-25,Blinkit,South,BEC-GB-002,BEC-GB-002,266,47614,12712.06,2754.74,5,Garbage Bags,179,86,MATCH,34901.94,34.46%,17.28,9271.2,1.88%,Blinkit,Jan-25
Apr-25,D2C,West,BEC-GB-002,BEC-GB-002,233,41707,3915.47,2755.37,37,Garbage Bags,179,86,MATCH,37791.53,46.98%,15.14,14998.16,15.88%,D2C,Apr-25
May-25,Zepto,West,BEC-OTH-001,BEC-OTH-001,154,22946,3574.23,2755.62,8,Others,149,72,MATCH,19371.77,42.76%,8.33,5528.15,5.19%,Zepto,May-25
Aug-24, Zepto,North,BEC-GB-002,BEC-GB-002,179,32041,6070.95,2756.21,7,Garbage Bags,179,86,MATCH,25970.05,40.72%,11.63,7819.84,3.91%,Zepto,Aug-24
Nov-24,Amazon,South,BEC-KT-001,BEC-KT-001,174,27840,5992.12,2756.89,3,Kitchen Towel,160,78,MATCH,21847.88,37.88%,10.10,5518.99,1.72%,Amazon,Nov-24
Jul-24, Zepto,West,BEC-TIS-002,BEC-TIS-002,284,51120,4692.83,2758.4,8,Tissues,180,95,MATCH,46427.17,41.89%,18.53,16688.77,2.82%,Zepto,Jul-24
Mar-25,D2C,South,BEC-BW-001,BEC-BW-001,93,20460,1451.91,2761.78,10,Bake & Wrap,220,118,MATCH,19008.09,42.27%,7.41,5272.31,10.75%,D2C,Mar-25
Jan-24,Swiggy Instamart,North,BEC-GB-001,BEC-GB-001,160,23840,2830.96,2764.01,4,Garbage Bags,149,70,MATCH,21009.04,46.69%,8.63,7045.03,2.50%,Swiggy Instamart,Jan-24
Apr-24,D2C,North,BEC-BW-001,BEC-BW-001,93,20460,548.09,2766.78,9,Bake & Wrap,220,118,MATCH,19911.91,44.89%,7.39,6171.13,9.68%,D2C,Apr-24
Apr-25,Zepto,North,BEC-GB-002,BEC-GB-002,243,43497,4966.38,2767.67,11,Garbage Bags,179,86,MATCH,38530.62,45.76%,15.72,14864.95,4.53%,Zepto,Apr-25
May-25,D2C,West,BEC-BW-001,BEC-BW-001,93,20460,1769.9,2776.23,12,Bake & Wrap,220,118,MATCH,18690.1,41.28%,7.37,4939.87,12.90%,D2C,May-25
Nov-24, Zepto,South,BEC-GB-002,BEC-GB-002,129,23091,1593.18,2776.95,5,Garbage Bags,179,86,MATCH,21497.82,48.39%,8.32,7626.87,3.88%,Zepto,Nov-24
Oct-24,Amazon,North,BEC-KT-001,BEC-KT-001,246,39360,4024.99,2778.26,12,Kitchen Towel,160,78,MATCH,35335.01,45.70%,14.17,13368.75,4.88%,Amazon,Oct-24
Nov-24,Swiggy Instamart,South,BEC-CLN-004,BEC-CLN-004,152,15048,2522.81,2780.45,8,Cleaners,99,44,MATCH,12525.19,46.60%,5.41,3056.74,5.26%,Swiggy Instamart,Nov-24
Sep-24,Blinkit,North,BEC-GB-001,BEC-GB-001,202,30098,2605.04,2782.48,8,Garbage Bags,149,70,MATCH,27492.96,48.57%,10.82,10570.48,3.96%,Blinkit,Sep-24
May-24,Amazon ,West,BEC-GB-002,BEC-GB-002,347,62113,15447.11,2782.77,15,Garbage Bags,179,86,MATCH,46665.89,36.05%,22.32,14041.12,4.32%,Amazon,May-24
Feb-24,Amazon,West,BEC-BW-002,BEC-BW-002,272,47600,2917.53,2783.94,10,Bake & Wrap,175,92,MATCH,44682.47,44.00%,17.10,16874.53,3.68%,Amazon,Feb-24
Feb-24,Blinkit,South,BEC-GB-001,BEC-GB-001,231,34419,9230.84,2789.17,8,Garbage Bags,149,70,MATCH,25188.16,35.80%,12.34,6228.99,3.46%,Blinkit,Feb-24
Aug-24, Zepto,South,BEC-KT-002,BEC-KT-002,107,44940,7942.3,2789.3,6,Kitchen Towel,420,205,MATCH,36997.7,40.71%,16.11,12273.4,5.61%,Zepto,Aug-24
Jul-24,Flipkart,North,BEC-KT-002,BEC-KT-002,99,41580,8268.83,2789.44,4,Kitchen Towel,420,205,MATCH,33311.17,39.07%,14.91,10226.73,4.04%,Flipkart,Jul-24
Jul-24,Blinkit,South,BEC-GB-001,BEC-GB-001,198,29502,5057.8,2790.38,9,Garbage Bags,149,70,MATCH,24444.2,43.30%,10.57,7793.82,4.55%,Blinkit,Jul-24
Jan-25,D2C,West,BEC-TIS-002,BEC-TIS-002,284,51120,1797.8,2791.27,27,Tissues,180,95,MATCH,49322.2,45.30%,18.31,19550.93,9.51%,D2C,Jan-25
Apr-24,Blinkit,South,BEC-GB-002,BEC-GB-002,211,37769,7180.49,2791.81,8,Garbage Bags,179,86,MATCH,30588.51,40.68%,13.53,9650.7,3.79%,Blinkit,Apr-24
Jan-24, Zepto,South,BEC-GB-001,BEC-GB-001,208,30992,2342.47,2792.65,10,Garbage Bags,149,70,MATCH,28649.53,49.18%,11.10,11296.88,4.81%,Zepto,Jan-24
Mar-24,Amazon,South,BEC-GB-002,BEC-GB-002,230,41170,3366.81,2797,12,Garbage Bags,179,86,MATCH,37803.19,47.68%,14.72,15226.19,5.22%,Amazon,Mar-24
Mar-24,Amazon ,North,BEC-BW-001,BEC-BW-001,158,34760,7439.73,2798.39,3,Bake & Wrap,220,118,MATCH,27320.27,31.76%,12.42,5877.88,1.90%,Amazon,Mar-24
May-25,Swiggy Instamart,North,BEC-KT-001,BEC-KT-001,162,25920,1692.48,2800.07,5,Kitchen Towel,160,78,MATCH,24227.52,47.84%,9.26,8791.45,3.09%,Swiggy Instamart,May-25
Aug-24,Flipkart,West,BEC-GB-002,BEC-GB-002,150,26850,4518.52,2803.32,5,Garbage Bags,179,86,MATCH,22331.48,42.23%,9.58,6628.16,3.33%,Flipkart,Aug-24
May-24,D2C,North,BEC-KT-002,BEC-KT-002,144,60480,5772.99,2803.91,17,Kitchen Towel,420,205,MATCH,54707.01,46.04%,21.57,22383.1,11.81%,D2C,May-24
Oct-24,Amazon ,North,BEC-BW-002,BEC-BW-002,154,26950,4300.21,2805.55,5,Bake & Wrap,175,92,MATCH,22649.79,37.45%,9.61,5676.24,3.25%,Amazon,Oct-24
Jun-25,Blinkit,West,BEC-TIS-001,BEC-TIS-001,352,33440,9885.34,2805.64,15,Tissues,95,42,MATCH,23554.66,37.24%,11.92,5965.02,4.26%,Blinkit,Jun-25
Dec-24,Zepto,North,BEC-TIS-002,BEC-TIS-002,209,37620,8077.75,2806.45,5,Tissues,180,95,MATCH,29542.25,32.79%,13.40,6880.8,2.39%,Zepto,Dec-24
Nov-24,Blinkit,North,BEC-BW-001,BEC-BW-001,123,27060,5350.23,2808.08,3,Bake & Wrap,220,118,MATCH,21709.77,33.15%,9.64,4387.69,2.44%,Blinkit,Nov-24
Jan-24,Amazon,South,BEC-GB-002,BEC-GB-002,272,48688,8898.78,2808.61,10,Garbage Bags,179,86,MATCH,39789.22,41.21%,17.34,13588.61,3.68%,Amazon,Jan-24
Mar-25, Zepto,West,BEC-BW-001,BEC-BW-001,215,47300,5508.83,2808.95,7,Bake & Wrap,220,118,MATCH,41791.17,39.29%,16.84,13612.22,3.26%,Zepto,Mar-25
Apr-24,Flipkart,West,BEC-CMB-001,BEC-CMB-001,49,34251,8389.53,2809.3,1,Others,699,330,MATCH,25861.47,37.47%,12.19,6882.17,2.04%,Flipkart,Apr-24
Oct-24,Amazon ,North,BEC-TIS-001,BEC-TIS-001,292,27740,4602.75,2811.28,11,Tissues,95,42,MATCH,23137.25,46.99%,9.87,8061.97,3.77%,Amazon,Oct-24
Jan-25,D2C,West,BEC-BW-002,BEC-BW-002,138,24150,1561.91,2811.57,20,Bake & Wrap,175,92,MATCH,22588.09,43.79%,8.59,7080.52,14.49%,D2C,Jan-25
Apr-25,Blinkit,South,  BEC-TIS-001,BEC-TIS-001,305,28975,4781.56,2811.75,13,Tissues,95,42,MATCH,24193.44,47.05%,10.30,8571.69,4.26%,Blinkit,Apr-25
May-25,Zepto,West,BEC-GB-002,BEC-GB-002,302,54058,13134.77,2814.28,6,Garbage Bags,179,86,MATCH,40923.23,36.53%,19.21,12136.95,1.99%,Zepto,May-25
Mar-25,Flipkart,South,BEC-CMB-001,BEC-CMB-001,34,23766,4467.53,2814.88,0,Others,699,330,MATCH,19298.47,41.86%,8.44,5263.59,0.00%,Flipkart,Mar-25
Apr-24,Zepto,North,BEC-GB-001,BEC-GB-001,265,39485,2288.57,2815.02,8,Garbage Bags,149,70,MATCH,37196.43,50.13%,14.03,15831.41,3.02%,Zepto,Apr-24
Jan-24,D2C,South,BEC-CLN-004,BEC-CLN-004,156,15444,1109.92,2817.59,21,Cleaners,99,44,MATCH,14334.08,52.11%,5.48,4652.49,13.46%,D2C,Jan-24
Nov-24, Zepto,South,BEC-KT-002,BEC-KT-002,133,55860,16506.22,2821.74,4,Kitchen Towel,420,205,MATCH,39353.78,30.72%,19.80,9267.04,3.01%,Zepto,Nov-24
Feb-25,Amazon,South,BEC-CMB-001,BEC-CMB-001,71,49629,10961.02,2824.93,2,Others,699,330,MATCH,38667.98,39.41%,17.57,12413.05,2.82%,Amazon,Feb-25
Mar-25,Amazon,North,BEC-OTH-001,BEC-OTH-001,142,21158,2195.98,2825.49,6,Others,149,72,MATCH,18962.02,46.08%,7.49,5912.53,4.23%,Amazon,Mar-25
Nov-24, Zepto,North,BEC-CMB-001,BEC-CMB-001,35,24465,3567.92,2826.38,1,Others,699,330,MATCH,20897.08,44.73%,8.66,6520.7,2.86%,Zepto,Nov-24
Jan-25,Flipkart,West,BEC-TIS-001,BEC-TIS-001,343,32585,6547.9,2826.65,9,Tissues,95,42,MATCH,26037.1,44.67%,11.53,8804.45,2.62%,Flipkart,Jan-25
May-24,Flipkart,South,BEC-GB-002,BEC-GB-002,150,26850,7985.62,2827.59,7,Garbage Bags,179,86,MATCH,18864.38,31.62%,9.50,3136.79,4.67%,Flipkart,May-24
Jan-25,Flipkart,South,BEC-GB-001,BEC-GB-001,164,24436,4344.26,2828.42,3,Garbage Bags,149,70,MATCH,20091.74,42.86%,8.64,5783.32,1.83%,Flipkart,Jan-25
Oct-24,Swiggy Instamart,West,  BEC-KT-002,BEC-KT-002,137,57540,10462.85,2830.14,4,Kitchen Towel,420,205,MATCH,47077.15,40.34%,20.33,16162.01,2.92%,Swiggy Instamart,Oct-24
Feb-24,D2C,West,BEC-TIS-001,BEC-TIS-001,279,26505,1781.79,2830.53,39,Tissues,95,42,MATCH,24723.21,52.60%,9.36,10174.68,13.98%,D2C,Feb-24
Mar-24,Flipkart,North,BEC-CMB-001,BEC-CMB-001,40,27960,6757.78,2831.64,1,Others,699,330,MATCH,21202.22,37.74%,9.87,5170.58,2.50%,Flipkart,Mar-24
Mar-25, Zepto,South,BEC-GB-002,BEC-GB-002,264,47256,9949.59,2833.52,14,Garbage Bags,179,86,MATCH,37306.41,39.14%,16.68,11768.89,5.30%,Zepto,Mar-25
Mar-24,Zepto,North,BEC-GB-002,BEC-GB-002,240,42960,8220.14,2833.66,8,Garbage Bags,179,86,MATCH,34739.86,40.59%,15.16,11266.2,3.33%,Zepto,Mar-24
Aug-24,D2C,North,BEC-GB-001,BEC-GB-001,150,22350,2772.62,2834.92,18,Garbage Bags,149,70,MATCH,19577.38,46.37%,7.88,6242.46,12.00%,D2C,Aug-24
Jun-25,Flipkart,South,BEC-KT-002,BEC-KT-002,114,47880,5784.39,2835.67,5,Kitchen Towel,420,205,MATCH,42095.61,44.48%,16.88,15889.94,4.39%,Flipkart,Jun-25
Jul-24,Amazon,North,BEC-GB-001,BEC-GB-001,342,50958,14571.55,2836.21,19,Garbage Bags,149,70,MATCH,36386.45,34.21%,17.97,9610.24,5.56%,Amazon,Jul-24
Jun-24,Amazon ,West,BEC-GB-002,BEC-GB-002,295,52805,14307.75,2840.26,10,Garbage Bags,179,86,MATCH,38497.25,34.10%,18.59,10286.99,3.39%,Amazon,Jun-24
Feb-24,Flipkart,North,BEC-CMB-001,BEC-CMB-001,39,27261,1744.82,2842.42,1,Others,699,330,MATCH,25516.18,49.56%,9.59,9803.76,2.56%,Flipkart,Feb-24
Jan-25,Zepto,West,BEC-GB-001,BEC-GB-001,314,46786,12587.14,2842.74,18,Garbage Bags,149,70,MATCH,34198.86,35.73%,16.46,9376.12,5.73%,Zepto,Jan-25
Jun-24,D2C,North,BEC-TIS-002,BEC-TIS-002,131,23580,2861.21,2845.74,12,Tissues,180,95,MATCH,20718.79,39.93%,8.29,5428.05,9.16%,D2C,Jun-24
Jul-24,Blinkit,West,BEC-BW-001,BEC-BW-001,141,31020,7954.22,2848.65,5,Bake & Wrap,220,118,MATCH,23065.78,27.87%,10.89,3579.13,3.55%,Blinkit,Jul-24
Apr-24,Blinkit,South,BEC-GB-001,BEC-GB-001,160,23840,1849.97,2851.78,3,Garbage Bags,149,70,MATCH,21990.03,49.07%,8.36,7938.25,1.88%,Blinkit,Apr-24
Sep-24,Amazon,West,BEC-TIS-001,BEC-TIS-001,383,36385,9526.32,2853.01,19,Tissues,95,42,MATCH,26858.68,40.11%,12.75,7919.67,4.96%,Amazon,Sep-24
Apr-24,Amazon,South,BEC-KT-001,BEC-KT-001,252,40320,9377.94,2853.55,11,Kitchen Towel,160,78,MATCH,30942.06,36.47%,14.13,8432.51,4.37%,Amazon,Apr-24
May-25,Blinkit,West,BEC-OTH-001,BEC-OTH-001,190,28310,8326.86,2854.42,7,Others,149,72,MATCH,19983.14,31.54%,9.92,3448.72,3.68%,Blinkit,May-25
Nov-24,Blinkit,North,  BEC-GB-002,BEC-GB-002,234,41886,5165.75,2855.47,11,Garbage Bags,179,86,MATCH,36720.25,45.20%,14.67,13740.78,4.70%,Blinkit,Nov-24
Jul-24,Blinkit,West,BEC-GB-001,BEC-GB-001,283,42167,10057.44,2855.92,9,Garbage Bags,149,70,MATCH,32109.56,38.30%,14.76,9443.64,3.18%,Blinkit,Jul-24
Apr-25,Amazon,South,BEC-TIS-002,BEC-TIS-002,300,54000,13923.25,2857.3,10,Tissues,180,95,MATCH,40076.75,28.89%,18.90,8719.45,3.33%,Amazon,Apr-25
Feb-25,Blinkit,North,BEC-GB-001,BEC-GB-001,295,43955,4423.21,2857.92,8,Garbage Bags,149,70,MATCH,39531.79,47.76%,15.38,16023.87,2.71%,Blinkit,Feb-25
Jan-24,Flipkart,West,BEC-KT-001,BEC-KT-001,202,32320,5406.8,2858.33,5,Kitchen Towel,160,78,MATCH,26913.2,41.46%,11.31,8298.87,2.48%,Flipkart,Jan-24
Mar-24,Blinkit,North,BEC-BW-001,BEC-BW-001,160,35200,3989.4,2858.98,6,Bake & Wrap,220,118,MATCH,31210.6,39.51%,12.31,9471.62,3.75%,Blinkit,Mar-24
Jun-25,Blinkit,South,BEC-TIS-002,BEC-TIS-002,312,56160,5723.1,2859.71,7,Tissues,180,95,MATCH,50436.9,41.23%,19.64,17937.19,2.24%,Blinkit,Jun-25
Apr-25,Flipkart,North,BEC-GB-002,BEC-GB-002,168,30072,4380.51,2859.89,9,Garbage Bags,179,86,MATCH,25691.49,43.76%,10.52,8383.6,5.36%,Flipkart,Apr-25
Oct-24,Zepto,West,BEC-BW-001,BEC-BW-001,141,31020,7723.66,2861.38,4,Bake & Wrap,220,118,MATCH,23296.34,28.58%,10.84,3796.96,2.84%,Zepto,Oct-24
Jun-24,Zepto,North,BEC-KT-001,BEC-KT-001,206,32960,5835.15,2863.88,7,Kitchen Towel,160,78,MATCH,27124.85,40.76%,11.51,8192.97,3.40%,Zepto,Jun-24
Jan-25, Zepto,North,BEC-BW-002,BEC-BW-002,156,27300,5084.92,2867.18,8,Bake & Wrap,175,92,MATCH,22215.08,35.40%,9.52,4995.9,5.13%,Zepto,Jan-25
Apr-24,Amazon,North,BEC-TIS-001,BEC-TIS-001,520,49400,8292.13,2869.15,22,Tissues,95,42,MATCH,41107.87,46.87%,17.22,16398.72,4.23%,Amazon,Apr-24
May-24,Flipkart,South,  BEC-KT-002,BEC-KT-002,148,62160,13304.38,2871.33,4,Kitchen Towel,420,205,MATCH,48855.62,37.90%,21.65,15644.29,2.70%,Flipkart,May-24
Mar-25,Zepto,North,BEC-BW-001,BEC-BW-001,155,34100,5087.34,2872.56,6,Bake & Wrap,220,118,MATCH,29012.66,36.96%,11.87,7850.1,3.87%,Zepto,Mar-25
Sep-24,Amazon,North,BEC-TIS-001,BEC-TIS-001,379,36005,2900.75,2873.66,13,Tissues,95,42,MATCH,33104.25,51.92%,12.53,14312.59,3.43%,Amazon,Sep-24
Feb-24,Swiggy Instamart,West,  BEC-TIS-002,BEC-TIS-002,181,32580,9751.75,2879.66,5,Tissues,180,95,MATCH,22828.25,24.68%,11.31,2753.59,2.76%,Swiggy Instamart,Feb-24
Mar-25,Zepto,West,BEC-TIS-001,BEC-TIS-001,454,43130,6793.41,2881.96,14,Tissues,95,42,MATCH,36336.59,47.52%,14.97,14386.63,3.08%,Zepto,Mar-25
May-24,Zepto,South,BEC-TIS-002,BEC-TIS-002,212,38160,3357.61,2882.74,11,Tissues,180,95,MATCH,34802.39,42.13%,13.24,11779.65,5.19%,Zepto,May-24
Mar-24,Amazon,North,BEC-GB-002,BEC-GB-002,336,60144,13215.24,2883.18,17,Garbage Bags,179,86,MATCH,46928.76,38.43%,20.86,15149.58,5.06%,Amazon,Mar-24
Jun-25,Blinkit,South,BEC-BW-001,BEC-BW-001,99,21780,1538.84,2883.61,3,Bake & Wrap,220,118,MATCH,20241.16,42.29%,7.55,5675.55,3.03%,Blinkit,Jun-25
Mar-24,Blinkit,North,BEC-TIS-001,BEC-TIS-001,284,26980,1936.48,2886.21,15,Tissues,95,42,MATCH,25043.52,52.37%,9.35,10229.31,5.28%,Blinkit,Mar-24
May-25,Amazon,South,BEC-BW-002,BEC-BW-002,131,22925,1851.07,2886.77,2,Bake & Wrap,175,92,MATCH,21073.93,42.81%,7.94,6135.16,1.53%,Amazon,May-25
Oct-24, Zepto,West,BEC-CMB-001,BEC-CMB-001,40,27960,5936,2886.84,1,Others,699,330,MATCH,22024,40.07%,9.69,5937.16,2.50%,Zepto,Oct-24
Feb-25,D2C,South,BEC-KT-002,BEC-KT-002,97,40740,3544.85,2887.03,10,Kitchen Towel,420,205,MATCH,37195.15,46.54%,14.11,14423.12,10.31%,D2C,Feb-25
Dec-24,Blinkit,West,BEC-GB-001,BEC-GB-001,301,44849,12215.63,2889.96,13,Garbage Bags,149,70,MATCH,32633.37,35.43%,15.52,8673.41,4.32%,Blinkit,Dec-24
Jul-24,Blinkit,South,BEC-KT-001,BEC-KT-001,187,29920,8859.62,2890.42,6,Kitchen Towel,160,78,MATCH,21060.38,30.74%,10.35,3583.96,3.21%,Blinkit,Jul-24
Mar-25,Blinkit,South,BEC-CMB-001,BEC-CMB-001,33,23067,2198.3,2891.07,0,Others,699,330,MATCH,20868.7,47.82%,7.98,7087.63,0.00%,Blinkit,Mar-25
Nov-24,Swiggy Instamart,West,BEC-GB-002,BEC-GB-002,130,23270,3938,2893.05,3,Garbage Bags,179,86,MATCH,19332,42.17%,8.04,5258.95,2.31%,Swiggy Instamart,Nov-24
May-24,Blinkit,West,BEC-BW-002,BEC-BW-002,185,32375,9589.29,2893.47,5,Bake & Wrap,175,92,MATCH,22785.71,25.30%,11.19,2872.24,2.70%,Blinkit,May-24
Jan-24,Blinkit,South,BEC-GB-001,BEC-GB-001,178,26522,3532.96,2894.89,6,Garbage Bags,149,70,MATCH,22989.04,45.80%,9.16,7634.15,3.37%,Blinkit,Jan-24
Oct-24,Blinkit,South,BEC-GB-002,BEC-GB-002,175,31325,7061.18,2895.14,3,Garbage Bags,179,86,MATCH,24263.82,37.97%,10.82,6318.68,1.71%,Blinkit,Oct-24
May-24,Swiggy Instamart,North,BEC-GB-002,BEC-GB-002,154,27566,5994.03,2896.95,5,Garbage Bags,179,86,MATCH,21571.97,38.61%,9.52,5431.02,3.25%,Swiggy Instamart,May-24
Jun-25,D2C,West,BEC-GB-001,BEC-GB-001,178,26522,2536.03,2898.67,18,Garbage Bags,149,70,MATCH,23985.97,48.05%,9.15,8627.3,10.11%,D2C,Jun-25
Jul-24, Zepto,North,BEC-TIS-001,BEC-TIS-001,252,23940,4391.94,2898.99,5,Tissues,95,42,MATCH,19548.06,45.86%,8.26,6065.07,1.98%,Zepto,Jul-24
May-25,Zepto,South,BEC-CMB-001,BEC-CMB-001,44,30756,7861.84,2901.24,2,Others,699,330,MATCH,22894.16,36.58%,10.60,5472.92,4.55%,Zepto,May-25
Feb-24,Amazon,West,BEC-OTH-001,BEC-OTH-001,153,22797,1832.55,2902.4,6,Others,149,72,MATCH,20964.45,47.45%,7.85,7046.05,3.92%,Amazon,Feb-24
Mar-25,Swiggy Instamart,South,BEC-CLN-004,BEC-CLN-004,199,19701,4544.62,2905.05,9,Cleaners,99,44,MATCH,15156.38,42.23%,6.78,3495.33,4.52%,Swiggy Instamart,Mar-25
Jun-25,Amazon,North,  BEC-KT-001,BEC-KT-001,406,64960,18577.22,2905.18,19,Kitchen Towel,160,78,MATCH,46382.78,31.72%,22.36,11809.6,4.68%,Amazon,Jun-25
Jun-24,Zepto,North,BEC-CMB-001,BEC-CMB-001,40,27960,7231.1,2906.61,1,Others,699,330,MATCH,20728.9,36.32%,9.62,4622.29,2.50%,Zepto,Jun-24
Feb-25,Blinkit,South,BEC-CMB-001,BEC-CMB-001,39,27261,6339.37,2907.91,1,Others,699,330,MATCH,20921.63,38.48%,9.37,5143.72,2.56%,Blinkit,Feb-25
Jun-24,Amazon,South,BEC-TIS-001,BEC-TIS-001,341,32395,4574.81,2907.97,9,Tissues,95,42,MATCH,27820.19,48.52%,11.14,10590.22,2.64%,Amazon,Jun-24
Apr-25, Zepto,North,BEC-CMB-001,BEC-CMB-001,39,27261,1903.91,2912.43,0,Others,699,330,MATCH,25357.09,49.24%,9.36,9574.66,0.00%,Zepto,Apr-25
Feb-25, Zepto,South,BEC-BW-001,BEC-BW-001,125,27500,4640.41,2913.5,4,Bake & Wrap,220,118,MATCH,22859.59,35.48%,9.44,5196.09,3.20%,Zepto,Feb-25
Oct-24,D2C,North,BEC-KT-002,BEC-KT-002,103,43260,4831.2,2915.38,10,Kitchen Towel,420,205,MATCH,38428.8,45.05%,14.84,14398.42,9.71%,D2C,Oct-24
Sep-24,Zepto,West,BEC-BW-002,BEC-BW-002,138,24150,3876.86,2916.25,5,Bake & Wrap,175,92,MATCH,20273.14,37.38%,8.28,4660.89,3.62%,Zepto,Sep-24
Sep-24, Zepto,West,BEC-GB-002,BEC-GB-002,170,30430,3463.38,2916.8,8,Garbage Bags,179,86,MATCH,26966.62,45.78%,10.43,9429.82,4.71%,Zepto,Sep-24
Apr-25,Swiggy Instamart,South,BEC-KT-002,BEC-KT-002,130,54600,14097,2919.22,3,Kitchen Towel,420,205,MATCH,40503,34.20%,18.70,10933.78,2.31%,Swiggy Instamart,Apr-25
Mar-24,D2C,West,BEC-CMB-001,BEC-CMB-001,46,32154,884.34,2919.71,6,Others,699,330,MATCH,31269.66,51.45%,11.01,13169.95,13.04%,D2C,Mar-24
Feb-24,D2C,North,BEC-TIS-002,BEC-TIS-002,154,27720,1147.61,2921.9,22,Tissues,180,95,MATCH,26572.39,44.94%,9.49,9020.49,14.29%,D2C,Feb-24
Feb-24,Blinkit,North,BEC-TIS-001,BEC-TIS-001,272,25840,4008.33,2924.84,11,Tissues,95,42,MATCH,21831.67,47.67%,8.83,7482.83,4.04%,Blinkit,Feb-24
May-25,Blinkit,West,BEC-GB-001,BEC-GB-001,276,41124,11742.4,2925.96,11,Garbage Bags,149,70,MATCH,29381.6,34.24%,14.05,7135.64,3.99%,Blinkit,May-25
Mar-24,Amazon,North,BEC-CMB-001,BEC-CMB-001,78,54522,14249.43,2928.53,4,Others,699,330,MATCH,40272.57,36.09%,18.62,11604.04,5.13%,Amazon,Mar-24
Jan-25,Zepto,West,BEC-BW-001,BEC-BW-001,167,36740,8694.67,2933.55,6,Bake & Wrap,220,118,MATCH,28045.33,29.74%,12.52,5405.78,3.59%,Zepto,Jan-25
Jan-25,Amazon,North,BEC-CMB-001,BEC-CMB-001,61,42639,12680.3,2935.27,3,Others,699,330,MATCH,29958.7,32.81%,14.53,6893.43,4.92%,Amazon,Jan-25
Aug-24, Zepto,South,BEC-KT-001,BEC-KT-001,137,21920,2087.78,2937.73,5,Kitchen Towel,160,78,MATCH,19832.22,46.12%,7.46,6208.49,3.65%,Zepto,Aug-24
Jun-24,Flipkart,North,BEC-GB-002,BEC-GB-002,172,30788,4288.21,2937.97,7,Garbage Bags,179,86,MATCH,26499.79,44.18%,10.48,8769.82,4.07%,Flipkart,Jun-24
Apr-25,Flipkart,West,BEC-CMB-001,BEC-CMB-001,42,29358,5158.67,2938.83,1,Others,699,330,MATCH,24199.33,42.73%,9.99,7400.5,2.38%,Flipkart,Apr-25
Feb-25,Blinkit,West,BEC-TIS-002,BEC-TIS-002,379,68220,10456.7,2939.8,10,Tissues,180,95,MATCH,57763.3,37.67%,23.21,18818.5,2.64%,Blinkit,Feb-25
May-24,Swiggy Instamart,West,BEC-TIS-002,BEC-TIS-002,250,45000,10643.69,2941.74,13,Tissues,180,95,MATCH,34356.31,30.87%,15.30,7664.57,5.20%,Swiggy Instamart,May-24
Mar-24,Amazon ,West,BEC-CMB-001,BEC-CMB-001,60,41940,9054.99,2942.6,2,Others,699,330,MATCH,32885.01,39.79%,14.25,10142.41,3.33%,Amazon,Mar-24
Apr-24,Zepto,West,BEC-CMB-001,BEC-CMB-001,59,41241,3209.25,2942.63,1,Others,699,330,MATCH,38031.75,48.81%,14.02,15619.12,1.69%,Zepto,Apr-24
Dec-24,Flipkart,South,BEC-KT-002,BEC-KT-002,152,63840,18125.52,2946.5,7,Kitchen Towel,420,205,MATCH,45714.48,31.84%,21.67,11607.98,4.61%,Flipkart,Dec-24
Jun-25,D2C,West,BEC-GB-002,BEC-GB-002,219,39201,3656.53,2946.73,34,Garbage Bags,179,86,MATCH,35544.47,47.01%,13.30,13763.74,15.53%,D2C,Jun-25
Jan-25,Amazon ,North,BEC-GB-001,BEC-GB-001,362,53938,15412.38,2948.43,9,Garbage Bags,149,70,MATCH,38525.62,34.23%,18.29,10237.19,2.49%,Amazon,Jan-25
Mar-24,D2C,South,BEC-KT-002,BEC-KT-002,91,38220,4143.94,2954.14,11,Kitchen Towel,420,205,MATCH,34076.06,45.25%,12.94,12466.92,12.09%,D2C,Mar-24
Apr-25,Swiggy Instamart,North,BEC-BW-001,BEC-BW-001,98,21560,1290.17,2955.22,5,Bake & Wrap,220,118,MATCH,20269.83,42.95%,7.30,5750.61,5.10%,Swiggy Instamart,Apr-25
Apr-25,Amazon,West,BEC-OTH-001,BEC-OTH-001,213,31737,4798.37,2956.13,6,Others,149,72,MATCH,26938.63,43.07%,10.74,8646.5,2.82%,Amazon,Apr-25
Nov-24,D2C,North,BEC-KT-002,BEC-KT-002,131,55020,4302.69,2956.5,15,Kitchen Towel,420,205,MATCH,50717.31,47.05%,18.61,20905.81,11.45%,D2C,Nov-24
Feb-24,Blinkit,North,BEC-TIS-002,BEC-TIS-002,213,38340,5398.8,2967.04,11,Tissues,180,95,MATCH,32941.2,38.57%,12.92,9739.16,5.16%,Blinkit,Feb-24
Jan-25,D2C,West,BEC-KT-002,BEC-KT-002,139,58380,6559.14,2968.39,18,Kitchen Towel,420,205,MATCH,51820.86,45.01%,19.67,20357.47,12.95%,D2C,Jan-25
Jul-24,Blinkit,South,BEC-GB-002,BEC-GB-002,208,37232,9068.33,2968.64,7,Garbage Bags,179,86,MATCH,28163.67,36.49%,12.54,7307.03,3.37%,Blinkit,Jul-24
Jan-24,D2C,West,BEC-TIS-001,BEC-TIS-001,240,22800,725.76,2969.97,31,Tissues,95,42,MATCH,22074.24,54.34%,7.68,9024.27,12.92%,D2C,Jan-24
Jul-24,Blinkit,West,BEC-KT-001,BEC-KT-001,201,32160,8840.99,2970.51,7,Kitchen Towel,160,78,MATCH,23319.01,32.77%,10.83,4670.5,3.48%,Blinkit,Jul-24
Sep-24, Zepto,West,BEC-CMB-001,BEC-CMB-001,37,25863,4419.84,2972.17,1,Others,699,330,MATCH,21443.16,43.06%,8.70,6260.99,2.70%,Zepto,Sep-24
Apr-25,Swiggy Instamart,North,BEC-GB-002,BEC-GB-002,194,34726,2807.92,2973.03,6,Garbage Bags,179,86,MATCH,31918.08,47.73%,11.68,12261.05,3.09%,Swiggy Instamart,Apr-25
Nov-24,Blinkit,South,BEC-GB-002,BEC-GB-002,164,29356,3166.34,2975.78,8,Garbage Bags,179,86,MATCH,26189.66,46.15%,9.86,9109.88,4.88%,Blinkit,Nov-24
Jun-24,Amazon,West,BEC-CMB-001,BEC-CMB-001,79,55221,3336.51,2979.83,4,Others,699,330,MATCH,51884.49,49.75%,18.53,22834.66,5.06%,Amazon,Jun-24
Dec-24,Flipkart,South,BEC-CLN-004,BEC-CLN-004,153,15147,1526.99,2983.71,8,Cleaners,99,44,MATCH,13620.01,50.57%,5.08,3904.3,5.23%,Flipkart,Dec-24
Jan-25,D2C,West,BEC-KT-001,BEC-KT-001,196,31360,3548.81,2983.83,24,Kitchen Towel,160,78,MATCH,27811.19,45.03%,10.51,9539.36,12.24%,D2C,Jan-25
Apr-25,Swiggy Instamart,West,BEC-KT-001,BEC-KT-001,204,32640,6704.34,2986.62,8,Kitchen Towel,160,78,MATCH,25935.66,38.65%,10.93,7037.04,3.92%,Swiggy Instamart,Apr-25
Oct-24,Amazon,West,BEC-OTH-001,BEC-OTH-001,178,26522,3895.29,2988.27,4,Others,149,72,MATCH,22626.71,43.36%,8.88,6822.44,2.25%,Amazon,Oct-24
Feb-24,Amazon ,South,BEC-KT-001,BEC-KT-001,266,42560,6940.83,2991.22,14,Kitchen Towel,160,78,MATCH,35619.17,41.75%,14.23,11879.95,5.26%,Amazon,Feb-24
Feb-25,Swiggy Instamart,West,BEC-GB-001,BEC-GB-001,216,32184,2802.6,2992.84,11,Garbage Bags,149,70,MATCH,29381.4,48.54%,10.75,11268.56,5.09%,Swiggy Instamart,Feb-25
Jan-25,Amazon,South,  BEC-TIS-002,BEC-TIS-002,283,50940,6564.72,2994.34,8,Tissues,180,95,MATCH,44375.28,39.41%,17.01,14495.94,2.83%,Amazon,Jan-25
Feb-25,D2C,West,BEC-BW-002,BEC-BW-002,134,23450,842.34,2998.06,19,Bake & Wrap,175,92,MATCH,22607.66,45.47%,7.82,7281.6,14.18%,D2C,Feb-25
Jul-24,Blinkit,North,BEC-GB-001,BEC-GB-001,220,32780,8033.02,3002.34,7,Garbage Bags,149,70,MATCH,24746.98,37.77%,10.92,6344.64,3.18%,Blinkit,Jul-24
Sep-24,D2C,West,BEC-GB-001,BEC-GB-001,192,28608,997.62,3003.56,24,Garbage Bags,149,70,MATCH,27610.38,51.32%,9.52,11166.82,12.50%,D2C,Sep-24
Mar-25,Swiggy Instamart,North,BEC-CLN-004,BEC-CLN-004,216,21384,5241.45,3003.76,9,Cleaners,99,44,MATCH,16142.55,41.12%,7.12,3634.79,4.17%,Swiggy Instamart,Mar-25
Apr-24,Blinkit,West,BEC-BW-002,BEC-BW-002,128,22400,2155.1,3006.38,6,Bake & Wrap,175,92,MATCH,20244.9,41.83%,7.45,5462.52,4.69%,Blinkit,Apr-24
Feb-25,Amazon,West,BEC-CMB-001,BEC-CMB-001,94,65706,18756.31,3009.72,4,Others,699,330,MATCH,46949.69,33.93%,21.83,12919.97,4.26%,Amazon,Feb-25
Apr-25,Swiggy Instamart,South,BEC-CLN-004,BEC-CLN-004,173,17127,4470.8,3013.24,3,Cleaners,99,44,MATCH,12656.2,39.86%,5.68,2030.96,1.73%,Swiggy Instamart,Apr-25
Nov-24,Blinkit,North,BEC-CMB-001,BEC-CMB-001,44,30756,8217.25,3014.24,1,Others,699,330,MATCH,22538.75,35.58%,10.20,5004.51,2.27%,Blinkit,Nov-24
Jan-25,Swiggy Instamart,West,BEC-TIS-002,BEC-TIS-002,231,41580,9903.92,3016.87,13,Tissues,180,95,MATCH,31676.08,30.72%,13.78,6714.21,5.63%,Swiggy Instamart,Jun-25
Sep-24,Swiggy Instamart,West,BEC-TIS-002,BEC-TIS-002,140,25200,3650.11,3018.04,6,Tissues,180,95,MATCH,21549.89,38.28%,8.35,5231.85,4.29%,Swiggy Instamart,Sep-24
May-25,Flipkart,West,BEC-GB-001,BEC-GB-001,238,35462,9889.01,3018.55,10,Garbage Bags,149,70,MATCH,25572.99,34.85%,11.75,5894.44,4.20%,Flipkart,May-25
Jun-25,Blinkit,South,BEC-KT-001,BEC-KT-001,171,27360,6462.33,3018.88,7,Kitchen Towel,160,78,MATCH,20897.67,36.17%,9.06,4540.79,4.09%,Blinkit,Jun-25
Jan-24,D2C,West,BEC-TIS-002,BEC-TIS-002,184,33120,2994.17,3020.71,25,Tissues,180,95,MATCH,30125.83,41.98%,10.96,9625.12,13.59%,D2C,Jan-24
Sep-24,D2C,South,BEC-KT-002,BEC-KT-002,107,44940,5198.11,3021.76,17,Kitchen Towel,420,205,MATCH,39741.89,44.81%,14.87,14785.13,15.89%,D2C,Sep-24
Oct-24,Flipkart,South,BEC-KT-002,BEC-KT-002,75,31500,5669.25,3028.33,2,Kitchen Towel,420,205,MATCH,25830.75,40.48%,10.40,7427.42,2.67%,Flipkart,Oct-24
Apr-25,Blinkit,West,BEC-BW-001,BEC-BW-001,265,58300,11567.67,3032.11,7,Bake & Wrap,220,118,MATCH,46732.33,33.09%,19.23,12430.22,2.64%,Blinkit,Apr-25
Jul-24, Zepto,West,BEC-GB-001,BEC-GB-001,225,33525,2979.02,3032.44,8,Garbage Bags,149,70,MATCH,30545.98,48.44%,11.06,11763.54,3.56%,Zepto,Jul-24
Jul-24,D2C,West,BEC-TIS-002,BEC-TIS-002,224,40320,5166.53,3032.95,27,Tissues,180,95,MATCH,35153.47,39.47%,13.29,10840.52,12.05%,D2C,Jul-24
Apr-24,Flipkart,West,BEC-GB-001,BEC-GB-001,285,42465,10381.4,3033.33,10,Garbage Bags,149,70,MATCH,32083.6,37.82%,14.00,9100.27,3.51%,Flipkart,Apr-24
May-24,D2C,South,BEC-KT-002,BEC-KT-002,77,32340,1784.97,3034.29,12,Kitchen Towel,420,205,MATCH,30555.03,48.34%,10.66,11735.74,15.58%,D2C,May-24
Oct-24,Amazon,South,BEC-KT-002,BEC-KT-002,148,62160,9910.92,3037.41,4,Kitchen Towel,420,205,MATCH,52249.08,41.93%,20.46,18871.67,2.70%,Amazon,Oct-24
Jan-24,Blinkit,West,BEC-GB-001,BEC-GB-001,244,36356,9860.19,3039.52,5,Garbage Bags,149,70,MATCH,26495.81,35.54%,11.96,6376.29,2.05%,Blinkit,Jan-24
Oct-24,Zepto,South,BEC-CLN-004,BEC-CLN-004,174,17226,4019.78,3043.33,4,Cleaners,99,44,MATCH,13206.22,42.03%,5.66,2506.89,2.30%,Zepto,Oct-24
Jul-24,Amazon ,North,BEC-BW-002,BEC-BW-002,182,31850,7337.08,3049.84,5,Bake & Wrap,175,92,MATCH,24512.92,31.69%,10.44,4719.08,2.75%,Amazon,Jul-24
Jul-24,Blinkit,North,BEC-KT-001,BEC-KT-001,223,"35,680",10154.12,3053.08,5,Kitchen Towel,160,78,MATCH,25525.88,31.86%,11.69,5078.8,2.24%,Blinkit,Jul-24
Mar-25, Zepto,South,BEC-BW-002,BEC-BW-002,134,23450,1295.34,3053.78,4,Bake & Wrap,175,92,MATCH,22154.66,44.35%,7.68,6772.88,2.99%,Zepto,Mar-25
Feb-25,Blinkit,North,BEC-KT-002,BEC-KT-002,193,81060,21625.04,3054.4,4,Kitchen Towel,420,205,MATCH,59434.96,33.43%,26.54,16815.56,2.07%,Blinkit,Feb-25
Dec-24,Zepto,North,BEC-CMB-001,BEC-CMB-001,48,33552,8779.22,3055.27,2,Others,699,330,MATCH,24772.78,36.06%,10.98,5877.51,4.17%,Zepto,Dec-24
Apr-24,D2C,West,BEC-GB-002,BEC-GB-002,144,25776,3428.29,3058.41,23,Garbage Bags,179,86,MATCH,22347.71,44.58%,8.43,6905.3,15.97%,D2C,Apr-24
Jan-25, Zepto,North,BEC-CMB-001,BEC-CMB-001,35,24465,1610.71,3062.12,1,Others,699,330,MATCH,22854.29,49.46%,7.99,8242.17,2.86%,Zepto,May-25
May-24,Swiggy Instamart,South,BEC-CLN-004,BEC-CLN-004,131,12969,2692.57,3063.94,3,Cleaners,99,44,MATCH,10276.43,43.91%,4.23,1448.49,2.29%,Swiggy Instamart,May-24
Dec-24,Swiggy Instamart,North,BEC-GB-002,BEC-GB-002,159,28461,6071.34,3065.01,4,Garbage Bags,179,86,MATCH,22389.66,38.93%,9.29,5650.65,2.52%,Swiggy Instamart,Dec-24
Aug-24,D2C,South,BEC-KT-002,BEC-KT-002,62,26040,1345.39,3066.01,8,Kitchen Towel,420,205,MATCH,24694.61,48.53%,8.49,8918.6,12.90%,D2C,Aug-24
Jul-24,Swiggy Instamart,North,BEC-CLN-004,BEC-CLN-004,161,15939,3862.71,3066.01,7,Cleaners,99,44,MATCH,12076.29,41.34%,5.20,1926.28,4.35%,Swiggy Instamart,Jul-24
Feb-24,Swiggy Instamart,South,BEC-KT-002,BEC-KT-002,84,35280,5804.93,3069.02,4,Kitchen Towel,420,205,MATCH,29475.07,41.58%,11.50,9186.05,4.76%,Swiggy Instamart,Feb-24
Jan-25,D2C,West,BEC-BW-001,BEC-BW-001,111,24420,3634.95,3069.23,15,Bake & Wrap,220,118,MATCH,20785.05,36.98%,7.96,4617.82,13.51%,D2C,Jan-25
Jun-24,D2C,North,  BEC-KT-002,BEC-KT-002,117,49140,2142.44,3070,19,Kitchen Towel,420,205,MATCH,46997.56,48.97%,16.01,19942.56,16.24%,D2C,Jun-24
Jun-24,Amazon ,South,BEC-TIS-002,BEC-TIS-002,318,57240,3925.16,3070.06,17,Tissues,180,95,MATCH,53314.84,43.34%,18.64,20034.78,5.35%,Amazon,Jun-24
May-25, Zepto,North,BEC-BW-001,BEC-BW-001,141,31020,2794.76,3072.27,7,Bake & Wrap,220,118,MATCH,28225.24,41.05%,10.10,8514.97,4.96%,Zepto,May-25
Jul-24,Swiggy Instamart,South,BEC-CLN-004,BEC-CLN-004,138,13662,1163.28,3073.13,7,Cleaners,99,44,MATCH,12498.72,51.42%,4.45,3353.59,5.07%,Swiggy Instamart,Jul-24
Mar-24,Blinkit,West,  BEC-BW-002,BEC-BW-002,209,36575,5914.84,3076.35,12,Bake & Wrap,175,92,MATCH,30660.16,37.29%,11.89,8355.81,5.74%,Blinkit,Mar-24
May-24,Flipkart,West,BEC-TIS-002,BEC-TIS-002,326,58680,16218.36,3077.94,10,Tissues,180,95,MATCH,42461.64,27.06%,19.06,8413.7,3.07%,Flipkart,May-24
Jan-25,Swiggy Instamart,West,BEC-KT-001,BEC-KT-001,204,32640,1830.2,3079.72,11,Kitchen Towel,160,78,MATCH,30809.8,48.35%,10.60,11818.08,5.39%,Swiggy Instamart,Jan-25
Apr-25,Amazon ,South,BEC-CMB-001,BEC-CMB-001,60,41940,10288.23,3083.47,2,Others,699,330,MATCH,31651.77,37.44%,13.60,8768.3,3.33%,Amazon,Apr-25
Aug-24,Amazon,South,BEC-GB-002,BEC-GB-002,198,35442,2883.64,3083.94,9,Garbage Bags,179,86,MATCH,32558.36,47.70%,11.49,12446.42,4.55%,Amazon,Aug-24
Jan-25,Flipkart,North,BEC-GB-001,BEC-GB-001,193,28757,7971.87,3084.35,4,Garbage Bags,149,70,MATCH,20785.13,35.00%,9.32,4190.78,2.07%,Flipkart,Jan-25
Jan-24,Flipkart,North,BEC-KT-002,BEC-KT-002,143,60060,14966.53,3086.73,5,Kitchen Towel,420,205,MATCH,45093.47,34.99%,19.46,12691.74,3.50%,Flipkart,Jan-24
Oct-24,Zepto,North,  BEC-KT-001,BEC-KT-001,179,28640,4812.67,3087.24,9,Kitchen Towel,160,78,MATCH,23827.33,41.40%,9.28,6778.09,5.03%,Zepto,Oct-24
Sep-24,Zepto,North,BEC-TIS-002,BEC-TIS-002,145,26100,3150.18,3087.83,7,Tissues,180,95,MATCH,22949.82,39.98%,8.45,6086.99,4.83%,Zepto,Sep-24
Oct-24,Blinkit,North,BEC-BW-001,BEC-BW-001,122,26840,1965.64,3088.62,6,Bake & Wrap,220,118,MATCH,24874.36,42.13%,8.69,7389.74,4.92%,Blinkit,Oct-24
Jan-24,Flipkart,North,BEC-GB-002,BEC-GB-002,141,25239,2242.02,3088.74,6,Garbage Bags,179,86,MATCH,22996.98,47.27%,8.17,7782.24,4.26%,Flipkart,Jan-24
Mar-24,D2C,North,BEC-CMB-001,BEC-CMB-001,35,24465,2563.24,3089.36,4,Others,699,330,MATCH,21901.76,47.26%,7.92,7262.4,11.43%,D2C,Mar-24
Jan-25,Swiggy Instamart,South,BEC-CLN-004,BEC-CLN-004,209,20691,4104.48,3090.51,9,Cleaners,99,44,MATCH,16586.52,44.56%,6.70,4300.01,4.31%,Swiggy Instamart,Jan-25
Jul-24,Amazon,South,BEC-KT-002,BEC-KT-002,167,70140,17782.32,3090.59,4,Kitchen Towel,420,205,MATCH,52357.68,34.61%,22.69,15032.09,2.40%,Amazon,Jul-24
Mar-24,Amazon ,South,BEC-GB-001,BEC-GB-001,292,43508,2632.92,3091.08,16,Garbage Bags,149,70,MATCH,40875.08,49.99%,14.08,17344,5.48%,Amazon,Mar-24
Mar-25,D2C,West,BEC-GB-002,BEC-GB-002,200,35800,2319.15,3091.13,19,Garbage Bags,179,86,MATCH,33480.85,48.63%,11.58,13189.72,9.50%,D2C,Mar-25
Jun-25,Flipkart,North,BEC-GB-002,BEC-GB-002,197,35263,4948.48,3091.22,9,Garbage Bags,179,86,MATCH,30314.52,44.11%,11.41,10281.3,4.57%,Flipkart,Jun-25
Apr-25,Zepto,North,BEC-TIS-001,BEC-TIS-001,327,31065,4906.07,3091.24,13,Tissues,95,42,MATCH,26158.93,47.50%,10.05,9333.69,3.98%,Zepto,Apr-25
Mar-24,Blinkit,North,BEC-BW-002,BEC-BW-002,177,30975,4350.6,3091.53,8,Bake & Wrap,175,92,MATCH,26624.4,38.84%,10.02,7248.87,4.52%,Blinkit,Mar-24
Nov-24,D2C,West,BEC-CMB-001,BEC-CMB-001,32,22368,981.03,3091.87,3,Others,699,330,MATCH,21386.97,50.62%,7.23,7735.1,9.38%,D2C,Nov-24
Feb-25,Zepto,South,BEC-TIS-002,BEC-TIS-002,177,31860,2882.97,3092.85,4,Tissues,180,95,MATCH,28977.03,41.97%,10.30,9069.18,2.26%,Zepto,Feb-25
Jun-25,Flipkart,West,BEC-GB-001,BEC-GB-001,207,30843,5603.76,3093.08,6,Garbage Bags,149,70,MATCH,25239.24,42.59%,9.97,7656.16,2.90%,Flipkart,Jun-25
Jan-24,Flipkart,West,BEC-TIS-002,BEC-TIS-002,310,55800,9236.53,3094.3,17,Tissues,180,95,MATCH,46563.47,36.75%,18.03,14019.17,5.48%,Flipkart,Jan-24
May-24,Blinkit,South,BEC-TIS-001,BEC-TIS-001,285,27075,4632.25,3094.41,13,Tissues,95,42,MATCH,22442.75,46.66%,8.75,7378.34,4.56%,Blinkit,May-24
Jan-25,Amazon,South,BEC-KT-001,BEC-KT-001,329,52640,8244.44,3096.98,14,Kitchen Towel,160,78,MATCH,44395.56,42.20%,17.00,15636.58,4.26%,Amazon,Jan-25
Jun-25, Zepto,West,BEC-GB-002,BEC-GB-002,318,56922,4289.77,3102.03,7,Garbage Bags,179,86,MATCH,52632.23,48.04%,18.35,22182.2,2.20%,Zepto,Jun-25
Apr-24,D2C,South,BEC-TIS-002,BEC-TIS-002,146,26280,3084.15,3102.12,21,Tissues,180,95,MATCH,23195.85,40.20%,8.47,6223.73,14.38%,D2C,Apr-24
Jul-24, Zepto,South,BEC-GB-002,BEC-GB-002,169,30251,1701.32,3102.18,9,Garbage Bags,179,86,MATCH,28549.68,49.09%,9.75,10913.5,5.33%,Zepto,Jul-24
Feb-25,Amazon,North,BEC-GB-001,BEC-GB-001,298,44402,3864.34,3109.17,12,Garbage Bags,149,70,MATCH,40537.66,48.54%,14.28,16568.49,4.03%,Amazon,Feb-25
Apr-25,D2C,West,BEC-TIS-001,BEC-TIS-001,310,29450,2802.09,3109.23,33,Tissues,95,42,MATCH,26647.91,51.14%,9.47,10518.68,10.65%,D2C,Apr-25
Jun-24,Swiggy Instamart,West,BEC-CLN-004,BEC-CLN-004,230,22770,6010.45,3110.12,11,Cleaners,99,44,MATCH,16759.55,39.62%,7.32,3529.43,4.78%,Swiggy Instamart,Jun-24
May-24,Amazon ,West,BEC-KT-001,BEC-KT-001,393,62880,9859.79,3110.77,22,Kitchen Towel,160,78,MATCH,53020.21,42.18%,20.21,19255.44,5.60%,Amazon,May-24
Jun-24,Amazon,North,BEC-KT-001,BEC-KT-001,247,39520,10389.68,3111.71,9,Kitchen Towel,160,78,MATCH,29130.32,33.86%,12.70,6752.61,3.64%,Amazon,Jun-24
Sep-24,Swiggy Instamart,South,BEC-CLN-004,BEC-CLN-004,148,14652,2665.32,3117.19,7,Cleaners,99,44,MATCH,11986.68,45.67%,4.70,2357.49,4.73%,Swiggy Instamart,Sep-24
Jan-24,Blinkit,West,BEC-TIS-001,BEC-TIS-001,326,30970,8427.71,3119.92,15,Tissues,95,42,MATCH,22542.29,39.26%,9.93,5730.37,4.60%,Blinkit,Aug-24
Jan-25, Zepto,West,BEC-TIS-001,BEC-TIS-001,260,24700,3567.38,3120.61,14,Tissues,95,42,MATCH,21132.62,48.33%,7.92,7092.01,5.38%,Zepto,Jan-25
Apr-24,Flipkart,West,BEC-TIS-002,BEC-TIS-002,225,40500,8034.7,3123.19,8,Tissues,180,95,MATCH,32465.3,34.16%,12.97,7967.11,3.56%,Flipkart,Apr-24
Feb-25,D2C,West,BEC-GB-001,BEC-GB-001,184,27416,2637.99,3125.44,23,Garbage Bags,149,70,MATCH,24778.01,48.02%,8.77,8772.57,12.50%,D2C,Feb-25
Jun-25,Flipkart,South,BEC-TIS-002,BEC-TIS-002,156,28080,7127.69,3126.5,5,Tissues,180,95,MATCH,20952.31,29.27%,8.98,3005.81,3.21%,Flipkart,Jun-25
Apr-25,D2C,West,BEC-CMB-001,BEC-CMB-001,43,30057,1130.64,3131.86,4,Others,699,330,MATCH,28926.36,50.94%,9.60,11604.5,9.30%,D2C,Apr-25
Aug-24,Zepto,North,BEC-KT-002,BEC-KT-002,124,52080,2880.83,3133.5,6,Kitchen Towel,420,205,MATCH,49199.17,48.33%,16.62,20645.67,4.84%,Zepto,Aug-24
Dec-24,Flipkart,South,BEC-TIS-002,BEC-TIS-002,192,34560,4970.24,3136.73,6,Tissues,180,95,MATCH,29589.76,38.36%,11.02,8213.03,3.13%,Flipkart,Dec-24
Jan-24,Amazon,North,BEC-GB-001,BEC-GB-001,388,57812,16507.94,3137.42,16,Garbage Bags,149,70,MATCH,41304.06,34.24%,18.43,11006.64,4.12%,Amazon,Jan-24
Mar-25,Flipkart,North,BEC-GB-002,BEC-GB-002,168,30072,6640.16,3139.44,8,Garbage Bags,179,86,MATCH,23431.84,38.34%,9.58,5844.4,4.76%,Flipkart,Mar-25
Nov-24,Amazon ,West,BEC-OTH-001,BEC-OTH-001,185,27565,4015.69,3140.47,8,Others,149,72,MATCH,23549.31,43.44%,8.78,7088.84,4.32%,Amazon,Nov-24
Jun-25,Zepto,West,BEC-GB-001,BEC-GB-001,237,35313,7544.55,3141.17,8,Garbage Bags,149,70,MATCH,27768.45,40.26%,11.24,8037.28,3.38%,Zepto,Jun-25
Jun-25,Blinkit,West,BEC-KT-001,BEC-KT-001,290,46400,11186.52,3146.61,7,Kitchen Towel,160,78,MATCH,35213.48,35.76%,14.75,9446.87,2.41%,Blinkit,Jun-25
Aug-24,D2C,South,BEC-TIS-002,BEC-TIS-002,139,25020,0,3147.42,21,Tissues,180,95,MATCH,25020,47.22%,7.95,8667.58,15.11%,D2C,Aug-24
May-24,D2C,West,BEC-KT-001,BEC-KT-001,161,25760,1325.79,3148.8,23,Kitchen Towel,160,78,MATCH,24434.21,48.60%,8.18,8727.41,14.29%,D2C,May-24
Apr-25,Amazon,West,BEC-CMB-001,BEC-CMB-001,69,48231,12244.55,3149.15,2,Others,699,330,MATCH,35986.45,36.73%,15.32,10067.3,2.90%,Amazon,Apr-25
Mar-24,Amazon,West,BEC-BW-002,BEC-BW-002,318,55650,13738.31,3151.78,17,Bake & Wrap,175,92,MATCH,41911.69,30.20%,17.66,9503.91,5.35%,Amazon,Mar-24
Mar-25,Flipkart,South,BEC-TIS-002,BEC-TIS-002,221,39780,9362.31,3153.71,11,Tissues,180,95,MATCH,30417.69,30.98%,12.61,6268.98,4.98%,Flipkart,Mar-25
Jun-24,Flipkart,West,BEC-CMB-001,BEC-CMB-001,44,30756,3306.04,3157.03,0,Others,699,330,MATCH,27449.96,47.10%,9.74,9772.93,0.00%,Flipkart,Jun-24
May-24,Amazon ,West,BEC-BW-001,BEC-BW-001,195,42900,10348.6,3158.24,11,Bake & Wrap,220,118,MATCH,32551.4,29.31%,13.58,6383.16,5.64%,Amazon,May-24
Oct-24,Swiggy Instamart,North,BEC-CLN-004,BEC-CLN-004,189,18711,3194.84,3159.19,10,Cleaners,99,44,MATCH,15516.16,46.40%,5.92,4040.97,5.29%,Swiggy Instamart,Oct-24
Jan-24,Blinkit,North,BEC-TIS-001,BEC-TIS-001,270,25650,1303.75,3159.41,13,Tissues,95,42,MATCH,24346.25,53.42%,8.12,9846.84,4.81%,Blinkit,Jan-24
Mar-25,Amazon ,South,BEC-CMB-001,BEC-CMB-001,42,29358,6478.19,3161.32,2,Others,699,330,MATCH,22879.81,39.42%,9.29,5858.49,4.76%,Amazon,Mar-25
Feb-25, Zepto,North,BEC-TIS-002,BEC-TIS-002,308,55440,6865.64,3161.35,10,Tissues,180,95,MATCH,48574.36,39.76%,17.54,16153.01,3.25%,Zepto,Feb-25
Oct-24,Amazon,West,BEC-BW-002,BEC-BW-002,149,26075,4512.97,3161.83,8,Bake & Wrap,175,92,MATCH,21562.03,36.43%,8.25,4692.2,5.37%,Amazon,Oct-24
Apr-24,Amazon ,North,  BEC-BW-001,BEC-BW-001,187,41140,5478.01,3163.64,8,Bake & Wrap,220,118,MATCH,35661.99,38.12%,13.00,10432.35,4.28%,Amazon,Apr-24
Apr-25,Blinkit,West,BEC-BW-002,BEC-BW-002,187,32725,6166.74,3164.58,7,Bake & Wrap,175,92,MATCH,26558.26,35.22%,10.34,6189.68,3.74%,Blinkit,Apr-25
Mar-24,Blinkit,North,BEC-CMB-001,BEC-CMB-001,55,38445,8491.86,3167.28,2,Others,699,330,MATCH,29953.14,39.41%,12.14,8635.86,3.64%,Blinkit,Mar-24
May-24,D2C,West,BEC-GB-002,BEC-GB-002,245,43855,4640.28,3167.41,32,Garbage Bags,179,86,MATCH,39214.72,46.27%,13.85,14977.31,13.06%,D2C,May-24
Jan-25,Amazon,North,BEC-TIS-001,BEC-TIS-001,339,32205,4020.93,3169.91,6,Tissues,95,42,MATCH,28184.07,49.48%,10.16,10776.16,1.77%,Amazon,Jan-25
Jun-24,Amazon,West,BEC-BW-002,BEC-BW-002,233,40775,6486.47,3171.04,6,Bake & Wrap,175,92,MATCH,34288.53,37.48%,12.86,9681.49,2.58%,Amazon,Jun-24
Feb-24,D2C,West,BEC-CMB-001,BEC-CMB-001,38,26562,1770.51,3172.41,6,Others,699,330,MATCH,24791.49,49.42%,8.37,9079.08,15.79%,D2C,Feb-24
Mar-24,Zepto,West,BEC-CMB-001,BEC-CMB-001,47,32853,7970.28,3172.45,2,Others,699,330,MATCH,24882.72,37.67%,10.36,6200.27,4.26%,Zepto,Mar-24
Feb-25,D2C,North,BEC-GB-002,BEC-GB-002,163,29177,723.8,3172.81,15,Garbage Bags,179,86,MATCH,28453.2,50.73%,9.20,11262.39,9.20%,D2C,Feb-25
Dec-24,Swiggy Instamart,West,BEC-KT-001,BEC-KT-001,160,25600,1714.67,3172.93,4,Kitchen Towel,160,78,MATCH,23885.33,47.75%,8.07,8232.4,2.50%,Swiggy Instamart,Dec-24
Dec-24,Blinkit,West,BEC-TIS-001,BEC-TIS-001,400,38000,5811.02,3178.99,11,Tissues,95,42,MATCH,32188.98,47.81%,11.95,12209.99,2.75%,Blinkit,Dec-24
Feb-25,Swiggy Instamart,South,BEC-KT-002,BEC-KT-002,94,39480,8518.38,3179.5,3,Kitchen Towel,420,205,MATCH,30961.62,37.76%,12.42,8512.12,3.19%,Swiggy Instamart,Feb-25
Jul-24,Amazon,South,BEC-GB-001,BEC-GB-001,174,25926,4631.91,3179.94,7,Garbage Bags,149,70,MATCH,21294.09,42.80%,8.15,5934.15,4.02%,Amazon,Jul-24
Feb-24,Swiggy Instamart,South,BEC-CLN-004,BEC-CLN-004,117,11583,700.01,3181.2,6,Cleaners,99,44,MATCH,10882.99,52.70%,3.64,2553.79,5.13%,Swiggy Instamart,Feb-24
Feb-24, Zepto,South,BEC-KT-001,BEC-KT-001,181,28960,2844.05,3182.8,4,Kitchen Towel,160,78,MATCH,26115.95,45.94%,9.10,8815.15,2.21%,Zepto,Feb-24
Nov-24,D2C,South,BEC-CLN-004,BEC-CLN-004,132,13068,1813.76,3184.49,17,Cleaners,99,44,MATCH,11254.24,48.39%,4.10,2261.75,12.88%,D2C,Nov-24
Jun-24,Amazon ,South,BEC-GB-001,BEC-GB-001,265,39485,6316.84,3184.69,15,Garbage Bags,149,70,MATCH,33168.16,44.07%,12.40,11433.47,5.66%,Amazon,Jun-24
Nov-24,Flipkart,West,BEC-GB-001,BEC-GB-001,234,34866,4631.21,3184.72,6,Garbage Bags,149,70,MATCH,30234.79,45.82%,10.95,10670.07,2.56%,Flipkart,Nov-24
Nov-24,D2C,West,BEC-TIS-001,BEC-TIS-001,263,24985,746.35,3188.07,23,Tissues,95,42,MATCH,24238.65,54.43%,7.84,10004.58,8.75%,D2C,Nov-24
Feb-25,Zepto,West,BEC-TIS-002,BEC-TIS-002,450,81000,17254.24,3188.08,20,Tissues,180,95,MATCH,63745.76,32.94%,25.41,17807.68,4.44%,Zepto,Feb-25
May-25,Blinkit,North,BEC-GB-002,BEC-GB-002,325,58175,10167.14,3191.15,14,Garbage Bags,179,86,MATCH,48007.86,41.78%,18.23,16866.71,4.31%,Blinkit,May-25
Jan-24,D2C,West,BEC-GB-002,BEC-GB-002,168,30072,2974.02,3191.23,21,Garbage Bags,179,86,MATCH,27097.98,46.68%,9.42,9458.75,12.50%,D2C,Feb-24
Apr-25,Blinkit,West,BEC-GB-002,BEC-GB-002,319,57101,9106.33,3191.52,18,Garbage Bags,179,86,MATCH,47994.67,42.84%,17.89,17369.15,5.64%,Blinkit,Apr-25
Mar-24,Swiggy Instamart,South,BEC-CLN-004,BEC-CLN-004,164,16236,1517.32,3192.77,6,Cleaners,99,44,MATCH,14718.68,50.97%,5.09,4309.91,3.66%,Swiggy Instamart,Mar-24
Dec-24,Zepto,West,BEC-BW-001,BEC-BW-001,141,31020,8647.8,3197.35,5,Bake & Wrap,220,118,MATCH,22372.2,25.63%,9.70,2536.85,3.55%,Zepto,Dec-24
Feb-25,Zepto,West,BEC-TIS-001,BEC-TIS-001,316,30020,2341.75,3199.75,7,Tissues,95,42,MATCH,27678.25,52.05%,9.38,11206.5,2.22%,Zepto,Feb-25
Apr-25,Amazon ,North,BEC-CMB-001,BEC-CMB-001,66,46134,4494.58,3200.87,1,Others,699,330,MATCH,41639.42,47.69%,14.41,16658.55,1.52%,Amazon,Apr-25
Jan-24,Blinkit,West,BEC-GB-002,BEC-GB-002,375,67125,7162,3202.61,12,Garbage Bags,179,86,MATCH,59963,46.22%,20.96,24510.39,3.20%,Blinkit,Jan-24
Feb-24,D2C,South,BEC-CLN-004,BEC-CLN-004,193,19107,1442.77,3205.92,27,Cleaners,99,44,MATCH,17664.23,51.93%,5.96,5966.31,13.99%,D2C,Feb-24
Nov-24,Amazon,West,BEC-CMB-001,BEC-CMB-001,66,46134,9333.41,3207.67,3,Others,699,330,MATCH,36800.59,40.82%,14.38,11812.92,4.55%,Amazon,Nov-24
May-25,Swiggy Instamart,West,BEC-KT-002,BEC-KT-002,147,61740,6321.27,3210.15,6,Kitchen Towel,420,205,MATCH,55418.73,45.62%,19.23,22073.58,4.08%,Swiggy Instamart,May-25
Jun-24, Zepto,West,BEC-GB-002,BEC-GB-002,249,44571,4958.55,3212.07,10,Garbage Bags,179,86,MATCH,39612.45,45.94%,13.88,14986.38,4.02%,Zepto,Jun-24
May-25,Blinkit,North,BEC-TIS-001,BEC-TIS-001,401,38095,7937.44,3212.8,21,Tissues,95,42,MATCH,30157.56,44.15%,11.86,10102.76,5.24%,Blinkit,May-25
Nov-24,Amazon,South,BEC-TIS-001,BEC-TIS-001,322,30590,8891.59,3218.58,16,Tissues,95,42,MATCH,21698.41,37.67%,9.50,4955.83,4.97%,Amazon,Nov-24
Sep-24,Amazon,South,BEC-TIS-001,BEC-TIS-001,278,26410,4937.46,3219.65,13,Tissues,95,42,MATCH,21472.54,45.62%,8.20,6576.89,4.68%,Amazon,Sep-24
Nov-24,Amazon,North,BEC-KT-001,BEC-KT-001,300,48000,6462.14,3220.07,9,Kitchen Towel,160,78,MATCH,41537.86,43.67%,14.91,14917.79,3.00%,Amazon,Nov-24
Feb-25,Amazon,South,BEC-GB-001,BEC-GB-001,230,34270,10064.65,3221.09,8,Garbage Bags,149,70,MATCH,24205.35,33.49%,10.64,4884.26,3.48%,Amazon,Feb-25
Jun-24, Zepto,North,BEC-TIS-001,BEC-TIS-001,286,27170,3828.06,3221.57,14,Tissues,95,42,MATCH,23341.94,48.54%,8.43,8108.37,4.90%,Zepto,Jun-24
May-25,Amazon ,South,BEC-KT-001,BEC-KT-001,226,36160,2954.44,3226.77,11,Kitchen Towel,160,78,MATCH,33205.56,46.91%,11.21,12350.79,4.87%,Amazon,May-25
Nov-24,Flipkart,West,  BEC-GB-002,BEC-GB-002,187,33473,6475.15,3227.22,4,Garbage Bags,179,86,MATCH,26997.85,40.43%,10.37,7688.63,2.14%,Flipkart,Nov-24
Oct-24,Flipkart,West,BEC-CMB-001,BEC-CMB-001,40,27960,3123.26,3233.36,0,Others,699,330,MATCH,24836.74,46.85%,8.65,8403.38,0.00%,Flipkart,Oct-24
Jul-24,Amazon,West,BEC-GB-001,BEC-GB-001,466,69434,15039.8,3233.5,12,Garbage Bags,149,70,MATCH,54394.2,40.03%,21.47,18540.7,2.58%,Amazon,Jul-24
Feb-25,Flipkart,West,BEC-KT-001,BEC-KT-001,204,32640,5981.99,3234.51,4,Kitchen Towel,160,78,MATCH,26658.01,40.31%,10.09,7511.5,1.96%,Flipkart,Feb-25
May-25,D2C,South,BEC-TIS-002,BEC-TIS-002,193,34740,4587.61,3240.02,23,Tissues,180,95,MATCH,30152.39,39.19%,10.72,8577.37,11.92%,D2C,May-25
Jun-24,Flipkart,North,BEC-CLN-004,BEC-CLN-004,223,22077,5759.82,3244.07,6,Cleaners,99,44,MATCH,16317.18,39.87%,6.81,3261.11,2.69%,Flipkart,Jun-24
Feb-24,Swiggy Instamart,North,BEC-TIS-002,BEC-TIS-002,185,33300,4248.66,3244.44,6,Tissues,180,95,MATCH,29051.34,39.50%,10.26,8231.9,3.24%,Swiggy Instamart,Feb-24
Oct-24,Flipkart,North,BEC-CLN-004,BEC-CLN-004,178,17622,1511.61,3251.73,3,Cleaners,99,44,MATCH,16110.39,51.39%,5.42,5026.66,1.69%,Flipkart,Oct-24
May-25,Amazon,North,BEC-BW-001,BEC-BW-001,219,48180,10328.93,3252.66,12,Bake & Wrap,220,118,MATCH,37851.07,31.73%,14.81,8756.41,5.48%,Amazon,May-25
May-24,D2C,West,BEC-BW-002,BEC-BW-002,136,23800,905.87,3253.46,19,Bake & Wrap,175,92,MATCH,22894.13,45.35%,7.32,7128.67,13.97%,D2C,May-24
Apr-24,Zepto,West,BEC-GB-002,BEC-GB-002,280,50120,12929.85,3253.93,13,Garbage Bags,179,86,MATCH,37190.15,35.25%,15.40,9856.22,4.64%,Zepto,Apr-24
Nov-24,D2C,North,BEC-GB-001,BEC-GB-001,168,25032,2274.81,3254.64,20,Garbage Bags,149,70,MATCH,22757.19,48.32%,7.69,7742.55,11.90%,D2C,Nov-24
Sep-24,D2C,North,BEC-CLN-004,BEC-CLN-004,121,11979,1414.45,3259.08,20,Cleaners,99,44,MATCH,10564.55,49.61%,3.68,1981.47,16.53%,D2C,Sep-24
Dec-24,Flipkart,West,BEC-TIS-002,BEC-TIS-002,249,44820,11446.8,3259.23,6,Tissues,180,95,MATCH,33373.2,29.12%,13.75,6458.97,2.41%,Flipkart,Dec-24
Jan-25,Flipkart,West,BEC-BW-002,BEC-BW-002,156,27300,2993.04,3259.89,4,Bake & Wrap,175,92,MATCH,24306.96,40.96%,8.37,6695.07,2.56%,Flipkart,Jan-25
Apr-25,Amazon ,North,BEC-BW-001,BEC-BW-001,276,60720,12862.12,3260.4,13,Bake & Wrap,220,118,MATCH,47857.88,31.95%,18.62,12029.48,4.71%,Amazon,Apr-25
Jan-24,Blinkit,West,BEC-TIS-002,BEC-TIS-002,300,54000,4172.12,3260.63,12,Tissues,180,95,MATCH,49827.88,42.80%,16.56,18067.25,4.00%,Blinkit,Jan-24
Aug-24,Amazon,West,BEC-TIS-002,BEC-TIS-002,371,66780,14566.66,3260.81,20,Tissues,180,95,MATCH,52213.34,32.50%,20.48,13707.53,5.39%,Amazon,Aug-24
Apr-24,Amazon,South,BEC-CMB-001,BEC-CMB-001,55,38445,5130.09,3263.39,2,Others,699,330,MATCH,33314.91,45.52%,11.78,11901.52,3.64%,Amazon,Apr-24
Mar-25, Zepto,West,BEC-BW-002,BEC-BW-002,209,36575,9518.66,3264.41,11,Bake & Wrap,175,92,MATCH,27056.34,28.93%,11.20,4563.93,5.26%,Zepto,Mar-25
Jan-24,Swiggy Instamart,South,BEC-CLN-004,BEC-CLN-004,157,15543,3115.91,3266,6,Cleaners,99,44,MATCH,12427.09,44.41%,4.76,2253.09,3.82%,Swiggy Instamart,Jan-24
Nov-24,Flipkart,West,BEC-TIS-002,BEC-TIS-002,259,46620,9791.89,3269.83,15,Tissues,180,95,MATCH,36828.11,33.19%,14.26,8953.28,5.79%,Flipkart,Nov-24
Jan-25,Blinkit,North,BEC-CMB-001,BEC-CMB-001,61,42639,9090.5,3278.36,2,Others,699,330,MATCH,33548.5,40.00%,13.01,10140.14,3.28%,Blinkit,Jan-25
Dec-24, Zepto,West,BEC-GB-001,BEC-GB-001,229,34121,1723.4,3278.71,11,Garbage Bags,149,70,MATCH,32397.6,50.52%,10.41,13088.89,4.80%,Zepto,Dec-24
Apr-25,Flipkart,West,BEC-GB-001,BEC-GB-001,214,31886,2063.51,3281.03,8,Garbage Bags,149,70,MATCH,29822.49,49.77%,9.72,11561.46,3.74%,Flipkart,Apr-25
Mar-25,Zepto,North,BEC-BW-002,BEC-BW-002,159,27825,4151.15,3283.75,3,Bake & Wrap,175,92,MATCH,23673.85,38.21%,8.47,5762.1,1.89%,Zepto,Mar-25
Jan-24,D2C,West,  BEC-GB-002,BEC-GB-002,175,31325,4482.09,3287.72,18,Garbage Bags,179,86,MATCH,26842.91,43.93%,9.53,8505.19,10.29%,D2C,Jan-24
Jan-24,Blinkit,North,BEC-GB-001,BEC-GB-001,214,31886,8900.62,3288.14,4,Garbage Bags,149,70,MATCH,22985.38,34.83%,9.70,4717.24,1.87%,Blinkit,Jan-24
Feb-25,Blinkit,West,BEC-BW-002,BEC-BW-002,193,33775,4507.94,3290.33,11,Bake & Wrap,175,92,MATCH,29267.06,39.33%,10.26,8220.73,5.70%,Blinkit,Feb-25
Dec-24,Blinkit,South,BEC-TIS-001,BEC-TIS-001,284,26980,3706.9,3291.63,12,Tissues,95,42,MATCH,23273.1,48.75%,8.20,8053.47,4.23%,Blinkit,Dec-24
Feb-25,Zepto,West,BEC-CMB-001,BEC-CMB-001,46,32154,5219.05,3294.41,1,Others,699,330,MATCH,26934.95,43.64%,9.76,8460.54,2.17%,Zepto,Feb-25
Apr-25, Zepto,South,BEC-TIS-002,BEC-TIS-002,194,34920,8901.05,3295.39,6,Tissues,180,95,MATCH,26018.95,29.17%,10.60,4293.56,3.09%,Zepto,Apr-25
Jul-24,Amazon,South,BEC-BW-001,BEC-BW-001,153,33660,9231.95,3295.53,5,Bake & Wrap,220,118,MATCH,24428.05,26.09%,10.21,3078.52,3.27%,Amazon,Jul-24
Apr-25,Flipkart,North,  BEC-CMB-001,BEC-CMB-001,45,31455,4195.26,3298.97,1,Others,699,330,MATCH,27259.74,45.52%,9.53,9110.77,2.22%,Flipkart,Apr-25
May-25,Swiggy Instamart,West,BEC-GB-001,BEC-GB-001,197,29353,3417.22,3303.59,7,Garbage Bags,149,70,MATCH,25935.78,46.83%,8.89,8842.19,3.55%,Swiggy Instamart,May-25
Mar-24,Flipkart,West,BEC-BW-001,BEC-BW-001,138,30360,1784.6,3307.96,7,Bake & Wrap,220,118,MATCH,28575.4,43.01%,9.18,8983.44,5.07%,Flipkart,Mar-24
Mar-25,Amazon,West,BEC-CMB-001,BEC-CMB-001,81,56619,6698.5,3308.96,4,Others,699,330,MATCH,49920.5,46.45%,17.11,19881.54,4.94%,Amazon,Mar-25
May-25,D2C,West,BEC-CMB-001,BEC-CMB-001,50,34950,3934.84,3310.71,8,Others,699,330,MATCH,31015.16,46.80%,10.56,11204.45,16.00%,D2C,May-25
Jul-24, Zepto,North,BEC-CLN-004,BEC-CLN-004,203,20097,4605.22,3311.06,9,Cleaners,99,44,MATCH,15491.78,42.34%,6.07,3248.72,4.43%,Zepto,Jul-24
May-24,D2C,North,BEC-TIS-002,BEC-TIS-002,231,41580,1926.56,3313.66,21,Tissues,180,95,MATCH,39653.44,44.66%,12.55,14394.78,9.09%,D2C,May-24
Mar-25,Flipkart,West,BEC-TIS-002,BEC-TIS-002,360,64800,12850.78,3318.28,9,Tissues,180,95,MATCH,51949.22,34.17%,19.53,14430.94,2.50%,Flipkart,Mar-25
Jan-25,D2C,West,BEC-CMB-001,BEC-CMB-001,45,31455,3421.88,3318.76,5,Others,699,330,MATCH,28033.12,47.03%,9.48,9864.36,11.11%,D2C,Jan-25
Mar-24,Amazon ,South,BEC-BW-002,BEC-BW-002,170,29750,3192.64,3319.78,4,Bake & Wrap,175,92,MATCH,26557.36,41.11%,8.96,7597.58,2.35%,Amazon,Mar-24
Oct-24,Swiggy Instamart,North,BEC-KT-002,BEC-KT-002,113,47460,11856.16,3320.66,5,Kitchen Towel,420,205,MATCH,35603.84,34.94%,14.29,9118.18,4.42%,Swiggy Instamart,Oct-24
Jul-24,Flipkart,South,BEC-KT-002,BEC-KT-002,120,50400,4638.01,3324.42,4,Kitchen Towel,420,205,MATCH,45761.99,46.24%,15.16,17837.57,3.33%,Flipkart,Jul-24
Nov-24,Swiggy Instamart,South,BEC-KT-002,BEC-KT-002,98,41160,11994.27,3325,3,Kitchen Towel,420,205,MATCH,29165.73,31.12%,12.38,5750.73,3.06%,Swiggy Instamart,Nov-24
Jun-24,Amazon ,West,BEC-KT-001,BEC-KT-001,303,48480,9500.28,3329,13,Kitchen Towel,160,78,MATCH,38979.72,39.37%,14.56,12016.72,4.29%,Amazon,Jun-24
Apr-24, Zepto,West,BEC-BW-001,BEC-BW-001,193,42460,5527.65,3329.41,4,Bake & Wrap,220,118,MATCH,36932.35,38.34%,12.75,10828.94,2.07%,Zepto,Apr-24
Apr-24,Swiggy Instamart,North,BEC-TIS-002,BEC-TIS-002,149,26820,2187.68,3332.14,5,Tissues,180,95,MATCH,24632.32,42.53%,8.05,7145.18,3.36%,Swiggy Instamart,Apr-24
May-25,Swiggy Instamart,South,BEC-KT-002,BEC-KT-002,91,38220,10079.57,3342.41,3,Kitchen Towel,420,205,MATCH,28140.43,33.71%,11.43,6143.02,3.30%,Swiggy Instamart,May-25
Feb-24,Amazon,South,BEC-TIS-001,BEC-TIS-001,262,24890,1468.59,3343.83,7,Tissues,95,42,MATCH,23421.41,53.02%,7.44,9073.58,2.67%,Amazon,Feb-24
Dec-24,D2C,North,BEC-GB-002,BEC-GB-002,145,25955,1921.99,3344.21,19,Garbage Bags,179,86,MATCH,24033.01,48.11%,7.76,8218.8,13.10%,D2C,Dec-24
Jul-24,Amazon,North,BEC-BW-001,BEC-BW-001,172,37840,6851.47,3344.27,4,Bake & Wrap,220,118,MATCH,30988.53,34.50%,11.31,7348.26,2.33%,Amazon,Jul-24
Mar-25, Zepto,North,  BEC-KT-001,BEC-KT-001,183,29280,3500.46,3345.87,10,Kitchen Towel,160,78,MATCH,25779.54,44.63%,8.75,8159.67,5.46%,Zepto,Mar-25
Aug-24,Amazon,North,BEC-KT-001,BEC-KT-001,204,32640,8092.16,3346.54,6,Kitchen Towel,160,78,MATCH,24547.84,35.18%,9.75,5289.3,2.94%,Amazon,Aug-24
May-24,Swiggy Instamart,North,BEC-TIS-002,BEC-TIS-002,191,34380,2260.88,3349.75,9,Tissues,180,95,MATCH,32119.12,43.51%,10.26,10624.37,4.71%,Swiggy Instamart,May-24
Jan-25, Zepto,North,  BEC-CMB-001,BEC-CMB-001,48,33552,9153.41,3351.48,1,Others,699,330,MATCH,24398.59,35.08%,10.01,5207.11,2.08%,Zepto,Jan-25
May-25,Blinkit,North,BEC-BW-001,BEC-BW-001,161,35420,8031.98,3353.69,7,Bake & Wrap,220,118,MATCH,27388.02,30.63%,10.56,5036.33,4.35%,Blinkit,May-25
May-24,Amazon,South,BEC-GB-002,BEC-GB-002,249,44571,2478.57,3353.88,14,Garbage Bags,179,86,MATCH,42092.43,49.13%,13.29,17324.55,5.62%,Amazon,May-24
Mar-24,Amazon,South,BEC-TIS-002,BEC-TIS-002,298,53640,8711.45,3357.94,14,Tissues,180,95,MATCH,44928.55,36.99%,15.97,13260.61,4.70%,Amazon,Mar-24
Apr-25, Zepto,South,BEC-GB-002,BEC-GB-002,199,35621,7056.55,3359.52,8,Garbage Bags,179,86,MATCH,28564.45,40.09%,10.60,8090.93,4.02%,Zepto,Apr-25
Sep-24,Blinkit,West,BEC-KT-001,BEC-KT-001,237,37920,11341.69,3359.98,7,Kitchen Towel,160,78,MATCH,26578.31,30.45%,11.29,4732.33,2.95%,Blinkit,Sep-24
May-24,Blinkit,North,BEC-KT-001,BEC-KT-001,225,36000,2026.95,3360.82,5,Kitchen Towel,160,78,MATCH,33973.05,48.34%,10.71,13062.23,2.22%,Blinkit,May-24
Feb-25,Flipkart,South,BEC-KT-002,BEC-KT-002,161,67620,9116.14,3363.33,5,Kitchen Towel,420,205,MATCH,58503.86,43.58%,20.11,22135.53,3.11%,Flipkart,Feb-25
Mar-24,Flipkart,West,BEC-KT-001,BEC-KT-001,202,"32,320",4354.21,3367.36,9,Kitchen Towel,160,78,MATCH,27965.79,43.66%,9.60,8842.43,4.46%,Flipkart,Mar-24
Jan-24, Zepto,West,BEC-BW-001,BEC-BW-001,173,38060,7812.32,3371.8,4,Bake & Wrap,220,118,MATCH,30247.68,32.51%,11.29,6461.88,2.31%,Zepto,Jan-24
Mar-24,Swiggy Instamart,West,BEC-TIS-002,BEC-TIS-002,173,31140,7813.3,3372.06,8,Tissues,180,95,MATCH,23326.7,29.54%,9.23,3519.64,4.62%,Swiggy Instamart,Mar-24
May-25,Amazon ,South,BEC-TIS-002,BEC-TIS-002,390,70200,19586,3377.66,17,Tissues,180,95,MATCH,50614,26.80%,20.78,10186.34,4.36%,Amazon,May-25
Sep-24,Zepto,West,BEC-KT-002,BEC-KT-002,165,69300,19057.54,3381.12,6,Kitchen Towel,420,205,MATCH,50242.46,32.68%,20.50,13036.34,3.64%,Zepto,Sep-24
Jan-24,D2C,West,BEC-GB-001,BEC-GB-001,184,27416,1184.59,3381.58,21,Garbage Bags,149,70,MATCH,26231.41,50.90%,8.11,9969.83,11.41%,D2C,Jan-24
Oct-24,Amazon,South,BEC-KT-001,BEC-KT-001,212,33920,2468.75,3382.31,11,Kitchen Towel,160,78,MATCH,31451.25,47.42%,10.03,11532.94,5.19%,Amazon,Oct-24
Jan-25,Flipkart,West,BEC-TIS-002,BEC-TIS-002,261,46980,3934.2,3382.53,14,Tissues,180,95,MATCH,43045.8,42.40%,13.89,14868.27,5.36%,Flipkart,Jan-25
Apr-24,D2C,North,BEC-CMB-001,BEC-CMB-001,35,24465,931.66,3384.68,5,Others,699,330,MATCH,23533.34,50.92%,7.23,8598.66,14.29%,D2C,Apr-24
Sep-24,Blinkit,North,BEC-CMB-001,BEC-CMB-001,41,28659,6011.84,3385.09,0,Others,699,330,MATCH,22647.16,40.26%,8.47,5732.07,0.00%,Blinkit,Sep-24
May-25,Zepto,West,BEC-BW-001,BEC-BW-001,154,33880,8821.14,3385.57,5,Bake & Wrap,220,118,MATCH,25058.86,27.48%,10.01,3501.29,3.25%,Zepto,May-25
Jan-25,Zepto,South,BEC-TIS-002,BEC-TIS-002,233,41940,3683.38,3385.87,13,Tissues,180,95,MATCH,38256.62,42.14%,12.39,12735.75,5.58%,Zepto,Jan-25
May-25,Blinkit,West,BEC-TIS-001,BEC-TIS-001,304,28880,4936.45,3389.46,11,Tissues,95,42,MATCH,23943.55,46.67%,8.52,7786.09,3.62%,Blinkit,May-25
Jan-25,Amazon ,North,BEC-BW-001,BEC-BW-001,241,53020,4537.55,3398.23,10,Bake & Wrap,220,118,MATCH,48482.45,41.34%,15.60,16646.22,4.15%,Amazon,Jan-25
Feb-25,Swiggy Instamart,South,BEC-CLN-004,BEC-CLN-004,142,14058,3611.42,3398.31,8,Cleaners,99,44,MATCH,10446.58,40.19%,4.14,800.27,5.63%,Swiggy Instamart,Feb-25
Jan-25,Zepto,West,BEC-BW-002,BEC-BW-002,196,34300,6284.96,3399.11,9,Bake & Wrap,175,92,MATCH,28015.04,35.63%,10.09,6583.93,4.59%,Zepto,Jan-25
Jun-25,Amazon,South,BEC-KT-001,BEC-KT-001,195,31200,2870.61,3402.79,4,Kitchen Towel,160,78,MATCH,28329.39,46.31%,9.17,9716.6,2.05%,Amazon,Jun-25
Apr-24,Blinkit,West,BEC-GB-002,BEC-GB-002,249,44571,12534.7,3404.56,9,Garbage Bags,179,86,MATCH,32036.3,33.16%,13.09,7217.74,3.61%,Blinkit,Apr-24
Jan-24,Flipkart,West,BEC-GB-001,BEC-GB-001,246,36654,10133.05,3405.39,6,Garbage Bags,149,70,MATCH,26520.95,35.07%,10.76,5895.56,2.44%,Flipkart,Jan-24
Apr-25,Flipkart,West,BEC-GB-002,BEC-GB-002,220,39380,10460.45,3410.43,7,Garbage Bags,179,86,MATCH,28919.55,34.58%,11.55,6589.12,3.18%,Flipkart,Apr-25
Jun-25,Zepto,South,BEC-GB-001,BEC-GB-001,207,30843,5834.64,3410.73,11,Garbage Bags,149,70,MATCH,25008.36,42.06%,9.04,7107.63,5.31%,Zepto,Jun-25
Jan-24,Flipkart,West,BEC-CMB-001,BEC-CMB-001,42,29358,4686.9,3411.23,1,Others,699,330,MATCH,24671.1,43.82%,8.61,7399.87,2.38%,Flipkart,Jan-24
Apr-24, Zepto,South,BEC-GB-002,BEC-GB-002,214,38306,2777.25,3411.54,6,Garbage Bags,179,86,MATCH,35528.75,48.20%,11.23,13713.21,2.80%,Zepto,Apr-24
Apr-25,Blinkit,South,BEC-KT-001,BEC-KT-001,248,39680,9929.65,3419.49,13,Kitchen Towel,160,78,MATCH,29750.35,34.98%,11.60,6986.86,5.24%,Blinkit,Apr-25
Jun-24,Amazon ,West,BEC-BW-001,BEC-BW-001,262,57640,3235.63,3425.38,15,Bake & Wrap,220,118,MATCH,54404.37,43.17%,16.83,20062.99,5.73%,Amazon,Jun-24
Apr-25,Blinkit,South,BEC-GB-002,BEC-GB-002,181,32399,1799.5,3429.73,5,Garbage Bags,179,86,MATCH,30599.5,49.13%,9.45,11603.77,2.76%,Blinkit,Apr-25
Feb-24,Flipkart,West,BEC-TIS-001,BEC-TIS-001,328,31160,7550.08,3433.51,8,Tissues,95,42,MATCH,23609.92,41.65%,9.08,6400.41,2.44%,Flipkart,Feb-24
Apr-25,Blinkit,South,BEC-CMB-001,BEC-CMB-001,52,36348,9463.39,3433.67,2,Others,699,330,MATCH,26884.61,36.17%,10.59,6290.94,3.85%,Blinkit,Apr-25
Nov-24, Zepto,North,BEC-GB-001,BEC-GB-001,225,33525,9754.3,3435.01,7,Garbage Bags,149,70,MATCH,23770.7,33.74%,9.76,4585.69,3.11%,Zepto,Nov-24
Aug-24,Flipkart,North,BEC-KT-002,BEC-KT-002,90,37800,11149.95,3439.16,2,Kitchen Towel,420,205,MATCH,26650.05,30.77%,10.99,4760.89,2.22%,Flipkart,Aug-24
Mar-24,Blinkit,North,BEC-KT-001,BEC-KT-001,284,45440,7672.36,3439.9,9,Kitchen Towel,160,78,MATCH,37767.64,41.35%,13.21,12175.74,3.17%,Blinkit,Mar-24
Dec-24,Flipkart,South,BEC-GB-002,BEC-GB-002,167,29893,4178.51,3443.29,8,Garbage Bags,179,86,MATCH,25714.49,44.15%,8.68,7909.2,4.79%,Flipkart,Dec-24
Feb-25,Amazon,South,BEC-KT-001,BEC-KT-001,245,39200,6965.51,3446.26,7,Kitchen Towel,160,78,MATCH,32234.49,40.72%,11.37,9678.23,2.86%,Amazon,Feb-25
Mar-25,Amazon,South,BEC-BW-002,BEC-BW-002,183,32025,1622.9,3447.6,9,Bake & Wrap,175,92,MATCH,30402.1,44.62%,9.29,10118.5,4.92%,Amazon,Mar-25
Apr-24,Flipkart,South,BEC-GB-002,BEC-GB-002,170,30430,3557.76,3459.64,6,Garbage Bags,179,86,MATCH,26872.24,45.59%,8.80,8792.6,3.53%,Flipkart,Apr-24
Sep-24,Amazon ,West,BEC-BW-001,BEC-BW-001,225,49500,6786.24,3460.45,8,Bake & Wrap,220,118,MATCH,42713.76,37.84%,14.30,12703.31,3.56%,Amazon,Sep-24
Jul-24,Amazon ,West,BEC-BW-001,BEC-BW-001,177,38940,10631.73,3463.02,7,Bake & Wrap,220,118,MATCH,28308.27,26.22%,11.24,3959.25,3.95%,Amazon,Jul-24
Apr-24,Flipkart,North,BEC-KT-001,BEC-KT-001,172,27520,3182.31,3466.45,4,Kitchen Towel,160,78,MATCH,24337.69,44.88%,7.94,7455.24,2.33%,Flipkart,Apr-24
May-25,Swiggy Instamart,South,BEC-TIS-002,BEC-TIS-002,189,34020,6178.54,3466.98,9,Tissues,180,95,MATCH,27841.46,35.51%,9.81,6419.48,4.76%,Swiggy Instamart,May-25
Nov-24,Amazon,North,BEC-TIS-002,BEC-TIS-002,308,55440,2942.93,3467.21,17,Tissues,180,95,MATCH,52497.07,44.26%,15.99,19769.86,5.52%,Amazon,Nov-24
Sep-24,Blinkit,North,BEC-BW-001,BEC-BW-001,126,27720,4108.58,3471.09,5,Bake & Wrap,220,118,MATCH,23611.42,37.03%,7.99,5272.33,3.97%,Blinkit,Sep-24
Jun-24,Amazon,North,BEC-CMB-001,BEC-CMB-001,71,49629,10498.25,3478.48,2,Others,699,330,MATCH,39130.75,40.12%,14.27,12222.27,2.82%,Amazon,Jun-24
Oct-24,Flipkart,West,BEC-KT-001,BEC-KT-001,190,30400,5368.17,3480.15,9,Kitchen Towel,160,78,MATCH,25031.83,40.80%,8.74,6731.68,4.74%,Flipkart,Oct-24
Jun-25, Zepto,West,BEC-BW-002,BEC-BW-002,202,35350,10286.28,3480.41,9,Bake & Wrap,175,92,MATCH,25063.72,25.85%,10.16,2999.31,4.46%,Zepto,Jun-25
Aug-24,Amazon,West,BEC-BW-002,BEC-BW-002,230,40250,7895.96,3482.48,9,Bake & Wrap,175,92,MATCH,32354.04,34.60%,11.56,7711.56,3.91%,Amazon,Aug-24
May-25,Amazon,South,BEC-BW-001,BEC-BW-001,161,35420,2846.9,3485.55,8,Bake & Wrap,220,118,MATCH,32573.1,41.68%,10.16,10089.55,4.97%,Amazon,May-25
Mar-24,D2C,North,BEC-KT-001,BEC-KT-001,178,28480,3545.42,3486.1,25,Kitchen Towel,160,78,MATCH,24934.58,44.32%,8.17,7564.48,14.04%,D2C,Mar-24
Jan-24,D2C,North,BEC-GB-002,BEC-GB-002,174,31146,3685.12,3486.8,23,Garbage Bags,179,86,MATCH,27460.88,45.51%,8.93,9010.08,13.22%,D2C,Apr-24
Oct-24,Swiggy Instamart,South,BEC-CLN-004,BEC-CLN-004,152,"15,048",920.72,3487.67,8,Cleaners,99,44,MATCH,14127.28,52.66%,4.31,3951.61,5.26%,Swiggy Instamart,Oct-24
Mar-25,Zepto,North,BEC-TIS-002,BEC-TIS-002,352,63360,14660.12,3488.04,21,Tissues,180,95,MATCH,48699.88,31.33%,18.16,11771.84,5.97%,Zepto,Mar-25
May-25,Amazon,West,BEC-BW-001,BEC-BW-001,225,49500,11409.04,3490.54,10,Bake & Wrap,220,118,MATCH,38090.96,30.30%,14.18,8050.42,4.44%,Amazon,May-25
Aug-24,Blinkit,South,BEC-KT-002,BEC-KT-002,98,41160,7508.54,3500.11,3,Kitchen Towel,420,205,MATCH,33651.46,40.30%,11.76,10061.35,3.06%,Blinkit,Aug-24
Sep-24,D2C,West,BEC-KT-002,BEC-KT-002,130,54600,7158.44,3500.41,14,Kitchen Towel,420,205,MATCH,47441.56,43.83%,15.60,17291.15,10.77%,D2C,Sep-24
May-25,Blinkit,North,  BEC-BW-002,BEC-BW-002,151,26425,2446.09,3500.66,6,Bake & Wrap,175,92,MATCH,23978.91,42.07%,7.55,6586.25,3.97%,Blinkit,May-25
Jun-25,Blinkit,North,BEC-TIS-001,BEC-TIS-001,330,31350,3692.82,3503.89,11,Tissues,95,42,MATCH,27657.18,49.89%,8.95,10293.29,3.33%,Blinkit,Jun-25
Apr-25,Swiggy Instamart,North,BEC-TIS-002,BEC-TIS-002,213,38340,11174.77,3510.81,11,Tissues,180,95,MATCH,27165.23,25.51%,10.92,3419.42,5.16%,Swiggy Instamart,Apr-25
May-24,Amazon,North,BEC-BW-001,BEC-BW-001,135,29700,3897.5,3512.3,4,Bake & Wrap,220,118,MATCH,25802.5,38.26%,8.46,6360.2,2.96%,Amazon,May-24
May-25,Zepto,South,BEC-GB-002,BEC-GB-002,198,35442,2063.01,3513.94,11,Garbage Bags,179,86,MATCH,33378.99,48.99%,10.09,12837.05,5.56%,Zepto,May-25
Jun-24,Amazon ,North,  BEC-GB-002,BEC-GB-002,307,54953,6302.1,3517.44,14,Garbage Bags,179,86,MATCH,48650.9,45.73%,15.62,18731.46,4.56%,Amazon,Jun-24
Feb-25,Amazon ,West,BEC-BW-002,BEC-BW-002,267,46725,11462.98,3517.65,6,Bake & Wrap,175,92,MATCH,35262.02,30.34%,13.28,7180.37,2.25%,Amazon,Feb-25
Sep-24,Amazon ,South,BEC-KT-001,BEC-KT-001,232,37120,6021.88,3519.72,9,Kitchen Towel,160,78,MATCH,31098.12,41.81%,10.55,9482.4,3.88%,Amazon,Sep-24
Feb-24,Amazon ,West,BEC-BW-001,BEC-BW-001,260,57200,9494.34,3522.43,9,Bake & Wrap,220,118,MATCH,47705.66,35.69%,16.24,13503.23,3.46%,Amazon,Feb-24
Apr-24,Swiggy Instamart,West,BEC-KT-002,BEC-KT-002,121,50820,12157.63,3525.04,6,Kitchen Towel,420,205,MATCH,38662.37,35.84%,14.42,10332.33,4.96%,Swiggy Instamart,Apr-24
Jan-25,Amazon,North,BEC-GB-002,BEC-GB-002,317,56743,16399.84,3529.86,16,Garbage Bags,179,86,MATCH,40343.16,32.42%,16.08,9551.3,5.05%,Amazon,Jan-25
Feb-25,Blinkit,North,BEC-BW-001,BEC-BW-001,137,30140,3746.72,3530.69,7,Bake & Wrap,220,118,MATCH,26393.28,38.75%,8.54,6696.59,5.11%,Blinkit,Feb-25
Feb-24,D2C,West,BEC-TIS-002,BEC-TIS-002,276,49680,3917.68,3532.76,41,Tissues,180,95,MATCH,45762.32,42.70%,14.06,16009.56,14.86%,D2C,Feb-24
Jul-24,Flipkart,West,BEC-GB-002,BEC-GB-002,162,28998,5034.04,3533.61,8,Garbage Bags,179,86,MATCH,23963.96,41.86%,8.21,6498.35,4.94%,Flipkart,Jul-24
Mar-24,D2C,West,BEC-TIS-002,BEC-TIS-002,220,39600,2786.8,3533.68,21,Tissues,180,95,MATCH,36813.2,43.23%,11.21,12379.52,9.55%,D2C,Mar-24
Jan-25,Swiggy Instamart,North,BEC-TIS-002,BEC-TIS-002,222,39960,9866.87,3534.97,5,Tissues,180,95,MATCH,30093.13,29.92%,11.30,5468.16,2.25%,Swiggy Instamart,Jan-25
Mar-25,Blinkit,North,BEC-BW-001,BEC-BW-001,182,40040,9842.45,3536.38,8,Bake & Wrap,220,118,MATCH,30197.55,28.88%,11.32,5185.17,4.40%,Blinkit,Mar-25
May-24,Amazon,West,BEC-CMB-001,BEC-CMB-001,90,62910,8445.93,3538.13,2,Others,699,330,MATCH,54464.07,45.47%,17.78,21225.94,2.22%,Amazon,May-24
Apr-25,Flipkart,North,BEC-TIS-002,BEC-TIS-002,287,51660,5126.21,3545.84,11,Tissues,180,95,MATCH,46533.79,41.41%,14.57,15722.95,3.83%,Flipkart,Apr-25
Jul-24,D2C,South,BEC-KT-002,BEC-KT-002,97,40740,5072.33,3546.75,12,Kitchen Towel,420,205,MATCH,35667.67,44.25%,11.49,12235.92,12.37%,D2C,Jul-24
Aug-24,Blinkit,South,BEC-CLN-004,BEC-CLN-004,188,18612,2664.15,3547.93,4,Cleaners,99,44,MATCH,15947.85,48.13%,5.25,4127.92,2.13%,Blinkit,Aug-24
May-24,Flipkart,West,BEC-KT-001,BEC-KT-001,188,30080,5832.38,3548.51,8,Kitchen Towel,160,78,MATCH,24247.62,39.52%,8.48,6035.11,4.26%,Flipkart,May-24
Feb-25,Swiggy Instamart,West,  BEC-BW-001,BEC-BW-001,145,31900,6104.48,3552.94,4,Bake & Wrap,220,118,MATCH,25795.52,33.67%,8.98,5132.58,2.76%,Swiggy Instamart,Feb-25
Apr-24, Zepto,North,BEC-GB-002,BEC-GB-002,269,48151,10945.34,3553.19,6,Garbage Bags,179,86,MATCH,37205.66,37.82%,13.55,10518.47,2.23%,Zepto,Apr-24
Apr-25,Amazon,West,BEC-TIS-001,BEC-TIS-001,724,68780,6732.23,3557.01,41,Tissues,95,42,MATCH,62047.77,50.99%,19.34,28082.76,5.66%,Amazon,Apr-25
Jan-24,Flipkart,West,BEC-GB-002,BEC-GB-002,145,25955,1372.23,3568.85,6,Garbage Bags,179,86,MATCH,24582.77,49.27%,7.27,8543.92,4.14%,Flipkart,Jan-24
Aug-24,Amazon,West,BEC-GB-001,BEC-GB-001,418,62282,14285.89,3569.67,15,Garbage Bags,149,70,MATCH,47996.11,39.04%,17.45,15166.44,3.59%,Amazon,Aug-24
Jan-25,Blinkit,West,BEC-GB-001,BEC-GB-001,274,40826,4093.38,3573.69,8,Garbage Bags,149,70,MATCH,36732.62,47.78%,11.42,13978.93,2.92%,Blinkit,Jan-25
Jun-25, Zepto,South,BEC-GB-002,BEC-GB-002,206,36874,5690.09,3574.17,5,Garbage Bags,179,86,MATCH,31183.91,43.19%,10.32,9893.74,2.43%,Zepto,Jun-25
Nov-24,Amazon,South,BEC-TIS-002,BEC-TIS-002,222,39960,5461.8,3577.95,10,Tissues,180,95,MATCH,34498.2,38.87%,11.17,9830.25,4.50%,Amazon,Nov-24
Feb-24,Zepto,West,BEC-GB-002,BEC-GB-002,223,"39,917",6437.34,3579.6,7,Garbage Bags,179,86,MATCH,33479.66,42.72%,11.15,10722.06,3.14%,Zepto,Feb-24
Jan-24,Amazon,West,BEC-GB-002,BEC-GB-002,466,83414,17584.08,3579.75,24,Garbage Bags,179,86,MATCH,65829.92,39.12%,23.30,22174.17,5.15%,Amazon,Jan-24
Aug-24,Flipkart,North,  BEC-CLN-004,BEC-CLN-004,173,17127,5104.21,3582.54,4,Cleaners,99,44,MATCH,12022.79,36.69%,4.78,828.250000000001,2.31%,Flipkart,Aug-24
Apr-24,Flipkart,South,BEC-CLN-004,BEC-CLN-004,210,20790,3718.36,3586.19,12,Cleaners,99,44,MATCH,17071.64,45.88%,5.80,4245.45,5.71%,Flipkart,Apr-24
Mar-25,Swiggy Instamart,North,BEC-KT-001,BEC-KT-001,175,28000,3263.65,3588.03,7,Kitchen Towel,160,78,MATCH,24736.35,44.82%,7.80,7498.32,4.00%,Swiggy Instamart,Mar-25
Jun-25,Amazon ,North,BEC-GB-001,BEC-GB-001,378,56322,15021.29,3588.92,15,Garbage Bags,149,70,MATCH,41300.71,35.93%,15.69,11251.79,3.97%,Amazon,Jun-25
Feb-24,Blinkit,West,BEC-TIS-001,BEC-TIS-001,387,36765,4709.77,3590.16,14,Tissues,95,42,MATCH,32055.23,49.29%,10.24,12211.07,3.62%,Blinkit,Feb-24
Oct-24,Swiggy Instamart,South,BEC-CLN-002,BEC-CLN-002,104,19240,3243.99,3592.09,2,Cleaners,185,88,MATCH,15996.01,42.79%,5.36,3251.92,1.92%,Swiggy Instamart,Oct-24
Feb-25,D2C,West,BEC-BW-001,BEC-BW-001,121,26620,1797.43,3593.32,14,Bake & Wrap,220,118,MATCH,24822.57,42.48%,7.41,6951.25,11.57%,D2C,Feb-25
Mar-24,Amazon,North,BEC-TIS-001,BEC-TIS-001,509,48355,12261.57,3599.05,10,Tissues,95,42,MATCH,36093.43,40.77%,13.44,11116.38,1.96%,Amazon,Mar-24
Jun-24,Zepto,West,BEC-TIS-001,BEC-TIS-001,328,31160,3893.78,3599.27,7,Tissues,95,42,MATCH,27266.22,49.48%,8.66,9890.95,2.13%,Zepto,Jun-24
May-24,Flipkart,North,BEC-CLN-004,BEC-CLN-004,206,20394,2685.68,3603.81,8,Cleaners,99,44,MATCH,17708.32,48.82%,5.66,5040.51,3.88%,Flipkart,May-24
Apr-25,Flipkart,North,BEC-KT-001,BEC-KT-001,191,30560,6280.72,3608.75,6,Kitchen Towel,160,78,MATCH,24279.28,38.64%,8.47,5772.53,3.14%,Flipkart,Apr-25
Jun-25,Amazon,North,BEC-BW-001,BEC-BW-001,156,34320,7469.64,3609.42,7,Bake & Wrap,220,118,MATCH,26850.36,31.44%,9.51,4832.94,4.49%,Amazon,Jun-25
May-25,Amazon,South,BEC-CMB-001,BEC-CMB-001,65,45435,3107.22,3610.79,1,Others,699,330,MATCH,42327.78,49.32%,12.58,17266.99,1.54%,Amazon,May-25
Apr-25,Amazon,West,BEC-KT-001,BEC-KT-001,336,53760,11590.56,3612.92,11,Kitchen Towel,160,78,MATCH,42169.44,37.85%,14.88,12348.52,3.27%,Amazon,Apr-25
Aug-24,Blinkit,West,BEC-TIS-002,BEC-TIS-002,266,47880,5499.74,3615.27,9,Tissues,180,95,MATCH,42380.26,40.37%,13.24,13494.99,3.38%,Blinkit,Aug-24
Aug-24,Blinkit,North,BEC-KT-002,BEC-KT-002,124,52080,12548.89,3617.01,3,Kitchen Towel,420,205,MATCH,39531.11,35.70%,14.40,10494.1,2.42%,Blinkit,Aug-24
Mar-24,Amazon,South,BEC-CMB-001,BEC-CMB-001,53,37047,4018.84,3617.55,2,Others,699,330,MATCH,33028.16,47.05%,10.24,11920.61,3.77%,Amazon,Mar-24
Mar-24,Zepto,West,BEC-KT-001,BEC-KT-001,316,50560,12786.01,3618.7,7,Kitchen Towel,160,78,MATCH,37773.99,34.75%,13.97,9507.29,2.22%,Zepto,Mar-24
May-25,Blinkit,West,BEC-KT-001,BEC-KT-001,293,46880,11941.39,3620.44,12,Kitchen Towel,160,78,MATCH,34938.61,34.59%,12.95,8464.17,4.10%,Blinkit,May-25
Mar-24,Amazon,West,BEC-OTH-001,BEC-OTH-001,218,32482,6184.62,3622.62,9,Others,149,72,MATCH,26297.38,40.31%,8.97,6978.76,4.13%,Amazon,Mar-24
May-24,Flipkart,South,BEC-TIS-002,BEC-TIS-002,172,30960,2647.69,3623.91,8,Tissues,180,95,MATCH,28312.31,42.29%,8.54,8348.4,4.65%,Flipkart,May-24
Apr-24,Flipkart,North,BEC-TIS-002,BEC-TIS-002,231,41580,6015.7,3624.31,9,Tissues,180,95,MATCH,35564.3,38.29%,11.47,9994.99,3.90%,Flipkart,Apr-24
Dec-24,Zepto,South,BEC-GB-002,BEC-GB-002,153,27387,1586.49,3626.58,6,Garbage Bags,179,86,MATCH,25800.51,49.00%,7.55,9015.93,3.92%,Zepto,Dec-24
Jul-24,Amazon,South,BEC-TIS-001,BEC-TIS-001,308,29260,4799.54,3627.59,7,Tissues,95,42,MATCH,24460.46,47.11%,8.07,7896.87,2.27%,Amazon,Jul-24
Sep-24,Zepto,North,BEC-GB-002,BEC-GB-002,180,32220,5050.82,3627.97,6,Garbage Bags,179,86,MATCH,27169.18,43.02%,8.88,8061.21,3.33%,Zepto,Sep-24
Feb-25, Zepto,North,BEC-GB-002,BEC-GB-002,305,54595,3271.4,3628.57,7,Garbage Bags,179,86,MATCH,51323.6,48.89%,15.05,21465.03,2.30%,Zepto,Feb-25
Jun-25,Amazon,North,BEC-CMB-001,BEC-CMB-001,69,48231,12227.58,3629.91,2,Others,699,330,MATCH,36003.42,36.76%,13.29,9603.51,2.90%,Amazon,Jun-25
Apr-25,D2C,North,BEC-TIS-002,BEC-TIS-002,151,27180,744.24,3633,19,Tissues,180,95,MATCH,26435.76,45.74%,7.48,8457.76,12.58%,D2C,Apr-25
Dec-24,D2C,West,BEC-BW-001,BEC-BW-001,120,26400,564.26,3633.58,13,Bake & Wrap,220,118,MATCH,25835.74,45.19%,7.27,8042.16,10.83%,D2C,Dec-24
Aug-24,Flipkart,West,BEC-CMB-001,BEC-CMB-001,38,26562,1358.23,3635.05,1,Others,699,330,MATCH,25203.77,50.25%,7.31,9028.72,2.63%,Flipkart,Aug-24
May-25,Blinkit,South,BEC-GB-001,BEC-GB-001,220,32780,7528.96,3635.2,5,Garbage Bags,149,70,MATCH,25251.04,39.01%,9.02,6215.84,2.27%,Blinkit,May-25
Sep-24,Flipkart,West,BEC-KT-002,BEC-KT-002,144,60480,15162.24,3635.55,6,Kitchen Towel,420,205,MATCH,45317.76,34.86%,16.64,12162.21,4.17%,Flipkart,Sep-24
Apr-25,Swiggy Instamart,South,BEC-TIS-002,BEC-TIS-002,176,31680,1758.42,3638.62,6,Tissues,180,95,MATCH,29921.58,44.12%,8.71,9562.96,3.41%,Swiggy Instamart,Apr-25
May-24,D2C,West,BEC-BW-001,BEC-BW-001,128,28160,1616.55,3639.25,19,Bake & Wrap,220,118,MATCH,26543.45,43.10%,7.74,7800.2,14.84%,D2C,May-24
Apr-25,Zepto,South,BEC-KT-001,BEC-KT-001,203,32480,1812.37,3642.01,9,Kitchen Towel,160,78,MATCH,30667.63,48.37%,8.92,11191.62,4.43%,Zepto,Apr-25
Jan-24,Swiggy Instamart,South,BEC-KT-002,BEC-KT-002,97,40740,5130.58,3643.16,4,Kitchen Towel,420,205,MATCH,35609.42,44.16%,11.18,12081.26,4.12%,Swiggy Instamart,Jan-24
Apr-25,Flipkart,South,BEC-KT-001,BEC-KT-001,181,28960,1967.52,3643.29,9,Kitchen Towel,160,78,MATCH,26992.48,47.70%,7.95,9231.19,4.97%,Flipkart,Apr-25
Feb-25,Flipkart,North,BEC-TIS-002,BEC-TIS-002,204,36720,8981.06,3643.69,8,Tissues,180,95,MATCH,27738.94,30.13%,10.08,4715.25,3.92%,Flipkart,Feb-25
Nov-24,D2C,North,BEC-CLN-004,BEC-CLN-004,168,16632,1078.98,3648.06,23,Cleaners,99,44,MATCH,15553.02,52.47%,4.56,4512.96,13.69%,D2C,Nov-24
Sep-24,Swiggy Instamart,West,BEC-KT-002,BEC-KT-002,124,52080,2938.55,3649.67,3,Kitchen Towel,420,205,MATCH,49141.45,48.27%,14.27,20071.78,2.42%,Swiggy Instamart,Sep-24
Sep-24,Amazon,West,BEC-BW-002,BEC-BW-002,188,32900,7497.13,3655.13,10,Bake & Wrap,175,92,MATCH,25402.87,31.91%,9.00,4451.74,5.32%,Amazon,Sep-24
Nov-24,Blinkit,South,BEC-KT-002,BEC-KT-002,175,73500,18689.52,3656.51,4,Kitchen Towel,420,205,MATCH,54810.48,34.55%,20.10,15278.97,2.29%,Blinkit,Nov-24
Feb-24,Flipkart,North,BEC-TIS-002,BEC-TIS-002,188,33840,8226.06,3661.46,8,Tissues,180,95,MATCH,25613.94,30.27%,9.24,4092.48,4.26%,Flipkart,Feb-24
Aug-24,Blinkit,South,BEC-TIS-002,BEC-TIS-002,231,41580,12002.55,3663.44,12,Tissues,180,95,MATCH,29577.45,25.80%,11.35,3969.01,5.19%,Blinkit,Aug-24
Feb-24,Flipkart,West,BEC-BW-002,BEC-BW-002,153,26775,1856.36,3664.26,8,Bake & Wrap,175,92,MATCH,24918.64,43.51%,7.31,7178.38,5.23%,Flipkart,Feb-24
Apr-24,Blinkit,North,BEC-GB-002,BEC-GB-002,219,39201,5196.66,3664.82,5,Garbage Bags,179,86,MATCH,34004.34,44.61%,10.70,11505.52,2.28%,Blinkit,Apr-24
Sep-24,Blinkit,North,BEC-CLN-004,BEC-CLN-004,254,25146,7154.63,3674.76,7,Cleaners,99,44,MATCH,17991.37,37.88%,6.84,3140.61,2.76%,Blinkit,Sep-24
Feb-24,Zepto,West,BEC-TIS-001,BEC-TIS-001,367,34865,3538.53,3674.97,19,Tissues,95,42,MATCH,31326.47,50.80%,9.49,12237.5,5.18%,Zepto,Feb-24
Oct-24,Swiggy Instamart,West,BEC-GB-002,BEC-GB-002,181,32399,2451.15,3675.95,4,Garbage Bags,179,86,MATCH,29947.85,48.02%,8.81,10705.9,2.21%,Swiggy Instamart,Oct-24
Dec-24,Amazon,North,BEC-TIS-002,BEC-TIS-002,399,71820,4722.87,3678.38,18,Tissues,180,95,MATCH,67097.13,43.51%,19.52,25513.75,4.51%,Amazon,Dec-24
Aug-24,Swiggy Instamart,West,BEC-CLN-004,BEC-CLN-004,185,18315,2092.45,3683.17,10,Cleaners,99,44,MATCH,16222.55,49.82%,4.97,4399.38,5.41%,Swiggy Instamart,Aug-24
Oct-24,Swiggy Instamart,West,BEC-CLN-004,BEC-CLN-004,180,"17,820",1197.82,3683.69,10,Cleaners,99,44,MATCH,16622.18,52.35%,4.84,5018.49,5.56%,Swiggy Instamart,Oct-24
May-25,Amazon,North,  BEC-TIS-002,BEC-TIS-002,441,79380,15054.13,3689.55,25,Tissues,180,95,MATCH,64325.87,34.87%,21.51,18741.32,5.67%,Amazon,May-25
Jan-25,Amazon ,South,BEC-BW-002,BEC-BW-002,170,29750,2868.92,3694.74,9,Bake & Wrap,175,92,MATCH,26881.08,41.82%,8.05,7546.34,5.29%,Amazon,Jan-25
Jan-24,Blinkit,South,BEC-TIS-002,BEC-TIS-002,189,34020,2140.01,3704.39,8,Tissues,180,95,MATCH,31879.99,43.68%,9.18,10220.6,4.23%,Blinkit,Jan-24
May-25,Amazon ,North,BEC-GB-002,BEC-GB-002,422,75538,16140.41,3710.38,8,Garbage Bags,179,86,MATCH,59397.59,38.90%,20.36,19395.21,1.90%,Amazon,May-25
Jul-24,D2C,North,BEC-CLN-004,BEC-CLN-004,149,14751,2024.41,3710.74,22,Cleaners,99,44,MATCH,12726.59,48.49%,3.98,2459.85,14.77%,D2C,Jul-24
Jul-24,D2C,West,BEC-CLN-004,BEC-CLN-004,198,19602,2032.25,3714.39,27,Cleaners,99,44,MATCH,17569.75,50.41%,5.28,5143.36,13.64%,D2C,Jul-24
Dec-24,D2C,West,BEC-GB-002,BEC-GB-002,149,26671,1226.67,3715.42,19,Garbage Bags,179,86,MATCH,25444.33,49.64%,7.18,8914.91,12.75%,D2C,Dec-24
Jun-24,Swiggy Instamart,South,BEC-CLN-001,BEC-CLN-001,115,22885,4416.16,3716.28,6,Cleaners,199,96,MATCH,18468.84,40.22%,6.16,3712.56,5.22%,Swiggy Instamart,Jun-24
Dec-24,D2C,West,BEC-KT-001,BEC-KT-001,180,28800,2591.27,3719.9,25,Kitchen Towel,160,78,MATCH,26208.73,46.43%,7.74,8448.83,13.89%,D2C,Dec-24
Jul-24,Blinkit,West,BEC-TIS-002,BEC-TIS-002,223,40140,6307.93,3720.95,4,Tissues,180,95,MATCH,33832.07,37.38%,10.79,8926.12,1.79%,Blinkit,Jul-24
Dec-24,Zepto,West,BEC-BW-002,BEC-BW-002,190,33250,5762.7,3721.77,10,Bake & Wrap,175,92,MATCH,27487.3,36.41%,8.93,6285.53,5.26%,Zepto,Dec-24
Oct-24,D2C,South,BEC-KT-002,BEC-KT-002,78,32760,4479.7,3724.74,9,Kitchen Towel,420,205,MATCH,28280.3,43.46%,8.80,8565.56,11.54%,D2C,Oct-24
Nov-24,Swiggy Instamart,North,BEC-KT-002,BEC-KT-002,96,40320,9350.3,3729.07,5,Kitchen Towel,420,205,MATCH,30969.7,36.45%,10.81,7560.63,5.21%,Swiggy Instamart,Nov-24
Apr-24,Swiggy Instamart,South,BEC-CLN-002,BEC-CLN-002,132,24420,5324.95,3729.3,7,Cleaners,185,88,MATCH,19095.05,39.17%,6.55,3749.75,5.30%,Swiggy Instamart,Apr-24
Mar-24,Flipkart,South,BEC-CLN-004,BEC-CLN-004,219,21681,4859.94,3735.49,11,Cleaners,99,44,MATCH,16821.06,42.71%,5.80,3449.57,5.02%,Flipkart,Mar-24
Oct-24,Amazon,North,BEC-GB-002,BEC-GB-002,190,34010,3618.53,3739.67,10,Garbage Bags,179,86,MATCH,30391.47,46.23%,9.09,10311.8,5.26%,Amazon,Oct-24
Feb-25, Zepto,South,BEC-KT-001,BEC-KT-001,222,35520,3486.64,3742.08,12,Kitchen Towel,160,78,MATCH,32033.36,45.94%,9.49,10975.28,5.41%,Zepto,Feb-25
Jan-25,D2C,North,BEC-TIS-002,BEC-TIS-002,201,36180,4209.13,3742.36,34,Tissues,180,95,MATCH,31970.87,40.27%,9.67,9133.51,16.92%,D2C,Feb-25
Mar-24,Flipkart,West,BEC-GB-001,BEC-GB-001,210,31290,5059.94,3744.52,12,Garbage Bags,149,70,MATCH,26230.06,43.96%,8.36,7785.54,5.71%,Flipkart,Mar-24
Nov-24,Flipkart,North,BEC-KT-002,BEC-KT-002,116,48720,14039.16,3746.3,5,Kitchen Towel,420,205,MATCH,34680.84,31.43%,13.00,7154.54,4.31%,Flipkart,Nov-24
Apr-25,Zepto,West,BEC-TIS-001,BEC-TIS-001,488,46360,3860.92,3747.65,15,Tissues,95,42,MATCH,42499.08,51.77%,12.37,18255.43,3.07%,Zepto,Apr-25
Oct-24,Blinkit,South,  BEC-TIS-002,BEC-TIS-002,170,30600,2414.45,3749.05,4,Tissues,180,95,MATCH,28185.55,42.70%,8.16,8286.5,2.35%,Blinkit,Oct-24
Oct-24,D2C,West,BEC-TIS-002,BEC-TIS-002,179,32220,4558.29,3749.13,22,Tissues,180,95,MATCH,27661.71,38.53%,8.59,6907.58,12.29%,D2C,Oct-24
Jul-24,Amazon,South,BEC-TIS-002,BEC-TIS-002,273,49140,9666.86,3751.64,14,Tissues,180,95,MATCH,39473.14,34.30%,13.10,9786.5,5.13%,Amazon,Jul-24
Apr-25,Flipkart,South,  BEC-KT-002,BEC-KT-002,165,69300,17519.85,3752.91,8,Kitchen Towel,420,205,MATCH,51780.15,34.68%,18.47,14202.24,4.85%,Flipkart,Apr-25
Mar-25,Flipkart,North,BEC-BW-001,BEC-BW-001,131,28820,3169.67,3756.36,5,Bake & Wrap,220,118,MATCH,25650.33,39.74%,7.67,6435.97,3.82%,Flipkart,Mar-25
Aug-24, Zepto,West,BEC-BW-001,BEC-BW-001,152,33440,7864.24,3756.92,5,Bake & Wrap,220,118,MATCH,25575.76,29.87%,8.90,3882.84,3.29%,Zepto,Aug-24
May-25,Amazon,South,BEC-TIS-001,BEC-TIS-001,379,36005,8339.87,3757.22,11,Tissues,95,42,MATCH,27665.13,42.46%,9.58,7989.91,2.90%,Amazon,May-25
May-24,Flipkart,North,BEC-KT-002,BEC-KT-002,125,52500,5609.99,3758.58,7,Kitchen Towel,420,205,MATCH,46890.01,45.35%,13.97,17506.43,5.60%,Flipkart,May-24
Dec-24,Amazon ,West,BEC-OTH-001,BEC-OTH-001,216,32184,5882.33,3766.73,4,Others,149,72,MATCH,26301.67,40.87%,8.54,6982.94,1.85%,Amazon,Dec-24
Feb-24,Flipkart,West,BEC-CLN-004,BEC-CLN-004,263,26037,5385.4,3768.03,6,Cleaners,99,44,MATCH,20651.6,43.97%,6.91,5311.57,2.28%,Flipkart,Feb-24
Dec-24,Amazon,West,BEC-GB-001,BEC-GB-001,431,64219,9990.12,3772.26,24,Garbage Bags,149,70,MATCH,54228.88,44.37%,17.02,20286.62,5.57%,Amazon,Dec-24
Jan-25,Blinkit,North,BEC-GB-001,BEC-GB-001,322,47978,4660.92,3778.68,8,Garbage Bags,149,70,MATCH,43317.08,47.97%,12.70,16998.4,2.48%,Blinkit,Jan-25
Jun-24,Amazon,South,BEC-BW-001,BEC-BW-001,128,28160,1823.91,3779.28,3,Bake & Wrap,220,118,MATCH,26336.09,42.65%,7.45,7452.81,2.34%,Amazon,Jun-24
Jun-25,D2C,West,BEC-TIS-002,BEC-TIS-002,188,33840,3207.7,3782.06,24,Tissues,180,95,MATCH,30632.3,41.70%,8.95,8990.24,12.77%,D2C,Jun-25
Nov-24,Swiggy Instamart,West,BEC-KT-002,BEC-KT-002,130,54600,10648.65,3786.77,3,Kitchen Towel,420,205,MATCH,43951.35,39.36%,14.42,13514.58,2.31%,Swiggy Instamart,Nov-24
Jun-24,Zepto,South,BEC-CLN-004,BEC-CLN-004,210,20790,4808.28,3787.99,10,Cleaners,99,44,MATCH,15981.72,42.18%,5.49,2953.73,4.76%,Zepto,Jun-24
Jul-24,Blinkit,South,BEC-TIS-002,BEC-TIS-002,177,31860,6497.82,3792.28,3,Tissues,180,95,MATCH,25362.18,33.70%,8.40,4754.9,1.69%,Blinkit,Jul-24
Mar-24,Swiggy Instamart,South,BEC-KT-002,BEC-KT-002,83,34860,8373.35,3793.56,1,Kitchen Towel,420,205,MATCH,26486.65,35.76%,9.19,5678.09,1.20%,Swiggy Instamart,Mar-24
Mar-25,Flipkart,West,BEC-KT-001,BEC-KT-001,184,29440,2745.48,3796.08,8,Kitchen Towel,160,78,MATCH,26694.52,46.24%,7.76,8546.44,4.35%,Flipkart,Mar-25
Apr-24,Blinkit,North,BEC-TIS-002,BEC-TIS-002,359,64620,7435.77,3798.43,20,Tissues,180,95,MATCH,57184.23,40.36%,17.01,19280.8,5.57%,Blinkit,Apr-24
Feb-25, Zepto,West,  BEC-KT-001,BEC-KT-001,296,47360,4282.68,3801.19,7,Kitchen Towel,160,78,MATCH,43077.32,46.40%,12.46,16188.13,2.36%,Zepto,Feb-25
Sep-24,Blinkit,West,BEC-GB-002,BEC-GB-002,262,46898,2822.51,3803.66,12,Garbage Bags,179,86,MATCH,44075.49,48.88%,12.33,17739.83,4.58%,Blinkit,Sep-24
Mar-25,Blinkit,West,BEC-GB-001,BEC-GB-001,328,48872,13549.43,3809.41,17,Garbage Bags,149,70,MATCH,35322.57,35.00%,12.83,8553.16,5.18%,Blinkit,Mar-25
Oct-24,Amazon,West,BEC-TIS-002,BEC-TIS-002,392,70560,18974.55,3811.16,13,Tissues,180,95,MATCH,51585.45,27.81%,18.51,10534.29,3.32%,Amazon,Oct-24
May-24, Zepto,West,BEC-KT-001,BEC-KT-001,257,41120,2148.1,3811.78,13,Kitchen Towel,160,78,MATCH,38971.9,48.56%,10.79,15114.12,5.06%,Zepto,May-24
Sep-24,Zepto,South,BEC-CLN-004,BEC-CLN-004,189,18711,0,3814.51,5,Cleaners,99,44,MATCH,18711,55.56%,4.91,6580.49,2.65%,Zepto,Sep-24
Feb-24,Blinkit,South,BEC-TIS-002,BEC-TIS-002,296,53280,6979.05,3822.04,9,Tissues,180,95,MATCH,46300.95,39.27%,13.94,14358.91,3.04%,Blinkit,Feb-24
Sep-24,Blinkit,North,BEC-TIS-002,BEC-TIS-002,261,46980,7308.07,3822.21,5,Tissues,180,95,MATCH,39671.93,37.50%,12.29,11054.72,1.92%,Blinkit,Sep-24
Sep-24,Amazon,West,BEC-KT-001,BEC-KT-001,358,"57,280",10741.62,3823.2,8,Kitchen Towel,160,78,MATCH,46538.38,40.00%,14.98,14791.18,2.23%,Amazon,Sep-24
Mar-24,Swiggy Instamart,West,BEC-CMB-001,BEC-CMB-001,43,30057,3523.69,3826.15,1,Others,699,330,MATCH,26533.31,46.52%,7.86,8517.16,2.33%,Swiggy Instamart,Mar-24
Jan-24,Blinkit,West,BEC-KT-002,BEC-KT-002,210,88200,16964.88,3829.54,10,Kitchen Towel,420,205,MATCH,71235.12,39.57%,23.03,24355.58,4.76%,Blinkit,Jan-24
Feb-25, Zepto,South,BEC-KT-002,BEC-KT-002,204,85680,19791.35,3830.31,10,Kitchen Towel,420,205,MATCH,65888.65,36.53%,22.37,20238.34,4.90%,Zepto,Feb-25
Jan-24,Amazon,North,BEC-GB-002,BEC-GB-002,247,44213,3554.97,3830.47,5,Garbage Bags,179,86,MATCH,40658.03,47.75%,11.54,15585.56,2.02%,Amazon,Jan-24
Apr-25,Swiggy Instamart,North,BEC-GB-001,BEC-GB-001,197,29353,3448.52,3834.12,11,Garbage Bags,149,70,MATCH,25904.48,46.77%,7.66,8280.36,5.58%,Swiggy Instamart,Apr-25
Apr-25,D2C,South,BEC-CLN-004,BEC-CLN-004,185,18315,2420.43,3834.7,29,Cleaners,99,44,MATCH,15894.57,48.79%,4.78,3919.87,15.68%,D2C,Apr-25
Mar-24,Swiggy Instamart,North,BEC-CLN-004,BEC-CLN-004,233,23067,2905.87,3835.26,5,Cleaners,99,44,MATCH,20161.13,49.15%,6.01,6073.87,2.15%,Swiggy Instamart,Mar-24
Nov-24,Amazon,West,BEC-KT-001,BEC-KT-001,396,63360,5742.55,3836.41,15,Kitchen Towel,160,78,MATCH,57617.45,46.39%,16.52,22893.04,3.79%,Amazon,Nov-24
Nov-24, Zepto,West,BEC-TIS-002,BEC-TIS-002,288,51840,3089.57,3838.34,16,Tissues,180,95,MATCH,48750.43,43.88%,13.51,17552.09,5.56%,Zepto,Nov-24
Jan-24,Blinkit,North,BEC-BW-001,BEC-BW-001,140,30800,3321.65,3840.66,5,Bake & Wrap,220,118,MATCH,27478.35,39.88%,8.02,7117.69,3.57%,Blinkit,Jan-24
Dec-24,Blinkit,West,BEC-CMB-001,BEC-CMB-001,49,34251,5935.44,3843.12,2,Others,699,330,MATCH,28315.56,42.89%,8.91,8302.44,4.08%,Blinkit,Dec-24
May-25,Zepto,South,BEC-GB-001,BEC-GB-001,202,30098,3930.35,3843.38,6,Garbage Bags,149,70,MATCH,26167.65,45.96%,7.83,8184.27,2.97%,Zepto,May-25
Nov-24,Flipkart,South,BEC-CLN-004,BEC-CLN-004,195,19305,4801.52,3849.35,11,Cleaners,99,44,MATCH,14503.48,40.84%,5.02,2074.13,5.64%,Flipkart,Nov-24
Oct-24,Amazon,West,BEC-TIS-001,BEC-TIS-001,441,41895,7464.3,3850.71,20,Tissues,95,42,MATCH,34430.7,46.20%,10.88,12057.99,4.54%,Amazon,Oct-24
May-25, Zepto,South,BEC-TIS-002,BEC-TIS-002,241,43380,11034.17,3852.74,14,Tissues,180,95,MATCH,32345.83,29.22%,11.26,5598.09,5.81%,Zepto,May-25
Sep-24,Flipkart,South,BEC-CLN-004,BEC-CLN-004,168,16632,1416.74,3853.68,3,Cleaners,99,44,MATCH,15215.26,51.42%,4.32,3969.58,1.79%,Flipkart,Sep-24
Dec-24,Blinkit,North,BEC-KT-001,BEC-KT-001,189,30240,4164,3856.18,6,Kitchen Towel,160,78,MATCH,26076,43.47%,7.84,7477.82,3.17%,Blinkit,Dec-24
Sep-24,Zepto,South,BEC-KT-002,BEC-KT-002,126,52920,8320.82,3857.77,2,Kitchen Towel,420,205,MATCH,44599.18,42.08%,13.72,14911.41,1.59%,Zepto,Sep-24
May-25,D2C,North,BEC-GB-002,BEC-GB-002,179,32041,1373.76,3859.43,19,Garbage Bags,179,86,MATCH,30667.24,49.80%,8.30,11413.81,10.61%,D2C,May-25
Feb-24, Zepto,South,BEC-TIS-002,BEC-TIS-002,171,30780,2988.08,3866.75,3,Tissues,180,95,MATCH,27791.92,41.55%,7.96,7680.17,1.75%,Zepto,Feb-24
Feb-24,Blinkit,West,BEC-GB-001,BEC-GB-001,226,33674,1707.1,3870.03,9,Garbage Bags,149,70,MATCH,31966.9,50.51%,8.70,12276.87,3.98%,Blinkit,Feb-24
Dec-24,Flipkart,North,BEC-TIS-002,BEC-TIS-002,246,44280,9981.97,3873.52,14,Tissues,180,95,MATCH,34298.03,31.86%,11.43,7054.51,5.69%,Flipkart,Dec-24
Jun-25,Amazon ,West,BEC-CMB-001,BEC-CMB-001,102,71298,4276.66,3878.49,4,Others,699,330,MATCH,67021.34,49.78%,18.38,29482.85,3.92%,Amazon,Jun-25
Jun-25,Amazon ,West,BEC-CLN-099,BEC-CLN-099,102,71298,4276.66,3878.49,4,NOT FOUND,Not Found,NOT FOUND,NOT FOUND,67021.34,0.00%,18.38,0,3.92%,Amazon,Jun-25
May-25,D2C,West,BEC-TIS-002,BEC-TIS-002,217,39060,5571.16,3879.49,36,Tissues,180,95,MATCH,33488.84,38.44%,10.07,8994.35,16.59%,D2C,May-25
Jun-25,D2C,North,BEC-TIS-002,BEC-TIS-002,235,42300,5750.75,3881.07,21,Tissues,180,95,MATCH,36549.25,38.92%,10.90,10343.18,8.94%,D2C,Jun-25
Jun-24,Flipkart,West,BEC-GB-001,BEC-GB-001,257,38293,6730.2,3883.81,9,Garbage Bags,149,70,MATCH,31562.8,43.00%,9.86,9688.99,3.50%,Flipkart,Jun-24
Mar-25,D2C,North,BEC-GB-002,BEC-GB-002,227,40633,3328.26,3885.95,33,Garbage Bags,179,86,MATCH,37304.74,47.67%,10.46,13896.79,14.54%,D2C,Mar-25
Jan-25,Blinkit,West,BEC-KT-001,BEC-KT-001,305,48800,11925.77,3886.42,8,Kitchen Towel,160,78,MATCH,36874.23,35.48%,12.56,9197.81,2.62%,Blinkit,Jan-25
Feb-25,Flipkart,South,BEC-TIS-002,BEC-TIS-002,168,30240,3197.43,3887.89,6,Tissues,180,95,MATCH,27042.57,40.98%,7.78,7194.68,3.57%,Flipkart,Feb-25
Feb-25,Blinkit,West,BEC-GB-002,BEC-GB-002,257,46003,4765.45,3892.66,13,Garbage Bags,179,86,MATCH,41237.55,46.40%,11.82,15242.89,5.06%,Blinkit,Feb-25
Jun-25,Swiggy Instamart,South,BEC-CLN-004,BEC-CLN-004,195,19305,3598.3,3897.33,4,Cleaners,99,44,MATCH,15706.7,45.37%,4.95,3229.37,2.05%,Swiggy Instamart,Jun-25
Jan-25,Blinkit,West,BEC-BW-001,BEC-BW-001,149,32780,6525.57,3897.52,8,Bake & Wrap,220,118,MATCH,26254.43,33.03%,8.41,4774.91,5.37%,Blinkit,Jan-25
Jan-25,Amazon,South,  BEC-GB-001,BEC-GB-001,342,50958,13289.49,3899.45,14,Garbage Bags,149,70,MATCH,37668.51,36.45%,13.07,9829.06,4.09%,Amazon,Jan-25
Apr-25,Amazon,South,BEC-GB-002,BEC-GB-002,306,54774,12372.66,3900.71,6,Garbage Bags,179,86,MATCH,42401.34,37.94%,14.04,12184.63,1.96%,Amazon,Apr-25
Oct-24,Amazon,West,BEC-CMB-001,BEC-CMB-001,64,44736,5569.03,3906.23,1,Others,699,330,MATCH,39166.97,46.08%,11.45,14140.74,1.56%,Amazon,Oct-24
Oct-24,Amazon ,North,BEC-TIS-002,BEC-TIS-002,298,53640,9667.81,3909.29,16,Tissues,180,95,MATCH,43972.19,35.62%,13.72,11752.9,5.37%,Amazon,Oct-24
Mar-24,Flipkart,North,BEC-TIS-002,BEC-TIS-002,197,35460,6465.98,3910.76,10,Tissues,180,95,MATCH,28994.02,35.45%,9.07,6368.26,5.08%,Flipkart,Mar-24
Jul-24,Blinkit,South,BEC-KT-002,BEC-KT-002,169,70980,10927.22,3915.69,8,Kitchen Towel,420,205,MATCH,60052.78,42.31%,18.13,21492.09,4.73%,Blinkit,Jul-24
Jun-25,Amazon,South,BEC-GB-001,BEC-GB-001,284,42316,3513.62,3918.39,15,Garbage Bags,149,70,MATCH,38802.38,48.77%,10.80,15003.99,5.28%,Amazon,Jun-25
Jun-25,Swiggy Instamart,North,BEC-KT-002,BEC-KT-002,142,59640,15384.84,3918.95,7,Kitchen Towel,420,205,MATCH,44255.16,34.22%,15.22,11226.21,4.93%,Swiggy Instamart,Jun-25
Apr-25,Zepto,North,BEC-KT-001,BEC-KT-001,273,43680,2936.03,3919.75,14,Kitchen Towel,160,78,MATCH,40743.97,47.74%,11.14,15530.22,5.13%,Zepto,Apr-25
Jun-25,D2C,South,BEC-TIS-002,BEC-TIS-002,156,28080,1473.72,3920.63,22,Tissues,180,95,MATCH,26606.28,44.30%,7.16,7865.65,14.10%,D2C,Jun-25
Mar-25,Swiggy Instamart,South,BEC-KT-002,BEC-KT-002,151,63420,16206.7,3920.88,5,Kitchen Towel,420,205,MATCH,47213.3,34.44%,16.17,12337.42,3.31%,Swiggy Instamart,Mar-25
Mar-24,Blinkit,West,BEC-KT-001,BEC-KT-001,381,60960,14362.95,3922.28,13,Kitchen Towel,160,78,MATCH,46597.05,36.22%,15.54,12956.77,3.41%,Blinkit,Mar-24
Jul-24,Blinkit,West,BEC-GB-002,BEC-GB-002,213,38127,5177.75,3925.1,11,Garbage Bags,179,86,MATCH,32949.25,44.41%,9.71,10706.15,5.16%,Blinkit,Jul-24
Dec-24,D2C,West,BEC-CLN-004,BEC-CLN-004,216,21384,2412.87,3926.73,29,Cleaners,99,44,MATCH,18971.13,49.90%,5.45,5540.4,13.43%,D2C,Dec-24
Jan-25,Swiggy Instamart,South,BEC-CLN-001,BEC-CLN-001,124,24676,6863.32,3928.28,6,Cleaners,199,96,MATCH,17812.68,33.17%,6.28,1980.4,4.84%,Swiggy Instamart,Jan-25
Jan-25,Flipkart,North,BEC-TIS-002,BEC-TIS-002,262,47160,3604.59,3931.57,9,Tissues,180,95,MATCH,43555.41,42.85%,12.00,14733.84,3.44%,Flipkart,Jan-25
Jan-24,Blinkit,North,BEC-CMB-001,BEC-CMB-001,52,36348,8296.65,3931.58,1,Others,699,330,MATCH,28051.35,38.83%,9.25,6959.77,1.92%,Blinkit,Jan-24
Apr-25, Zepto,West,BEC-GB-001,BEC-GB-001,330,49170,9663.22,3933,9,Garbage Bags,149,70,MATCH,39506.78,41.53%,12.50,12473.78,2.73%,Zepto,Apr-25
Mar-25,Amazon,South,BEC-TIS-001,BEC-TIS-001,363,34485,1752.26,3936.84,10,Tissues,95,42,MATCH,32732.74,53.42%,8.76,13549.9,2.75%,Amazon,Mar-25
Jan-25,Blinkit,North,BEC-GB-002,BEC-GB-002,259,46361,4553.01,3938.32,7,Garbage Bags,179,86,MATCH,41807.99,46.72%,11.77,15595.67,2.70%,Blinkit,Jan-25
Aug-24,Swiggy Instamart,North,BEC-CLN-001,BEC-CLN-001,117,23283,3923.67,3944.07,2,Cleaners,199,96,MATCH,19359.33,41.98%,5.90,4183.26,1.71%,Swiggy Instamart,Aug-24
Dec-24,Amazon,South,BEC-TIS-002,BEC-TIS-002,291,52380,12983.91,3948.48,16,Tissues,180,95,MATCH,39396.09,29.83%,13.27,7802.61,5.50%,Amazon,Dec-24
Dec-24,Swiggy Instamart,North,BEC-CLN-004,BEC-CLN-004,196,19404,4490.85,3948.57,8,Cleaners,99,44,MATCH,14913.15,42.17%,4.91,2340.58,4.08%,Swiggy Instamart,Dec-24
Apr-25,Zepto,West,BEC-TIS-002,BEC-TIS-002,299,53820,14564.54,3952.9,7,Tissues,180,95,MATCH,39255.46,27.64%,13.62,6897.56,2.34%,Zepto,Apr-25
Apr-24,Swiggy Instamart,South,BEC-KT-002,BEC-KT-002,102,42840,6178.39,3954.49,2,Kitchen Towel,420,205,MATCH,36661.61,42.96%,10.83,11797.12,1.96%,Swiggy Instamart,Apr-24
Jan-24,Blinkit,North,BEC-KT-001,BEC-KT-001,241,38560,4152.3,3956.65,9,Kitchen Towel,160,78,MATCH,34407.7,45.37%,9.75,11653.05,3.73%,Blinkit,Jan-24
Feb-25,D2C,North,BEC-GB-001,BEC-GB-001,220,32780,699.02,3968.49,24,Garbage Bags,149,70,MATCH,32080.98,52.00%,8.26,12712.49,10.91%,D2C,Feb-25
May-24,Blinkit,North,BEC-TIS-002,BEC-TIS-002,306,55080,13846.52,3970.3,9,Tissues,180,95,MATCH,41233.48,29.50%,13.87,8193.18,2.94%,Blinkit,May-24
Jan-24,Zepto,South,BEC-CLN-004,BEC-CLN-004,219,21681,6463.37,3974.42,6,Cleaners,99,44,MATCH,15217.63,36.68%,5.46,1607.21,2.74%,Zepto,Jan-24
Apr-24,Blinkit,North,BEC-BW-002,BEC-BW-002,173,30275,3010.77,3975.49,8,Bake & Wrap,175,92,MATCH,27264.23,41.62%,7.62,7372.74,4.62%,Blinkit,Apr-24
May-24,D2C,West,BEC-GB-001,BEC-GB-001,250,37250,2405.78,3976.8,33,Garbage Bags,149,70,MATCH,34844.22,49.78%,9.37,13367.42,13.20%,D2C,May-24
Jan-24,D2C,West,BEC-KT-001,BEC-KT-001,219,35040,4584.69,3977.7,34,Kitchen Towel,160,78,MATCH,30455.31,43.91%,8.81,9395.61,15.53%,D2C,Jan-24
Aug-24,D2C,North,BEC-KT-002,BEC-KT-002,130,54600,7416.35,3979.32,12,Kitchen Towel,420,205,MATCH,47183.65,43.52%,13.72,16554.33,9.23%,D2C,Aug-24
Jul-24,Flipkart,North,BEC-CLN-004,BEC-CLN-004,217,21483,1699.44,3982.53,9,Cleaners,99,44,MATCH,19783.56,51.74%,5.39,6253.03,4.15%,Flipkart,Jul-24
Jul-24,Amazon,North,BEC-TIS-002,BEC-TIS-002,265,47700,3558.49,3983.64,12,Tissues,180,95,MATCH,44141.51,42.97%,11.97,14982.87,4.53%,Amazon,Jul-24
Apr-24,Blinkit,West,BEC-GB-001,BEC-GB-001,268,39932,4623.5,3984.38,9,Garbage Bags,149,70,MATCH,35308.5,46.87%,10.02,12564.12,3.36%,Blinkit,Apr-24
Oct-24, Zepto,North,BEC-KT-002,BEC-KT-002,121,50820,5706.27,3990.02,4,Kitchen Towel,420,205,MATCH,45113.73,45.02%,12.74,16318.71,3.31%,Zepto,Oct-24
Sep-24,Amazon,North,BEC-CMB-001,BEC-CMB-001,56,39144,3924.02,3990.77,1,Others,699,330,MATCH,35219.98,47.53%,9.81,12749.21,1.79%,Amazon,Sep-24
Apr-24,Blinkit,West,BEC-TIS-002,BEC-TIS-002,308,55440,7004.07,3992.53,17,Tissues,180,95,MATCH,48435.93,39.59%,13.89,15183.4,5.52%,Blinkit,Apr-24
Dec-24,Amazon ,North,BEC-BW-001,BEC-BW-001,203,44660,10479.13,4000.12,4,Bake & Wrap,220,118,MATCH,34180.87,29.92%,11.16,6226.75,1.97%,Amazon,Dec-24
Apr-24,Blinkit,South,BEC-TIS-002,BEC-TIS-002,307,55260,3972.52,4002.94,17,Tissues,180,95,MATCH,51287.48,43.13%,13.80,18119.54,5.54%,Blinkit,Apr-24
May-24,Blinkit,West,BEC-KT-001,BEC-KT-001,288,46080,13441.94,4003.55,6,Kitchen Towel,160,78,MATCH,32638.06,31.17%,11.51,6170.51,2.08%,Blinkit,May-24
Feb-25,Blinkit,South,BEC-GB-001,BEC-GB-001,243,36207,2674.66,4005.4,10,Garbage Bags,149,70,MATCH,33532.34,49.27%,9.04,12516.94,4.12%,Blinkit,Feb-25
Oct-24,Amazon ,South,BEC-CMB-001,BEC-CMB-001,47,32853,3915.3,4009.62,1,Others,699,330,MATCH,28937.7,46.40%,8.19,9418.08,2.13%,Amazon,Oct-24
Apr-25,Blinkit,West,BEC-TIS-001,BEC-TIS-001,364,34580,5665.22,4010.18,8,Tissues,95,42,MATCH,28914.78,47.13%,8.62,9616.6,2.20%,Blinkit,Apr-25
Jul-24,Flipkart,South,BEC-CLN-002,BEC-CLN-002,136,25160,7121.64,4018.36,5,Cleaners,185,88,MATCH,18038.36,33.65%,6.26,2052,3.68%,Flipkart,Jul-24
Jul-24,Swiggy Instamart,South,BEC-CLN-002,BEC-CLN-002,127,23495,5345.45,4018.37,4,Cleaners,185,88,MATCH,18149.55,38.42%,5.85,2955.18,3.15%,Swiggy Instamart,Jul-24
Mar-24,Blinkit,West,BEC-CMB-001,BEC-CMB-001,61,"42,639",4586.79,4020.6,3,Others,699,330,MATCH,38052.21,47.10%,10.61,13901.61,4.92%,Blinkit,Mar-24
Mar-25,Swiggy Instamart,North,BEC-GB-002,BEC-GB-002,199,35621,4052.62,4022.41,7,Garbage Bags,179,86,MATCH,31568.38,45.79%,8.86,10431.97,3.52%,Swiggy Instamart,Mar-25
Oct-24,Blinkit,South,BEC-KT-002,BEC-KT-002,137,57540,10015.74,4027.64,7,Kitchen Towel,420,205,MATCH,47524.26,40.90%,14.29,15411.62,5.11%,Blinkit,Oct-24
Nov-24,Zepto,North,BEC-GB-002,BEC-GB-002,208,37232,10362.24,4029.07,11,Garbage Bags,179,86,MATCH,26869.76,33.43%,9.24,4952.69,5.29%,Zepto,Nov-24
Sep-24,Amazon,South,BEC-GB-001,BEC-GB-001,215,32035,4209.78,4032.73,5,Garbage Bags,149,70,MATCH,27825.22,45.91%,7.94,8742.49,2.33%,Amazon,Sep-24
Mar-24,Flipkart,West,BEC-TIS-002,BEC-TIS-002,221,39780,5083.26,4033.55,6,Tissues,180,95,MATCH,34696.74,39.49%,9.86,9668.19,2.71%,Flipkart,Mar-24
Jun-25,Blinkit,West,BEC-GB-002,BEC-GB-002,325,58175,9695.34,4039.55,12,Garbage Bags,179,86,MATCH,48479.66,42.35%,14.40,16490.11,3.69%,Blinkit,Jun-25
Jul-24,Zepto,South,BEC-CLN-004,BEC-CLN-004,184,18216,1995.77,4039.61,11,Cleaners,99,44,MATCH,16220.23,50.09%,4.51,4084.62,5.98%,Zepto,Jul-24
Mar-24,Zepto,South,BEC-GB-002,BEC-GB-002,204,36516,3872.32,4042.88,9,Garbage Bags,179,86,MATCH,32643.68,46.26%,9.03,11056.8,4.41%,Zepto,Mar-24
Jan-24,Amazon,North,BEC-CMB-001,BEC-CMB-001,74,51726,7808.17,4046.05,2,Others,699,330,MATCH,43917.83,44.40%,12.78,15451.78,2.70%,Amazon,Jan-24
Feb-25, Zepto,North,BEC-KT-001,BEC-KT-001,246,39360,6919.91,4048.61,12,Kitchen Towel,160,78,MATCH,32440.09,40.85%,9.72,9203.48,4.88%,Zepto,Feb-25
Dec-24, Zepto,South,BEC-CLN-004,BEC-CLN-004,197,19503,5484.66,4057.34,10,Cleaners,99,44,MATCH,14018.34,38.17%,4.81,1293,5.08%,Zepto,Dec-24
Feb-24,Amazon,South,BEC-CMB-001,BEC-CMB-001,60,41940,9759.96,4058.8,1,Others,699,330,MATCH,32180.04,38.47%,10.33,8321.24,1.67%,Amazon,Feb-24
Nov-24,Blinkit,South,BEC-TIS-002,BEC-TIS-002,227,40860,3500.52,4064.82,6,Tissues,180,95,MATCH,37359.48,42.28%,10.05,11729.66,2.64%,Blinkit,Nov-24
Nov-24,Swiggy Instamart,North,BEC-CLN-004,BEC-CLN-004,171,16929,1145.73,4088.6,8,Cleaners,99,44,MATCH,15783.27,52.33%,4.14,4170.67,4.68%,Swiggy Instamart,Nov-24
Dec-24,Blinkit,West,BEC-TIS-002,BEC-TIS-002,380,68400,7842.93,4089.33,15,Tissues,180,95,MATCH,60557.07,40.39%,16.73,20367.74,3.95%,Blinkit,Dec-24
Jul-24,Zepto,West,BEC-KT-002,BEC-KT-002,164,68880,13612.85,4093.35,6,Kitchen Towel,420,205,MATCH,55267.15,39.17%,16.83,17553.8,3.66%,Zepto,Jul-24
Feb-24,Flipkart,North,BEC-KT-002,BEC-KT-002,125,52500,14762.71,4094.21,4,Kitchen Towel,420,205,MATCH,37737.29,32.10%,12.82,8018.08,3.20%,Flipkart,Feb-24
Dec-24,Amazon,North,BEC-KT-001,BEC-KT-001,330,52800,15711.85,4096.97,15,Kitchen Towel,160,78,MATCH,37088.15,30.60%,12.89,7251.18,4.55%,Amazon,Dec-24
Apr-25,Amazon,South,BEC-GB-001,BEC-GB-001,234,34866,2619.03,4102.91,9,Garbage Bags,149,70,MATCH,32246.97,49.20%,8.50,11764.06,3.85%,Amazon,Apr-25
Feb-25, Zepto,West,BEC-BW-001,BEC-BW-001,181,39820,7502.25,4106.01,5,Bake & Wrap,220,118,MATCH,32317.75,33.91%,9.70,6853.74,2.76%,Zepto,Feb-25
May-25,Blinkit,North,BEC-KT-001,BEC-KT-001,292,46720,4865.25,4109.82,13,Kitchen Towel,160,78,MATCH,41854.75,45.58%,11.37,14968.93,4.45%,Blinkit,May-25
May-25,Flipkart,North,BEC-CLN-004,BEC-CLN-004,253,25047,4219.05,4115.11,10,Cleaners,99,44,MATCH,20827.95,46.55%,6.09,5580.84,3.95%,Flipkart,May-25
May-24,Flipkart,West,BEC-CLN-004,BEC-CLN-004,241,23859,6500.81,4115.99,12,Cleaners,99,44,MATCH,17358.19,38.91%,5.80,2638.2,4.98%,Flipkart,May-24
Jun-25,Zepto,South,BEC-KT-001,BEC-KT-001,208,33280,2071.56,4117.05,6,Kitchen Towel,160,78,MATCH,31208.44,48.01%,8.08,10867.39,2.88%,Zepto,Jun-25
Jun-24,Flipkart,South,BEC-CLN-004,BEC-CLN-004,186,18414,2255.26,4121.79,3,Cleaners,99,44,MATCH,16158.74,49.35%,4.47,3852.95,1.61%,Flipkart,Jun-24
Mar-25,Amazon,North,BEC-CMB-001,BEC-CMB-001,82,57318,7279.35,4129.64,2,Others,699,330,MATCH,50038.65,45.92%,13.88,18849.01,2.44%,Amazon,Mar-25
Jan-24,D2C,North,BEC-CLN-004,BEC-CLN-004,204,20196,2828.4,4130.94,22,Cleaners,99,44,MATCH,17367.6,48.32%,4.89,4260.66,10.78%,D2C,Jan-24
Feb-24,Swiggy Instamart,North,BEC-CLN-004,BEC-CLN-004,215,21285,5499.71,4132.69,5,Cleaners,99,44,MATCH,15785.29,40.07%,5.15,2192.6,2.33%,Swiggy Instamart,Feb-24
Apr-25,Blinkit,West,BEC-KT-001,BEC-KT-001,313,50080,7306.18,4133.63,14,Kitchen Towel,160,78,MATCH,42773.82,42.92%,12.12,14226.19,4.47%,Blinkit,Apr-25
Jan-24,Amazon,North,BEC-KT-001,BEC-KT-001,291,46560,2545.72,4137.89,7,Kitchen Towel,160,78,MATCH,44014.28,48.43%,11.25,17178.39,2.41%,Amazon,Jan-24
May-24,D2C,South,BEC-CLN-004,BEC-CLN-004,221,21879,2742.49,4146.08,19,Cleaners,99,44,MATCH,19136.51,49.19%,5.28,5266.43,8.60%,D2C,May-24
Jan-24, Zepto,North,BEC-GB-001,BEC-GB-001,252,37548,4290.01,4148.23,14,Garbage Bags,149,70,MATCH,33257.99,46.96%,9.05,11469.76,5.56%,Zepto,Jan-24
May-24,Amazon,South,BEC-GB-001,BEC-GB-001,320,47680,5781.96,4155.19,8,Garbage Bags,149,70,MATCH,41898.04,46.54%,11.47,15342.85,2.50%,Amazon,May-24
Sep-24,Flipkart,North,BEC-CLN-004,BEC-CLN-004,201,19899,1639.99,4157.78,8,Cleaners,99,44,MATCH,18259.01,51.56%,4.79,5257.23,3.98%,Flipkart,Sep-24
Apr-24,Flipkart,North,BEC-GB-002,BEC-GB-002,182,32578,4176.15,4158.96,7,Garbage Bags,179,86,MATCH,28401.85,44.89%,7.83,8590.89,3.85%,Flipkart,Apr-24
Jun-24, Zepto,North,BEC-TIS-002,BEC-TIS-002,266,47880,14013.56,4166.41,14,Tissues,180,95,MATCH,33866.44,25.38%,11.49,4430.03,5.26%,Zepto,Jun-24
Aug-24,Amazon,South,BEC-TIS-002,BEC-TIS-002,319,57420,4856.43,4168.93,14,Tissues,180,95,MATCH,52563.57,42.35%,13.77,18089.64,4.39%,Amazon,Aug-24
Feb-25,Amazon ,North,BEC-CMB-001,BEC-CMB-001,87,60813,10417.7,4169.2,3,Others,699,330,MATCH,50395.3,43.03%,14.59,17516.1,3.45%,Amazon,Feb-25
Mar-25,Flipkart,North,BEC-GB-001,BEC-GB-001,205,30545,1686.3,4171.98,5,Garbage Bags,149,70,MATCH,28858.7,50.27%,7.32,10336.72,2.44%,Flipkart,Mar-25
May-24,Swiggy Instamart,North,BEC-CLN-002,BEC-CLN-002,141,26085,3230.03,4173.45,3,Cleaners,185,88,MATCH,22854.97,45.71%,6.25,6273.52,2.13%,Swiggy Instamart,May-24
Aug-24,D2C,South,BEC-CLN-001,BEC-CLN-001,113,22487,3106.46,4174.43,10,Cleaners,199,96,MATCH,19380.54,44.03%,5.39,4358.11,8.85%,D2C,Aug-24
Feb-25,Blinkit,North,BEC-GB-002,BEC-GB-002,286,51194,11758.59,4177.03,14,Garbage Bags,179,86,MATCH,39435.41,37.63%,12.26,10662.38,4.90%,Blinkit,Feb-25
Nov-24,Amazon ,North,BEC-GB-001,BEC-GB-001,226,33674,5652.46,4178.26,10,Garbage Bags,149,70,MATCH,28021.54,43.54%,8.06,8023.28,4.42%,Amazon,Nov-24
May-25,Blinkit,North,BEC-TIS-002,BEC-TIS-002,382,68760,18098.19,4183.03,7,Tissues,180,95,MATCH,50661.81,28.37%,16.44,10188.78,1.83%,Blinkit,May-25
Mar-25,Amazon ,West,BEC-TIS-001,BEC-TIS-001,575,54625,16312.39,4185.37,33,Tissues,95,42,MATCH,38312.61,36.97%,13.05,9977.24,5.74%,Amazon,Mar-25
Jan-25, Zepto,West,BEC-KT-001,BEC-KT-001,266,42560,3808.75,4186.38,12,Kitchen Towel,160,78,MATCH,38751.25,46.46%,10.17,13816.87,4.51%,Zepto,Jan-25
Feb-24,D2C,North,BEC-CLN-004,BEC-CLN-004,185,18315,1402.46,4187.24,24,Cleaners,99,44,MATCH,16912.54,51.87%,4.37,4585.3,12.97%,D2C,Feb-24
Sep-24,Amazon,South,BEC-TIS-002,BEC-TIS-002,183,32940,2368.51,4188.28,6,Tissues,180,95,MATCH,30571.49,43.13%,7.86,8998.21,3.28%,Amazon,Sep-24
Feb-25,Flipkart,West,BEC-CMB-001,BEC-CMB-001,58,40542,3664.08,4192.18,1,Others,699,330,MATCH,36877.92,48.10%,9.67,13545.74,1.72%,Flipkart,Feb-25
Jan-24,Swiggy Instamart,South,BEC-CLN-001,BEC-CLN-001,130,25870,3153.49,4192.23,6,Cleaners,199,96,MATCH,22716.51,45.06%,6.17,6044.28,4.62%,Swiggy Instamart,Jul-24
Jan-24,Swiggy Instamart,West,BEC-KT-002,BEC-KT-002,142,59640,11946.35,4194.41,7,Kitchen Towel,420,205,MATCH,47693.65,38.96%,14.22,14389.24,4.93%,Swiggy Instamart,Jan-24
May-25,Swiggy Instamart,West,BEC-CLN-004,BEC-CLN-004,256,25344,2861.05,4200.61,6,Cleaners,99,44,MATCH,22482.95,49.90%,6.03,7018.34,2.34%,Swiggy Instamart,May-25
Dec-24, Zepto,West,BEC-CMB-001,BEC-CMB-001,55,38445,7040.65,4204.19,1,Others,699,330,MATCH,31404.35,42.21%,9.14,9050.16,1.82%,Zepto,Dec-24
Jan-24,Blinkit,West,BEC-BW-002,BEC-BW-002,209,36575,4679,4210.29,6,Bake & Wrap,175,92,MATCH,31896,39.72%,8.69,8457.71,2.87%,Blinkit,Jan-24
Jun-25,Amazon ,North,BEC-GB-002,BEC-GB-002,340,60860,18129.16,4211.1,13,Garbage Bags,179,86,MATCH,42730.84,31.57%,14.45,9279.74,3.82%,Amazon,Jun-25
Oct-24,Zepto,North,BEC-CLN-004,BEC-CLN-004,200,19800,2150.68,4212.49,8,Cleaners,99,44,MATCH,17649.32,50.14%,4.70,4636.83,4.00%,Zepto,Oct-24
Jun-24,D2C,South,BEC-CLN-004,BEC-CLN-004,193,19107,977.43,4219.04,19,Cleaners,99,44,MATCH,18129.57,53.16%,4.53,5418.53,9.84%,D2C,Jun-24
Jan-24, Zepto,West,BEC-KT-001,BEC-KT-001,226,36160,2272.3,4220.16,12,Kitchen Towel,160,78,MATCH,33887.7,47.98%,8.57,12039.54,5.31%,Zepto,Jan-24
Jun-25,D2C,North,BEC-CLN-004,BEC-CLN-004,232,22968,3421.27,4221.87,26,Cleaners,99,44,MATCH,19546.73,47.78%,5.44,5116.86,11.21%,D2C,Jun-25
Oct-24,Blinkit,West,BEC-CMB-001,BEC-CMB-001,59,41241,10890.52,4227.4,3,Others,699,330,MATCH,30350.48,35.85%,9.76,6653.08,5.08%,Blinkit,Oct-24
Aug-24,Amazon,North,BEC-GB-001,BEC-GB-001,229,34121,3317.37,4231.88,8,Garbage Bags,149,70,MATCH,30803.63,47.96%,8.06,10541.75,3.49%,Amazon,Aug-24
Mar-25,Flipkart,West,BEC-TIS-001,BEC-TIS-001,393,37335,7905.04,4233.18,18,Tissues,95,42,MATCH,29429.96,43.91%,8.82,8690.78,4.58%,Flipkart,Mar-25
Sep-24,Amazon ,West,BEC-GB-001,BEC-GB-001,250,37250,8451.99,4236.64,10,Garbage Bags,149,70,MATCH,28798.01,39.23%,8.79,7061.37,4.00%,Amazon,Sep-24
Feb-25,Blinkit,South,BEC-CLN-004,BEC-CLN-004,263,26037,7670.9,4240.62,14,Cleaners,99,44,MATCH,18366.1,36.99%,6.14,2553.48,5.32%,Blinkit,Feb-25
Apr-24,D2C,South,BEC-CLN-004,BEC-CLN-004,225,22275,2372.73,4244.54,26,Cleaners,99,44,MATCH,19902.27,50.26%,5.25,5757.73,11.56%,D2C,Apr-24
Dec-24,Amazon ,South,BEC-TIS-001,BEC-TIS-001,345,32775,3553.43,4245.14,7,Tissues,95,42,MATCH,29221.57,50.41%,7.72,10486.43,2.03%,Amazon,Dec-24
Jul-24, Zepto,South,BEC-TIS-002,BEC-TIS-002,190,34200,4998.96,4249.81,10,Tissues,180,95,MATCH,29201.04,38.19%,8.05,6901.23,5.26%,Zepto,Jul-24
Sep-24,Amazon,North,BEC-TIS-002,BEC-TIS-002,289,52020,2737.26,4254.73,11,Tissues,180,95,MATCH,49282.74,44.29%,12.23,17573.01,3.81%,Amazon,Sep-24
Jan-25,Zepto,North,BEC-TIS-002,BEC-TIS-002,341,61380,5920.34,4255.76,17,Tissues,180,95,MATCH,55459.66,41.59%,14.42,18808.9,4.99%,Zepto,Jan-25
Feb-25,Flipkart,South,BEC-CLN-004,BEC-CLN-004,208,20592,3774.55,4257.19,7,Cleaners,99,44,MATCH,16817.45,45.58%,4.84,3408.26,3.37%,Flipkart,Feb-25
Apr-24,Amazon,South,  BEC-KT-002,BEC-KT-002,267,112140,32991.34,4258.96,5,Kitchen Towel,420,205,MATCH,79148.66,30.85%,26.33,20154.7,1.87%,Amazon,Apr-24
Mar-24,D2C,North,BEC-GB-002,BEC-GB-002,187,"33,473",3559.9,4259.47,28,Garbage Bags,179,86,MATCH,29913.1,46.24%,7.86,9571.63,14.97%,D2C,Mar-24
Feb-24,Blinkit,West,BEC-TIS-002,BEC-TIS-002,347,62460,12409.56,4259.83,20,Tissues,180,95,MATCH,50050.44,34.14%,14.66,12825.61,5.76%,Blinkit,Feb-24
Jul-24,Swiggy Instamart,North,BEC-KT-002,BEC-KT-002,96,40320,5382.16,4264.04,3,Kitchen Towel,420,205,MATCH,34937.84,43.67%,9.46,10993.8,3.13%,Swiggy Instamart,Jul-24
Nov-24,Zepto,North,BEC-KT-002,BEC-KT-002,195,81900,22556.34,4264.48,7,Kitchen Towel,420,205,MATCH,59343.66,32.64%,19.21,15104.18,3.59%,Zepto,Nov-24
Jan-25,Amazon,West,BEC-GB-002,BEC-GB-002,500,89500,4781.36,4270.68,26,Garbage Bags,179,86,MATCH,84718.64,49.24%,20.96,37447.96,5.20%,Amazon,Jan-25
Jan-24,D2C,South,BEC-CLN-001,BEC-CLN-001,132,26268,0,4274.25,20,Cleaners,199,96,MATCH,26268,51.76%,6.15,9321.75,15.15%,D2C,Jan-24
May-24,Swiggy Instamart,West,BEC-KT-002,BEC-KT-002,137,57540,16123.5,4274.41,2,Kitchen Towel,420,205,MATCH,41416.5,32.19%,13.46,9057.09,1.46%,Swiggy Instamart,May-24
Mar-24,Amazon,North,BEC-GB-001,BEC-GB-001,306,45594,9743.77,4281.21,8,Garbage Bags,149,70,MATCH,35850.23,40.25%,10.65,10149.02,2.61%,Amazon,Mar-24
Mar-24,D2C,South,BEC-CLN-004,BEC-CLN-004,177,17523,2155.34,4285.39,21,Cleaners,99,44,MATCH,15367.66,49.32%,4.09,3294.27,11.86%,D2C,Mar-24
Apr-25, Zepto,North,BEC-TIS-002,BEC-TIS-002,270,48600,6628.17,4286.27,6,Tissues,180,95,MATCH,41971.83,38.89%,11.34,12035.56,2.22%,Zepto,Apr-25
May-24,Blinkit,West,BEC-GB-002,BEC-GB-002,391,69989,9335.19,4287.46,23,Garbage Bags,179,86,MATCH,60653.81,44.56%,16.32,22740.35,5.88%,Blinkit,May-24
Jun-25, Zepto,North,  BEC-TIS-002,BEC-TIS-002,205,36900,3089.52,4290.18,11,Tissues,180,95,MATCH,33810.48,42.40%,8.60,10045.3,5.37%,Zepto,Jun-25
Jul-24, Zepto,West,BEC-GB-002,BEC-GB-002,204,36516,5788.87,4290.46,5,Garbage Bags,179,86,MATCH,30727.13,42.90%,8.51,8892.67,2.45%,Zepto,Jul-24
Jun-25,Swiggy Instamart,West,BEC-GB-002,BEC-GB-002,226,40454,3273.93,4292.24,8,Garbage Bags,179,86,MATCH,37180.07,47.72%,9.42,13451.83,3.54%,Swiggy Instamart,Jun-25
Feb-24,Swiggy Instamart,North,BEC-KT-002,BEC-KT-002,96,40320,10108.07,4293.35,5,Kitchen Towel,420,205,MATCH,30211.93,34.86%,9.39,6238.58,5.21%,Swiggy Instamart,Feb-24
Dec-24,D2C,West,BEC-GB-001,BEC-GB-001,231,34419,1518.26,4294.27,21,Garbage Bags,149,70,MATCH,32900.74,50.85%,8.02,12436.47,9.09%,D2C,Dec-24
Sep-24,Swiggy Instamart,South,BEC-KT-002,BEC-KT-002,86,36120,3636.74,4294.94,3,Kitchen Towel,420,205,MATCH,32483.26,45.73%,8.41,10558.32,3.49%,Swiggy Instamart,Sep-24
Aug-24,Amazon,West,BEC-BW-001,BEC-BW-001,186,40920,12119.81,4298.78,3,Bake & Wrap,220,118,MATCH,28800.19,23.79%,9.52,2553.41,1.61%,Amazon,Aug-24
Jan-25,Flipkart,North,BEC-CLN-004,BEC-CLN-004,257,25443,5152.64,4300.26,15,Cleaners,99,44,MATCH,20290.36,44.27%,5.92,4682.1,5.84%,Flipkart,Jan-25
Jan-24,Amazon ,West,BEC-KT-001,BEC-KT-001,412,65920,7942.26,4303.18,13,Kitchen Towel,160,78,MATCH,57977.74,44.57%,15.32,21538.56,3.16%,Amazon,Jan-24
Oct-24, Zepto,West,BEC-GB-002,BEC-GB-002,276,49404,6425.65,4304.04,16,Garbage Bags,179,86,MATCH,42978.35,44.77%,11.48,14938.31,5.80%,Zepto,Oct-24
Aug-24,D2C,West,BEC-KT-002,BEC-KT-002,155,65100,2592.56,4304.85,24,Kitchen Towel,420,205,MATCH,62507.44,49.17%,15.12,26427.59,15.48%,D2C,Aug-24
Mar-25,Blinkit,South,BEC-KT-001,BEC-KT-001,208,33280,2765.58,4314.66,7,Kitchen Towel,160,78,MATCH,30514.42,46.83%,7.71,9975.76,3.37%,Blinkit,Mar-25
Jun-25,Blinkit,North,BEC-TIS-002,BEC-TIS-002,283,50940,8497.03,4315.46,15,Tissues,180,95,MATCH,42442.97,36.66%,11.80,11242.51,5.30%,Blinkit,Jun-25
Feb-24,Zepto,West,BEC-KT-001,BEC-KT-001,327,52320,10954.72,4318.25,9,Kitchen Towel,160,78,MATCH,41365.28,38.34%,12.12,11541.03,2.75%,Zepto,Feb-24
Aug-24, Zepto,West,BEC-GB-001,BEC-GB-001,270,40230,2034.92,4319.89,15,Garbage Bags,149,70,MATCH,38195.08,50.52%,9.31,14975.19,5.56%,Zepto,Aug-24
Feb-24,Swiggy Instamart,West,BEC-CLN-004,BEC-CLN-004,275,27225,3633.04,4323.98,10,Cleaners,99,44,MATCH,23591.96,48.71%,6.30,7167.98,3.64%,Swiggy Instamart,Feb-24
May-24,Blinkit,West,BEC-BW-001,BEC-BW-001,213,46860,14040.94,4328.56,8,Bake & Wrap,220,118,MATCH,32819.06,23.42%,10.83,3356.5,3.76%,Blinkit,May-24
Mar-25,Flipkart,West,BEC-GB-002,BEC-GB-002,267,47793,12205.77,4330.69,15,Garbage Bags,179,86,MATCH,35587.23,35.48%,11.04,8294.54,5.62%,Flipkart,Mar-25
May-24, Zepto,West,BEC-GB-002,BEC-GB-002,261,46719,13075.86,4332.65,9,Garbage Bags,179,86,MATCH,33643.14,33.28%,10.78,6864.49,3.45%,Zepto,May-24
Sep-24,D2C,West,BEC-GB-002,BEC-GB-002,178,31862,1275.16,4345.58,20,Garbage Bags,179,86,MATCH,30586.84,49.95%,7.33,10933.26,11.24%,D2C,Sep-24
May-25,Blinkit,West,BEC-BW-001,BEC-BW-001,210,46200,6677.93,4346.21,5,Bake & Wrap,220,118,MATCH,39522.07,37.30%,10.63,10395.86,2.38%,Blinkit,May-25
Apr-24,D2C,West,BEC-GB-001,BEC-GB-001,231,34419,1907.84,4351.14,37,Garbage Bags,149,70,MATCH,32511.16,50.26%,7.91,11990.02,16.02%,D2C,Apr-24
Aug-24,D2C,South,BEC-CLN-004,BEC-CLN-004,170,16830,2322.62,4352.1,19,Cleaners,99,44,MATCH,14507.38,48.44%,3.87,2675.28,11.18%,D2C,Aug-24
Feb-25,Zepto,West,BEC-GB-001,BEC-GB-001,263,39187,5200.28,4352.43,11,Garbage Bags,149,70,MATCH,33986.72,45.83%,9.00,11224.29,4.18%,Zepto,Feb-25
May-24,Flipkart,West,BEC-KT-002,BEC-KT-002,141,59220,17138.63,4352.71,6,Kitchen Towel,420,205,MATCH,42081.37,31.31%,13.61,8823.66,4.26%,Flipkart,May-24
Nov-24,Zepto,West,BEC-GB-002,BEC-GB-002,250,44750,11814.68,4355.63,10,Garbage Bags,179,86,MATCH,32935.32,34.72%,10.27,7079.69,4.00%,Zepto,Nov-24
Feb-24,Amazon ,North,BEC-CMB-001,BEC-CMB-001,59,41241,10388.13,4363.52,3,Others,699,330,MATCH,30852.87,36.89%,9.45,7019.35,5.08%,Amazon,Feb-24
Oct-24,D2C,South,BEC-CLN-002,BEC-CLN-002,133,24605,3010.11,4368.24,16,Cleaners,185,88,MATCH,21594.89,45.80%,5.63,5522.65,12.03%,D2C,Oct-24
Feb-24,Flipkart,South,BEC-KT-002,BEC-KT-002,127,53340,12086.39,4369.99,4,Kitchen Towel,420,205,MATCH,41253.61,36.89%,12.21,10848.62,3.15%,Flipkart,Feb-24
Jul-24,Swiggy Instamart,West,BEC-CLN-004,BEC-CLN-004,203,20097,5271.29,4370.1,8,Cleaners,99,44,MATCH,14825.71,39.75%,4.60,1523.61,3.94%,Swiggy Instamart,Jul-24
Dec-24,Amazon,West,BEC-CMB-001,BEC-CMB-001,58,40542,8905.38,4372.27,3,Others,699,330,MATCH,31636.62,39.50%,9.27,8124.35,5.17%,Amazon,Dec-24
Oct-24,D2C,North,BEC-CLN-004,BEC-CLN-004,142,14058,1016.24,4377.35,18,Cleaners,99,44,MATCH,13041.76,52.09%,3.21,2416.41,12.68%,D2C,Oct-24
Dec-24,Amazon,North,BEC-GB-001,BEC-GB-001,359,53491,6208.91,4379.04,17,Garbage Bags,149,70,MATCH,47282.09,46.85%,12.22,17773.05,4.74%,Amazon,Dec-24
Mar-24,Blinkit,North,BEC-GB-002,BEC-GB-002,282,50478,14948.05,4386.43,14,Garbage Bags,179,86,MATCH,35529.95,31.74%,11.51,6891.52,4.96%,Blinkit,Mar-24
Mar-24,Blinkit,West,BEC-GB-001,BEC-GB-001,286,42614,2847.81,4387.61,15,Garbage Bags,149,70,MATCH,39766.19,49.66%,9.71,15358.58,5.24%,Blinkit,Mar-24
Nov-24,Amazon ,North,BEC-TIS-001,BEC-TIS-001,415,39425,7938.07,4389.84,20,Tissues,95,42,MATCH,31486.93,44.64%,8.98,9667.09,4.82%,Amazon,Nov-24
Aug-24,D2C,North,BEC-CLN-004,BEC-CLN-004,149,14751,1621.9,4396.25,13,Cleaners,99,44,MATCH,13129.1,50.07%,3.36,2176.85,8.72%,D2C,Aug-24
Apr-25,Flipkart,North,BEC-CLN-004,BEC-CLN-004,339,33561,9998.7,4398.31,7,Cleaners,99,44,MATCH,23562.3,36.70%,7.63,4247.99,2.06%,Flipkart,Apr-25
Jun-25,Flipkart,North,BEC-KT-002,BEC-KT-002,128,53760,15712.04,4401,3,Kitchen Towel,420,205,MATCH,38047.96,31.03%,12.22,7406.96,2.34%,Flipkart,Jun-25
Sep-24,Swiggy Instamart,South,BEC-CLN-002,BEC-CLN-002,93,17205,3505.06,4402.38,4,Cleaners,185,88,MATCH,13699.94,40.26%,3.91,1113.56,4.30%,Swiggy Instamart,Sep-24
Dec-24,Flipkart,South,BEC-CLN-002,BEC-CLN-002,177,32745,9711.23,4404.8,8,Cleaners,185,88,MATCH,23033.77,32.38%,7.43,3052.97,4.52%,Flipkart,Dec-24
Oct-24,D2C,South,BEC-CLN-004,BEC-CLN-004,157,15543,2325.72,4409.65,25,Cleaners,99,44,MATCH,13217.28,47.74%,3.52,1899.63,15.92%,D2C,Oct-24
May-24,Amazon ,West,  BEC-TIS-001,BEC-TIS-001,437,41515,5627.43,4412.54,20,Tissues,95,42,MATCH,35887.57,48.86%,9.41,13121.03,4.58%,Amazon,May-24
Jun-25,Zepto,South,BEC-CLN-004,BEC-CLN-004,293,29007,5529.24,4414.9,8,Cleaners,99,44,MATCH,23477.76,45.09%,6.57,6170.86,2.73%,Zepto,Jun-25
Feb-24,Amazon,West,BEC-CMB-001,BEC-CMB-001,63,44037,8508.4,4428.92,1,Others,699,330,MATCH,35528.6,41.48%,9.94,10309.68,1.59%,Amazon,Feb-24
Feb-24,D2C,South,BEC-KT-002,BEC-KT-002,100,42000,3191.49,4431.02,16,Kitchen Towel,420,205,MATCH,38808.51,47.18%,9.48,13877.49,16.00%,D2C,Feb-24
Nov-24,Blinkit,North,BEC-TIS-002,BEC-TIS-002,268,48240,10665.76,4431.31,12,Tissues,180,95,MATCH,37574.24,32.24%,10.89,7682.93,4.48%,Blinkit,Nov-24
Feb-25,Blinkit,North,BEC-TIS-002,BEC-TIS-002,238,42840,5047.45,4435.07,12,Tissues,180,95,MATCH,37792.55,40.17%,9.66,10747.48,5.04%,Blinkit,Feb-25
Sep-24,D2C,South,BEC-CLN-001,BEC-CLN-001,98,19502,2802.37,4436.8,15,Cleaners,199,96,MATCH,16699.63,43.66%,4.40,2854.83,15.31%,D2C,Sep-24
Feb-25,Amazon,South,BEC-TIS-001,BEC-TIS-001,392,37240,6340.08,4436.88,12,Tissues,95,42,MATCH,30899.92,46.72%,8.39,9999.04,3.06%,Amazon,Feb-25
Jun-25,Flipkart,North,BEC-CLN-004,BEC-CLN-004,254,25146,2269.99,4439.51,11,Cleaners,99,44,MATCH,22876.01,51.15%,5.66,7260.5,4.33%,Flipkart,Jun-25
Apr-25,Flipkart,North,BEC-KT-002,BEC-KT-002,203,85260,23975.37,4440.86,5,Kitchen Towel,420,205,MATCH,61284.63,32.10%,19.20,15228.77,2.46%,Flipkart,Apr-25
Apr-25,Blinkit,West,BEC-CMB-001,BEC-CMB-001,71,49629,9282.36,4442.55,3,Others,699,330,MATCH,40346.64,41.93%,11.17,12474.09,4.23%,Blinkit,Apr-25
Jan-25,Blinkit,South,BEC-BW-001,BEC-BW-001,148,32560,1830.52,4442.95,4,Bake & Wrap,220,118,MATCH,30729.48,43.17%,7.33,8822.53,2.70%,Blinkit,Jan-25
Jan-24,Blinkit,West,BEC-TIS-001,BEC-TIS-001,351,33345,2276.95,4443.47,20,Tissues,95,42,MATCH,31068.05,52.55%,7.50,11882.58,5.70%,Blinkit,Jan-24
Aug-24, Zepto,South,BEC-CLN-004,BEC-CLN-004,185,18315,4314.77,4465.56,11,Cleaners,99,44,MATCH,14000.23,41.86%,4.10,1394.67,5.95%,Zepto,Aug-24
Jun-25,Amazon,North,BEC-BW-002,BEC-BW-002,193,33775,3953.64,4466.64,5,Bake & Wrap,175,92,MATCH,29821.36,40.46%,7.56,7598.72,2.59%,Amazon,Jun-25
Mar-24,Flipkart,South,BEC-KT-002,BEC-KT-002,153,64260,4591.06,4468.73,4,Kitchen Towel,420,205,MATCH,59668.94,47.43%,14.38,23835.21,2.61%,Flipkart,Mar-24
Jan-25,Blinkit,South,BEC-TIS-002,BEC-TIS-002,267,48060,9209.5,4472.28,5,Tissues,180,95,MATCH,38850.5,34.71%,10.75,9013.22,1.87%,Blinkit,Jan-25
May-24,Blinkit,North,BEC-GB-001,BEC-GB-001,298,44402,7045.99,4472.98,11,Garbage Bags,149,70,MATCH,37356.01,44.16%,9.93,12023.03,3.69%,Blinkit,May-24
Apr-24,Amazon,South,BEC-GB-001,BEC-GB-001,269,40081,8238.71,4475.28,13,Garbage Bags,149,70,MATCH,31842.29,40.86%,8.96,8537.01,4.83%,Amazon,Apr-24
Feb-25,Swiggy Instamart,North,BEC-CLN-004,BEC-CLN-004,286,28314,6852.24,4477.32,6,Cleaners,99,44,MATCH,21461.76,41.37%,6.32,4400.44,2.10%,Swiggy Instamart,Feb-25
Feb-25, Zepto,South,BEC-GB-002,BEC-GB-002,243,43497,11227.29,4477.63,11,Garbage Bags,179,86,MATCH,32269.71,35.24%,9.71,6894.08,4.53%,Zepto,Feb-25
Mar-24,Amazon,South,BEC-KT-001,BEC-KT-001,306,48960,12350.28,4479.85,11,Kitchen Towel,160,78,MATCH,36609.72,34.80%,10.93,8261.87,3.59%,Amazon,Mar-24
Jan-24, Zepto,South,BEC-KT-002,BEC-KT-002,146,61320,13946.79,4486.07,4,Kitchen Towel,420,205,MATCH,47373.21,36.82%,13.67,12957.14,2.74%,Zepto,Jan-24
Jan-24,Swiggy Instamart,West,BEC-CLN-004,BEC-CLN-004,175,17325,1465.7,4487.66,3,Cleaners,99,44,MATCH,15859.3,51.45%,3.86,3671.64,1.71%,Swiggy Instamart,Jan-24
Jan-25,Amazon,West,BEC-GB-001,BEC-GB-001,438,65262,17482.91,4490.09,26,Garbage Bags,149,70,MATCH,47779.09,35.83%,14.53,12629,5.94%,Amazon,Jan-25
Mar-25,D2C,South,BEC-CLN-004,BEC-CLN-004,213,21087,910.3,4490.14,27,Cleaners,99,44,MATCH,20176.7,53.55%,4.70,6314.56,12.68%,D2C,Mar-25
Jan-25, Zepto,South,BEC-CLN-004,BEC-CLN-004,319,31581,9414.97,4492.58,18,Cleaners,99,44,MATCH,22166.03,36.68%,7.03,3637.45,5.64%,Zepto,Jan-25
May-25,Swiggy Instamart,South,BEC-CLN-004,BEC-CLN-004,173,17127,2310.24,4495.52,3,Cleaners,99,44,MATCH,14816.76,48.63%,3.81,2709.24,1.73%,Swiggy Instamart,May-25
Mar-25,Amazon ,North,BEC-GB-002,BEC-GB-002,346,61934,15891.87,4501.84,12,Garbage Bags,179,86,MATCH,46042.13,35.37%,13.76,11784.29,3.47%,Amazon,Mar-25
Feb-24,Amazon,West,BEC-TIS-001,BEC-TIS-001,586,55670,14078.72,4504.06,16,Tissues,95,42,MATCH,41591.28,40.82%,12.36,12475.22,2.73%,Amazon,Feb-24
Nov-24,Zepto,North,BEC-TIS-002,BEC-TIS-002,234,42120,11607.13,4505.25,12,Tissues,180,95,MATCH,30512.87,27.15%,9.35,3777.62,5.13%,Zepto,Nov-24
Apr-25,Amazon,South,BEC-KT-001,BEC-KT-001,247,39520,7454.93,4505.31,13,Kitchen Towel,160,78,MATCH,32065.07,39.92%,8.77,8293.76,5.26%,Amazon,Apr-25
May-25, Zepto,West,BEC-GB-001,BEC-GB-001,399,59451,4902.73,4507.25,16,Garbage Bags,149,70,MATCH,54548.27,48.80%,13.19,22111.02,4.01%,Zepto,May-25
Feb-25,Swiggy Instamart,West,BEC-KT-001,BEC-KT-001,241,38560,7544.79,4518.41,12,Kitchen Towel,160,78,MATCH,31015.21,39.39%,8.53,7698.8,4.98%,Swiggy Instamart,Feb-25
Jun-24,Swiggy Instamart,West,BEC-TIS-002,BEC-TIS-002,198,35640,4971.35,4530.69,9,Tissues,180,95,MATCH,30668.65,38.67%,7.87,7327.96,4.55%,Swiggy Instamart,Jun-24
Jul-24,Swiggy Instamart,North,BEC-CLN-002,BEC-CLN-002,166,30710,6944.01,4530.7,4,Cleaners,185,88,MATCH,23765.99,38.53%,6.78,4627.29,2.41%,Swiggy Instamart,Jul-24
Jul-24,Flipkart,South,BEC-CLN-004,BEC-CLN-004,182,18018,2633.81,4531.86,6,Cleaners,99,44,MATCH,15384.19,47.95%,3.98,2844.33,3.30%,Flipkart,Jul-24
Nov-24,Flipkart,North,BEC-CLN-004,BEC-CLN-004,155,15345,1624.24,4537.47,6,Cleaners,99,44,MATCH,13720.76,50.29%,3.38,2363.29,3.87%,Flipkart,Nov-24
Jul-24,Blinkit,South,BEC-CLN-004,BEC-CLN-004,242,23958,2066.78,4538.77,7,Cleaners,99,44,MATCH,21891.22,51.36%,5.28,6704.45,2.89%,Blinkit,Jul-24
May-25,D2C,South,BEC-CLN-004,BEC-CLN-004,149,14751,795.3,4539.94,17,Cleaners,99,44,MATCH,13955.7,53.02%,3.25,2859.76,11.41%,D2C,May-25
Mar-24,Amazon ,North,BEC-BW-002,BEC-BW-002,220,38500,6704.3,4546.24,5,Bake & Wrap,175,92,MATCH,31795.7,36.34%,8.47,7009.46,2.27%,Amazon,Mar-24
Feb-24,Blinkit,North,BEC-GB-001,BEC-GB-001,250,37250,5901.25,4548.28,7,Garbage Bags,149,70,MATCH,31348.75,44.18%,8.19,9300.47,2.80%,Blinkit,Feb-24
May-24,Swiggy Instamart,West,BEC-CLN-004,BEC-CLN-004,213,21087,4672.23,4550.48,10,Cleaners,99,44,MATCH,16414.77,42.91%,4.63,2492.29,4.69%,Swiggy Instamart,May-24
Aug-24,Blinkit,North,BEC-CLN-004,BEC-CLN-004,281,27819,5808.85,4551.85,10,Cleaners,99,44,MATCH,22010.15,43.83%,6.11,5094.3,3.56%,Blinkit,Aug-24
Apr-25,Blinkit,West,BEC-TIS-002,BEC-TIS-002,335,60300,11356.36,4553.19,15,Tissues,180,95,MATCH,48943.64,34.98%,13.24,12565.45,4.48%,Blinkit,Apr-25
Mar-24,Blinkit,West,BEC-TIS-001,BEC-TIS-001,433,41135,6301.2,4555.43,10,Tissues,95,42,MATCH,34833.8,47.79%,9.03,12092.37,2.31%,Blinkit,Mar-24
Jan-24, Zepto,West,BEC-TIS-002,BEC-TIS-002,233,41940,3813.28,4557.69,8,Tissues,180,95,MATCH,38126.72,41.94%,9.20,11434.03,3.43%,Zepto,Jan-24
May-24,Flipkart,West,BEC-GB-001,BEC-GB-001,264,39336,5590.42,4562.21,14,Garbage Bags,149,70,MATCH,33745.58,45.24%,8.62,10703.37,5.30%,Flipkart,May-24
Jan-25,Flipkart,West,BEC-CLN-004,BEC-CLN-004,270,26730,7921.56,4564.85,7,Cleaners,99,44,MATCH,18808.44,36.84%,5.86,2363.59,2.59%,Flipkart,May-25
May-24, Zepto,South,BEC-KT-002,BEC-KT-002,120,50400,12115.95,4568.01,4,Kitchen Towel,420,205,MATCH,38284.05,35.74%,11.03,9116.04,3.33%,Zepto,May-24
Mar-24,Blinkit,North,BEC-TIS-002,BEC-TIS-002,374,67320,10545.54,4569,11,Tissues,180,95,MATCH,56774.46,37.42%,14.73,16675.46,2.94%,Blinkit,Mar-24
Jun-24,Blinkit,North,BEC-KT-002,BEC-KT-002,262,110040,24859.34,4577.06,12,Kitchen Towel,420,205,MATCH,85180.66,36.95%,24.04,26893.6,4.58%,Blinkit,Jun-24
Aug-24,Zepto,North,BEC-TIS-002,BEC-TIS-002,242,43560,8092.33,4579.06,5,Tissues,180,95,MATCH,35467.67,35.18%,9.51,7898.61,2.07%,Zepto,Aug-24
May-24,Amazon,West,BEC-GB-001,BEC-GB-001,390,58110,4147.81,4582.84,15,Garbage Bags,149,70,MATCH,53962.19,49.41%,12.68,22079.35,3.85%,Amazon,May-24
Jan-25,D2C,West,BEC-GB-001,BEC-GB-001,264,39336,4285.54,4582.94,30,Garbage Bags,149,70,MATCH,35050.46,47.28%,8.58,11987.52,11.36%,D2C,Jan-25
Feb-24,Zepto,West,BEC-TIS-002,BEC-TIS-002,270,48600,14000.43,4585.05,11,Tissues,180,95,MATCH,34599.57,25.87%,10.60,4364.52,4.07%,Zepto,Feb-24
May-24,Blinkit,North,BEC-GB-002,BEC-GB-002,253,45287,11867.29,4588.14,9,Garbage Bags,179,86,MATCH,33419.71,34.89%,9.87,7073.57,3.56%,Blinkit,May-24
Dec-24,Zepto,North,BEC-GB-001,BEC-GB-001,271,40379,2952.44,4590.44,14,Garbage Bags,149,70,MATCH,37426.56,49.31%,8.80,13866.12,5.17%,Zepto,Dec-24
Sep-24,Swiggy Instamart,North,BEC-CLN-004,BEC-CLN-004,196,19404,1218.06,4592.12,5,Cleaners,99,44,MATCH,18185.94,52.58%,4.23,4969.82,2.55%,Swiggy Instamart,Sep-24
Oct-24,Zepto,West,BEC-TIS-002,BEC-TIS-002,211,37980,5516.63,4598.86,10,Tissues,180,95,MATCH,32463.37,38.25%,8.26,7819.51,4.74%,Zepto,Oct-24
Aug-24,Swiggy Instamart,North,BEC-KT-002,BEC-KT-002,115,48300,12646.45,4611.91,6,Kitchen Towel,420,205,MATCH,35653.55,33.88%,10.47,7466.64,5.22%,Swiggy Instamart,Aug-24
Jul-24,Amazon,West,BEC-CMB-001,BEC-CMB-001,76,53124,8587.94,4614.27,4,Others,699,330,MATCH,44536.06,43.69%,11.51,14841.79,5.26%,Amazon,Jul-24
Jul-24,Amazon,West,BEC-XXX-999,BEC-XXX-999,76,53124,8587.94,4614.27,4,NOT FOUND,Not Found,NOT FOUND,NOT FOUND,44536.06,0.00%,11.51,0,5.26%,Amazon,Jul-24
Jan-25,Swiggy Instamart,West,BEC-TIS-002,BEC-TIS-002,291,52380,7850.84,4617.16,12,Tissues,180,95,MATCH,44529.16,37.92%,11.34,12267,4.12%,Swiggy Instamart,Feb-25
May-24,Amazon ,South,BEC-KT-001,BEC-KT-001,270,43200,5385.48,4625.06,9,Kitchen Towel,160,78,MATCH,37814.52,44.31%,9.34,12129.46,3.33%,Amazon,May-24
Oct-24,Amazon,South,BEC-TIS-002,BEC-TIS-002,200,36000,2590.81,4628.64,10,Tissues,180,95,MATCH,33409.19,43.13%,7.78,9780.55,5.00%,Amazon,Oct-24
Mar-25,D2C,North,BEC-TIS-002,BEC-TIS-002,260,46800,5941.27,4629.27,34,Tissues,180,95,MATCH,40858.73,39.55%,10.11,11529.46,13.08%,D2C,Mar-25
May-24, Zepto,North,BEC-GB-002,BEC-GB-002,207,37053,2241.2,4632.96,4,Garbage Bags,179,86,MATCH,34811.8,48.86%,8.00,12376.84,1.93%,Zepto,May-24
Aug-24,Amazon,West,BEC-TIS-001,BEC-TIS-001,410,38950,2343.01,4634.01,9,Tissues,95,42,MATCH,36606.99,52.96%,8.41,14752.98,2.20%,Amazon,Aug-24
Aug-24,Flipkart,South,BEC-CLN-002,BEC-CLN-002,152,28120,3538.79,4637.36,5,Cleaners,185,88,MATCH,24581.21,45.58%,6.06,6567.85,3.29%,Flipkart,Aug-24
Mar-25, Zepto,West,BEC-GB-002,BEC-GB-002,282,50478,6517.61,4639.34,11,Garbage Bags,179,86,MATCH,43960.39,44.83%,10.88,15069.05,3.90%,Zepto,Mar-25
Feb-24,D2C,North,  BEC-KT-002,BEC-KT-002,182,76440,8245.82,4640.74,21,Kitchen Towel,420,205,MATCH,68194.18,45.29%,16.47,26243.44,11.54%,D2C,Feb-24
Apr-25,Amazon,West,BEC-BW-001,BEC-BW-001,295,64900,18996.49,4649.54,17,Bake & Wrap,220,118,MATCH,45903.51,24.17%,13.96,6443.97,5.76%,Amazon,Apr-25
Apr-24,D2C,North,BEC-TIS-002,BEC-TIS-002,213,38340,5211.44,4652.09,27,Tissues,180,95,MATCH,33128.56,38.92%,8.24,8241.47,12.68%,D2C,Apr-24
Dec-24,Blinkit,North,BEC-TIS-002,BEC-TIS-002,249,44820,8970.89,4656.5,7,Tissues,180,95,MATCH,35849.11,34.02%,9.63,7537.61,2.81%,Blinkit,Dec-24
Jan-25,Amazon,South,BEC-TIS-001,BEC-TIS-001,375,35625,2544.93,4661.24,22,Tissues,95,42,MATCH,33080.07,52.39%,7.64,12668.83,5.87%,Amazon,Jan-25
Nov-24,D2C,South,BEC-KT-002,BEC-KT-002,88,36960,1976.36,4662.34,11,Kitchen Towel,420,205,MATCH,34983.64,48.43%,7.93,12281.3,12.50%,D2C,Nov-24
Sep-24,D2C,West,BEC-CLN-004,BEC-CLN-004,235,23265,0,4665.24,26,Cleaners,99,44,MATCH,23265,55.56%,4.99,8259.76,11.06%,D2C,Sep-24
Mar-25,Blinkit,West,BEC-GB-002,BEC-GB-002,469,83951,17544.56,4671.9,18,Garbage Bags,179,86,MATCH,66406.44,39.26%,17.97,21400.54,3.84%,Blinkit,Mar-25
Jan-25,Amazon,South,BEC-CMB-001,BEC-CMB-001,64,44736,10430.42,4676.17,1,Others,699,330,MATCH,34305.58,38.44%,9.57,8509.41,1.56%,Amazon,Jan-25
Feb-25,D2C,South,BEC-CLN-004,BEC-CLN-004,202,19998,2665.58,4676.35,18,Cleaners,99,44,MATCH,17332.42,48.72%,4.28,3768.07,8.91%,D2C,Feb-25
Jan-24,Blinkit,North,BEC-CLN-004,BEC-CLN-004,251,24849,4180.5,4677.99,5,Cleaners,99,44,MATCH,20668.5,46.57%,5.31,4946.51,1.99%,Blinkit,Jan-24
May-25,Flipkart,West,BEC-GB-002,BEC-GB-002,305,54595,3660.3,4702.07,18,Garbage Bags,179,86,MATCH,50934.7,48.50%,11.61,20002.63,5.90%,Flipkart,May-25
Mar-25,D2C,South,BEC-KT-002,BEC-KT-002,105,44100,3935.32,4703.14,13,Kitchen Towel,420,205,MATCH,40164.68,46.41%,9.38,13936.54,12.38%,D2C,Mar-25
Mar-25,Amazon,West,BEC-BW-002,BEC-BW-002,268,46900,2521.28,4707.06,9,Bake & Wrap,175,92,MATCH,44378.72,44.44%,9.96,15015.66,3.36%,Amazon,Mar-25
Aug-24,Amazon ,North,BEC-TIS-002,BEC-TIS-002,355,63900,18587.92,4707.99,12,Tissues,180,95,MATCH,45312.08,25.57%,13.57,6879.09,3.38%,Amazon,Aug-24
Sep-24,Amazon,South,BEC-GB-002,BEC-GB-002,213,38127,4760.54,4708.29,11,Garbage Bags,179,86,MATCH,33366.46,45.10%,8.10,10340.17,5.16%,Amazon,Sep-24
Oct-24,Zepto,South,BEC-KT-002,BEC-KT-002,118,49560,6473.79,4716.86,2,Kitchen Towel,420,205,MATCH,43086.21,43.86%,10.51,14179.35,1.69%,Zepto,Oct-24
Jun-25,Amazon ,West,BEC-TIS-001,BEC-TIS-001,660,62700,4245.82,4719.09,30,Tissues,95,42,MATCH,58454.18,52.58%,13.29,26015.09,4.55%,Amazon,Jun-25
Jul-24,Blinkit,North,BEC-CLN-004,BEC-CLN-004,219,21681,3675.32,4719.79,8,Cleaners,99,44,MATCH,18005.68,46.48%,4.59,3649.89,3.65%,Blinkit,Jul-24
Dec-24,Swiggy Instamart,West,BEC-TIS-002,BEC-TIS-002,265,47700,7476.69,4720.56,15,Tissues,180,95,MATCH,40223.31,37.41%,10.10,10327.75,5.66%,Swiggy Instamart,Dec-24
Jul-24,D2C,West,BEC-KT-002,BEC-KT-002,157,65940,6824.13,4726.87,23,Kitchen Towel,420,205,MATCH,59115.87,45.56%,13.95,22204,14.65%,D2C,Jul-24
Jun-24,Amazon ,South,BEC-KT-001,BEC-KT-001,290,46400,2483.75,4728.51,8,Kitchen Towel,160,78,MATCH,43916.25,48.49%,9.81,16567.74,2.76%,Amazon,Jun-24
Mar-25, Zepto,South,BEC-CLN-004,BEC-CLN-004,280,27720,7080.69,4729.18,15,Cleaners,99,44,MATCH,20639.31,40.31%,5.86,3590.13,5.36%,Zepto,Mar-25
Apr-24,Amazon,North,BEC-TIS-002,BEC-TIS-002,345,62100,8566.37,4729.4,7,Tissues,180,95,MATCH,53533.63,38.78%,13.13,16029.23,2.03%,Amazon,Apr-24
Apr-25,Amazon ,North,BEC-BW-002,BEC-BW-002,261,45675,12295.12,4732.73,5,Bake & Wrap,175,92,MATCH,33379.88,28.06%,9.65,4635.15,1.92%,Amazon,Apr-25
May-25,Blinkit,South,BEC-KT-002,BEC-KT-002,160,67200,3913.11,4732.84,4,Kitchen Towel,420,205,MATCH,63286.89,48.17%,14.20,25754.05,2.50%,Blinkit,May-25
Mar-25,Blinkit,North,BEC-GB-002,BEC-GB-002,240,42960,10355.13,4734.05,10,Garbage Bags,179,86,MATCH,32604.87,36.70%,9.07,7230.82,4.17%,Blinkit,Mar-25
Mar-25,Flipkart,South,BEC-KT-002,BEC-KT-002,104,43680,11408.68,4735.57,2,Kitchen Towel,420,205,MATCH,32271.32,33.94%,9.22,6215.75,1.92%,Flipkart,Mar-25
Jun-25,Amazon,South,BEC-BW-001,BEC-BW-001,175,38500,5866.72,4737.01,9,Bake & Wrap,220,118,MATCH,32633.28,36.72%,8.13,7246.27,5.14%,Amazon,Jun-25
Dec-24, Zepto,North,BEC-GB-002,BEC-GB-002,221,39559,2470.3,4737.28,13,Garbage Bags,179,86,MATCH,37088.7,48.76%,8.35,13345.42,5.88%,Zepto,Dec-24
Feb-25,Amazon,North,BEC-TIS-001,BEC-TIS-001,504,47880,14193.7,4739.97,16,Tissues,95,42,MATCH,33686.3,37.16%,10.10,7778.33,3.17%,Amazon,Feb-25
Apr-24,Amazon ,North,BEC-GB-001,BEC-GB-001,410,61090,3463.03,4743.93,16,Garbage Bags,149,70,MATCH,57626.97,50.20%,12.88,24183.04,3.90%,Amazon,Apr-24
May-24,Blinkit,West,BEC-GB-001,BEC-GB-001,404,60196,5338.91,4745.73,8,Garbage Bags,149,70,MATCH,54857.09,48.45%,12.68,21831.36,1.98%,Blinkit,May-24
Dec-24,Flipkart,North,BEC-CLN-004,BEC-CLN-004,201,19899,3401.59,4746.2,7,Cleaners,99,44,MATCH,16497.41,46.39%,4.19,2907.21,3.48%,Flipkart,Dec-24
Sep-24, Zepto,West,BEC-TIS-002,BEC-TIS-002,261,46980,5545.02,4751.1,6,Tissues,180,95,MATCH,41434.98,40.16%,9.89,11888.88,2.30%,Zepto,Sep-24
Mar-24,Amazon,West,BEC-TIS-001,BEC-TIS-001,643,61085,4169.86,4765.48,15,Tissues,95,42,MATCH,56915.14,52.55%,12.82,25143.66,2.33%,Amazon,Mar-24
Mar-25,Flipkart,West,BEC-GB-001,BEC-GB-001,285,42465,10145.41,4765.5,13,Garbage Bags,149,70,MATCH,32319.59,38.27%,8.91,7604.09,4.56%,Flipkart,Mar-25
Sep-24,Swiggy Instamart,North,BEC-CLN-001,BEC-CLN-001,112,22288,5385.9,4768,3,Cleaners,199,96,MATCH,16902.1,36.39%,4.67,1382.1,2.68%,Swiggy Instamart,Sep-24
Jan-24, Zepto,North,BEC-CLN-004,BEC-CLN-004,248,24552,5066.36,4769.38,8,Cleaners,99,44,MATCH,19485.64,44.00%,5.15,3804.26,3.23%,Zepto,Jan-24
Apr-24,Amazon,North,BEC-BW-002,BEC-BW-002,223,39025,2606.82,4772.26,10,Bake & Wrap,175,92,MATCH,36418.18,43.67%,8.18,11129.92,4.48%,Amazon,Apr-24
Jun-24,Amazon,West,BEC-GB-001,BEC-GB-001,369,54981,7862.74,4772.62,11,Garbage Bags,149,70,MATCH,47118.26,45.18%,11.52,16515.64,2.98%,Amazon,Jun-24
Dec-24,Amazon,West,BEC-BW-001,BEC-BW-001,291,64020,3657.42,4776.69,14,Bake & Wrap,220,118,MATCH,60362.58,43.11%,13.40,21247.89,4.81%,Amazon,Dec-24
May-25,Amazon ,South,BEC-GB-002,BEC-GB-002,248,44392,11085.49,4777.81,12,Garbage Bags,179,86,MATCH,33306.51,35.96%,9.29,7200.7,4.84%,Amazon,May-25
Mar-24,Swiggy Instamart,North,BEC-KT-002,BEC-KT-002,108,45360,10830.51,4784.63,5,Kitchen Towel,420,205,MATCH,34529.49,35.88%,9.48,7604.86,4.63%,Swiggy Instamart,Mar-24
Jan-24,D2C,South,BEC-CLN-002,BEC-CLN-002,117,21645,1611.75,4789.56,15,Cleaners,185,88,MATCH,20033.25,48.61%,4.52,4947.69,12.82%,D2C,Jan-24
Sep-24,Amazon,South,BEC-KT-002,BEC-KT-002,156,65520,8433.28,4790.54,4,Kitchen Towel,420,205,MATCH,57086.72,43.98%,13.68,20316.18,2.56%,Amazon,Sep-24
Jan-24,Blinkit,West,BEC-CMB-001,BEC-CMB-001,67,46833,3002.2,4798.61,3,Others,699,330,MATCH,43830.8,49.56%,9.76,16922.19,4.48%,Blinkit,Jan-24
Jul-24,Flipkart,West,BEC-CLN-004,BEC-CLN-004,241,23859,4928.76,4799.81,13,Cleaners,99,44,MATCH,18930.24,43.98%,4.97,3526.43,5.39%,Flipkart,Jul-24
Feb-25,Blinkit,South,BEC-GB-002,BEC-GB-002,243,43497,8748.94,4804.01,12,Garbage Bags,179,86,MATCH,34748.06,39.86%,9.05,9046.05,4.94%,Blinkit,Feb-25
Feb-25,Amazon,South,BEC-GB-002,BEC-GB-002,244,43676,9845.4,4808.47,11,Garbage Bags,179,86,MATCH,33830.6,37.97%,9.08,8038.13,4.51%,Amazon,Feb-25
Feb-24,Blinkit,North,BEC-GB-002,BEC-GB-002,197,35263,2295.09,4810.29,11,Garbage Bags,179,86,MATCH,32967.91,48.61%,7.33,11215.62,5.58%,Blinkit,Feb-24
Oct-24,Amazon ,North,BEC-GB-001,BEC-GB-001,332,49468,11696.31,4813.65,6,Garbage Bags,149,70,MATCH,37771.69,38.47%,10.28,9718.04,1.81%,Amazon,Oct-24
Feb-24,Blinkit,South,BEC-KT-002,BEC-KT-002,181,76020,19657.44,4814,9,Kitchen Towel,420,205,MATCH,56362.56,34.17%,15.79,14443.56,4.97%,Blinkit,Feb-24
Dec-24,Swiggy Instamart,West,BEC-CLN-004,BEC-CLN-004,209,20691,3394.99,4814.18,9,Cleaners,99,44,MATCH,17296.01,46.83%,4.30,3285.83,4.31%,Swiggy Instamart,Dec-24
Jan-25,D2C,South,BEC-CLN-004,BEC-CLN-004,209,20691,2532.45,4822.45,27,Cleaners,99,44,MATCH,18158.55,49.36%,4.29,4140.1,12.92%,D2C,Jan-25
Dec-24,Amazon,North,BEC-GB-002,BEC-GB-002,315,"56,385",11825.93,4829.86,16,Garbage Bags,179,86,MATCH,44559.07,39.20%,11.67,12639.21,5.08%,Amazon,Dec-24
Apr-24,Zepto,North,  BEC-TIS-002,BEC-TIS-002,223,40140,3180.97,4833.4,5,Tissues,180,95,MATCH,36959.03,42.68%,8.30,10940.63,2.24%,Zepto,Apr-24
May-25,Amazon ,North,BEC-GB-001,BEC-GB-001,438,65262,4295.45,4834.28,10,Garbage Bags,149,70,MATCH,60966.55,49.71%,13.50,25472.27,2.28%,Amazon,May-25
May-25,Blinkit,West,BEC-GB-002,BEC-GB-002,262,46898,7424.99,4835.72,5,Garbage Bags,179,86,MATCH,39473.01,42.92%,9.70,12105.29,1.91%,Blinkit,May-25
May-24, Zepto,South,  BEC-CLN-004,BEC-CLN-004,289,28611,3613.31,4838.37,8,Cleaners,99,44,MATCH,24997.69,49.13%,5.91,7443.32,2.77%,Zepto,May-24
Oct-24,Blinkit,North,BEC-GB-002,BEC-GB-002,247,44213,6842.75,4839.11,13,Garbage Bags,179,86,MATCH,37370.25,43.16%,9.14,11289.14,5.26%,Blinkit,Oct-24
Feb-25,Zepto,West,BEC-KT-002,BEC-KT-002,234,98280,6222.26,4842.31,7,Kitchen Towel,420,205,MATCH,92057.74,47.89%,20.30,39245.43,2.99%,Zepto,Feb-25
Aug-24,Flipkart,West,BEC-CLN-004,BEC-CLN-004,206,20394,3687.04,4844.06,6,Cleaners,99,44,MATCH,16706.96,45.75%,4.21,2798.9,2.91%,Flipkart,Aug-24
Jan-24,Flipkart,North,BEC-CLN-004,BEC-CLN-004,250,24750,3538.94,4846.78,9,Cleaners,99,44,MATCH,21211.06,48.14%,5.11,5364.28,3.60%,Flipkart,Jan-24
Aug-24,Swiggy Instamart,North,BEC-CLN-004,BEC-CLN-004,195,19305,3524.2,4847.11,5,Cleaners,99,44,MATCH,15780.8,45.63%,3.98,2353.69,2.56%,Swiggy Instamart,Aug-24
Apr-24, Zepto,South,BEC-KT-002,BEC-KT-002,198,83160,13039.96,4854.42,10,Kitchen Towel,420,205,MATCH,70120.04,42.11%,17.13,24675.62,5.05%,Zepto,Apr-24
Feb-24,Flipkart,West,BEC-TIS-002,BEC-TIS-002,234,"42,120",7218.86,4854.64,6,Tissues,180,95,MATCH,34901.14,36.31%,8.68,7816.5,2.56%,Flipkart,Feb-24
Sep-24,Swiggy Instamart,South,BEC-CLN-001,BEC-CLN-001,137,27263,5933.12,4854.75,4,Cleaners,199,96,MATCH,21329.88,38.34%,5.62,3323.13,2.92%,Swiggy Instamart,Sep-24
Jul-24,Flipkart,West,BEC-KT-002,BEC-KT-002,117,49140,5762.6,4859.5,6,Kitchen Towel,420,205,MATCH,43377.4,44.71%,10.11,14532.9,5.13%,Flipkart,Jul-24
Nov-24,Amazon ,West,BEC-GB-002,BEC-GB-002,343,61397,3591.96,4866.76,10,Garbage Bags,179,86,MATCH,57805.04,48.97%,12.62,23440.28,2.92%,Amazon,Nov-24
Mar-25,Blinkit,South,BEC-GB-002,BEC-GB-002,270,48330,12982.28,4873.57,13,Garbage Bags,179,86,MATCH,35347.72,34.31%,9.92,7254.15,4.81%,Blinkit,Mar-25
Aug-24,Flipkart,North,BEC-CLN-002,BEC-CLN-002,198,36630,9588.47,4884.31,6,Cleaners,185,88,MATCH,27041.53,35.57%,7.50,4733.22,3.03%,Flipkart,Aug-24
Jun-25,Amazon,South,BEC-TIS-001,BEC-TIS-001,412,39140,3919.25,4884.89,11,Tissues,95,42,MATCH,35220.75,50.87%,8.01,13031.86,2.67%,Amazon,Jun-25
Aug-24,Swiggy Instamart,South,BEC-CLN-002,BEC-CLN-002,95,17575,2723.88,4885.56,4,Cleaners,185,88,MATCH,14851.12,43.71%,3.60,1605.56,4.21%,Swiggy Instamart,Aug-24
Nov-24,Flipkart,West,BEC-CLN-004,BEC-CLN-004,239,23661,1302.09,4888.76,7,Cleaners,99,44,MATCH,22358.91,52.97%,4.84,6954.15,2.93%,Flipkart,Nov-24
Jun-25,Flipkart,North,BEC-TIS-002,BEC-TIS-002,214,38520,4346.1,4898.35,6,Tissues,180,95,MATCH,34173.9,40.51%,7.86,8945.55,2.80%,Flipkart,Jun-25
Jun-25,D2C,North,BEC-KT-002,BEC-KT-002,121,50820,3386.17,4907.87,15,Kitchen Towel,420,205,MATCH,47433.83,47.71%,10.35,17720.96,12.40%,D2C,Jun-25
Jun-25, Zepto,West,BEC-KT-001,BEC-KT-001,322,51520,4388.25,4909.78,13,Kitchen Towel,160,78,MATCH,47131.75,46.71%,10.49,17105.97,4.04%,Zepto,Jun-25
Jan-24,Blinkit,West,  BEC-KT-001,BEC-KT-001,308,49280,10439.33,4912.57,11,Kitchen Towel,160,78,MATCH,38840.67,38.15%,10.03,9904.1,3.57%,Blinkit,Jan-24
Jun-25,D2C,South,BEC-KT-002,BEC-KT-002,106,44520,2222.98,4913.76,10,Kitchen Towel,420,205,MATCH,42297.02,48.63%,9.06,15653.26,9.43%,D2C,Jun-25
Feb-24,Blinkit,North,BEC-KT-002,BEC-KT-002,176,73920,16265.43,4920.36,9,Kitchen Towel,420,205,MATCH,57654.57,37.42%,15.02,16654.21,5.11%,Blinkit,Feb-24
Mar-25,Blinkit,West,BEC-BW-002,BEC-BW-002,226,39550,3066.52,4920.96,8,Bake & Wrap,175,92,MATCH,36483.48,43.01%,8.04,10770.52,3.54%,Blinkit,Mar-25
Mar-25, Zepto,North,BEC-GB-001,BEC-GB-001,251,37399,4335.72,4928.09,5,Garbage Bags,149,70,MATCH,33063.28,46.86%,7.59,10565.19,1.99%,Zepto,Mar-25
Jan-24,Swiggy Instamart,North,BEC-CLN-001,BEC-CLN-001,167,33233,7646.86,4932.88,8,Cleaners,199,96,MATCH,25586.14,37.34%,6.74,4621.26,4.79%,Swiggy Instamart,Jan-24
Jan-25,Blinkit,North,BEC-TIS-002,BEC-TIS-002,348,62640,16828.11,4936.62,10,Tissues,180,95,MATCH,45811.89,27.84%,12.69,7815.27,2.87%,Blinkit,Jan-25
Jul-24,Amazon,West,BEC-TIS-002,BEC-TIS-002,339,"61,020",3872.14,4936.95,17,Tissues,180,95,MATCH,57147.86,43.65%,12.36,20005.91,5.01%,Amazon,Jul-24
Apr-25,Swiggy Instamart,North,BEC-KT-002,BEC-KT-002,107,44940,9948.2,4937.67,2,Kitchen Towel,420,205,MATCH,34991.8,37.31%,9.10,8119.13,1.87%,Swiggy Instamart,Apr-25
Apr-24,Amazon,North,BEC-KT-001,BEC-KT-001,301,48160,6645.96,4943.08,10,Kitchen Towel,160,78,MATCH,41514.04,43.45%,9.74,13092.96,3.32%,Amazon,Apr-24
Jan-25,Amazon ,North,BEC-KT-002,BEC-KT-002,285,119700,27833.16,4945.72,12,Kitchen Towel,420,205,MATCH,91866.84,36.40%,24.20,28496.12,4.21%,Amazon,Jan-25
Apr-25,D2C,West,  BEC-TIS-002,BEC-TIS-002,217,39060,3360.78,4965.63,31,Tissues,180,95,MATCH,35699.22,42.25%,7.87,10118.59,14.29%,D2C,Apr-25
Jan-24,Flipkart,North,BEC-CLN-002,BEC-CLN-002,176,32560,6809.37,4968.36,9,Cleaners,185,88,MATCH,25750.63,39.85%,6.55,5294.27,5.11%,Flipkart,Jan-24
Apr-25,Amazon,South,BEC-BW-001,BEC-BW-001,213,46860,11886.58,4969.53,6,Bake & Wrap,220,118,MATCH,34973.42,28.13%,9.43,4869.89,2.82%,Amazon,Apr-25
Jun-24,Swiggy Instamart,North,BEC-KT-002,BEC-KT-002,130,54600,11170.66,4970.28,6,Kitchen Towel,420,205,MATCH,43429.34,38.64%,10.99,11809.06,4.62%,Swiggy Instamart,Jun-24
Feb-25,Swiggy Instamart,North,BEC-KT-002,BEC-KT-002,171,71820,19375.4,4970.57,4,Kitchen Towel,420,205,MATCH,52444.6,33.16%,14.45,12419.03,2.34%,Swiggy Instamart,Feb-25
Mar-25,Blinkit,South,BEC-CLN-004,BEC-CLN-004,240,23760,5089.61,4974.37,13,Cleaners,99,44,MATCH,18670.39,43.44%,4.78,3136.02,5.42%,Blinkit,Mar-25
Oct-24,Flipkart,West,BEC-CLN-004,BEC-CLN-004,301,29799,7151.15,4979.4,17,Cleaners,99,44,MATCH,22647.85,41.52%,5.98,4424.45,5.65%,Flipkart,Oct-24
Jan-25,Swiggy Instamart,North,BEC-CLN-004,BEC-CLN-004,226,22374,1824.12,4983.44,9,Cleaners,99,44,MATCH,20549.88,51.61%,4.49,5622.44,3.98%,Swiggy Instamart,Jan-25
May-25,Zepto,West,BEC-TIS-002,BEC-TIS-002,270,48600,3751.32,4984.94,12,Tissues,180,95,MATCH,44848.68,42.81%,9.75,14213.74,4.44%,Zepto,May-25
Jun-25,D2C,West,BEC-KT-002,BEC-KT-002,132,55440,5426.22,4991.32,18,Kitchen Towel,420,205,MATCH,50013.78,45.89%,11.11,17962.46,13.64%,D2C,Jun-25
Jun-24,Blinkit,West,BEC-TIS-002,BEC-TIS-002,326,58680,7083.42,4991.44,17,Tissues,180,95,MATCH,51596.58,39.98%,11.76,15635.14,5.21%,Blinkit,Jun-24
Jun-25,Blinkit,West,BEC-TIS-002,BEC-TIS-002,412,74160,12860.77,4994.23,19,Tissues,180,95,MATCH,61299.23,36.15%,14.85,17165,4.61%,Blinkit,Jun-25
Nov-24,Blinkit,West,BEC-GB-001,BEC-GB-001,304,45296,11860.68,4997.74,8,Garbage Bags,149,70,MATCH,33435.32,36.35%,9.06,7157.58,2.63%,Blinkit,Nov-24
Jan-25,Flipkart,West,BEC-KT-001,BEC-KT-001,248,39680,4990.69,5001.22,13,Kitchen Towel,160,78,MATCH,34689.31,44.24%,7.93,10344.09,5.24%,Flipkart,Jan-25
Nov-24, Zepto,South,BEC-CLN-004,BEC-CLN-004,267,26433,5339.54,5015.59,11,Cleaners,99,44,MATCH,21093.46,44.31%,5.27,4329.87,4.12%,Zepto,Nov-24
Jun-24,Blinkit,South,BEC-CLN-004,BEC-CLN-004,262,25938,6009.33,5018.23,8,Cleaners,99,44,MATCH,19928.67,42.15%,5.17,3382.44,3.05%,Blinkit,Jun-24
Jan-24,Amazon ,West,BEC-TIS-002,BEC-TIS-002,597,107460,16944.85,5027.22,27,Tissues,180,95,MATCH,90515.15,37.34%,21.38,28772.93,4.52%,Amazon,Jan-24
Aug-24,Swiggy Instamart,North,BEC-CLN-002,BEC-CLN-002,119,22015,5868.68,5027.58,6,Cleaners,185,88,MATCH,16146.32,35.14%,4.38,646.74,5.04%,Swiggy Instamart,Aug-24
Dec-24, Zepto,West,BEC-GB-002,BEC-GB-002,297,53163,11194.5,5032.12,8,Garbage Bags,179,86,MATCH,41968.5,39.14%,10.56,11394.38,2.69%,Zepto,Dec-24
Jun-25,Flipkart,West,BEC-TIS-002,BEC-TIS-002,294,52920,2782.13,5033.32,6,Tissues,180,95,MATCH,50137.87,44.29%,10.51,17174.55,2.04%,Flipkart,Jun-25
Aug-24,Blinkit,West,BEC-KT-001,BEC-KT-001,275,44000,4201.84,5037.02,7,Kitchen Towel,160,78,MATCH,39798.16,46.10%,8.74,13311.14,2.55%,Blinkit,Aug-24
Apr-24,Flipkart,North,BEC-CLN-004,BEC-CLN-004,298,29502,2129.44,5045.73,11,Cleaners,99,44,MATCH,27372.56,52.10%,5.85,9214.83,3.69%,Flipkart,Apr-24
Nov-24,D2C,West,BEC-KT-002,BEC-KT-002,152,63840,1548.23,5054.6,24,Kitchen Towel,420,205,MATCH,62291.77,49.98%,12.63,26077.17,15.79%,D2C,Nov-24
Aug-24,Amazon ,North,BEC-CMB-001,BEC-CMB-001,62,43338,9354.51,5061.75,2,Others,699,330,MATCH,33983.49,39.79%,8.56,8461.74,3.23%,Amazon,Aug-24
Jan-24,Zepto,North,BEC-KT-002,BEC-KT-002,236,99120,15919.54,5066.56,5,Kitchen Towel,420,205,MATCH,83200.46,41.85%,19.56,29753.9,2.12%,Zepto,Jan-24
Jan-24,D2C,West,BEC-CLN-004,BEC-CLN-004,295,29205,3752.97,5069.65,35,Cleaners,99,44,MATCH,25452.03,49.00%,5.76,7402.38,11.86%,D2C,Jan-24
Feb-25,Flipkart,North,BEC-GB-002,BEC-GB-002,229,40991,6215.55,5070.63,7,Garbage Bags,179,86,MATCH,34775.45,43.37%,8.08,10010.82,3.06%,Flipkart,Feb-25
Mar-25,Amazon,North,BEC-BW-001,BEC-BW-001,220,48400,8534.56,5073.3,5,Bake & Wrap,220,118,MATCH,39865.44,34.88%,9.54,8832.14,2.27%,Amazon,Mar-25
Feb-24,Amazon ,North,BEC-GB-001,BEC-GB-001,313,46637,5073.27,5073.73,8,Garbage Bags,149,70,MATCH,41563.73,47.29%,9.19,14580,2.56%,Amazon,Feb-24
Feb-25,Flipkart,West,BEC-GB-002,BEC-GB-002,276,49404,6206.03,5075.76,11,Garbage Bags,179,86,MATCH,43197.97,45.05%,9.73,14386.21,3.99%,Flipkart,Feb-25
Feb-25,Flipkart,North,BEC-CLN-004,BEC-CLN-004,365,36135,9490.57,5076.69,8,Cleaners,99,44,MATCH,26644.43,39.72%,7.12,5507.74,2.19%,Flipkart,Feb-25
Dec-24,Zepto,West,BEC-KT-002,BEC-KT-002,259,108780,8397.25,5078.95,11,Kitchen Towel,420,205,MATCH,100382.75,47.11%,21.42,42208.8,4.25%,Zepto,Dec-24
Feb-25,Amazon,North,BEC-BW-002,BEC-BW-002,222,38850,2445.68,5082.96,10,Bake & Wrap,175,92,MATCH,36404.32,43.90%,7.64,10897.36,4.50%,Amazon,Feb-25
Apr-24, Zepto,North,BEC-CLN-004,BEC-CLN-004,273,27027,7605.44,5083.26,9,Cleaners,99,44,MATCH,19421.56,38.15%,5.32,2326.3,3.30%,Zepto,Apr-24
Mar-24,Zepto,North,BEC-TIS-002,BEC-TIS-002,227,40860,5867.58,5089.72,7,Tissues,180,95,MATCH,34992.42,38.37%,8.03,8337.7,3.08%,Zepto,Mar-24
Nov-24,Flipkart,South,BEC-CLN-002,BEC-CLN-002,150,27750,7966.18,5092,3,Cleaners,185,88,MATCH,19783.82,33.28%,5.45,1491.82,2.00%,Flipkart,Nov-24
Jan-25,Swiggy Instamart,South,BEC-CLN-001,BEC-CLN-001,144,28656,3051.25,5098.16,7,Cleaners,199,96,MATCH,25604.75,46.01%,5.62,6682.59,4.86%,Swiggy Instamart,Jun-25
Mar-24, Zepto,South,BEC-CLN-004,BEC-CLN-004,255,25245,6820.09,5102.65,6,Cleaners,99,44,MATCH,18424.91,39.10%,4.95,2102.26,2.35%,Zepto,Mar-24
Jun-25,Flipkart,South,BEC-CLN-004,BEC-CLN-004,224,22176,3649.29,5108.73,6,Cleaners,99,44,MATCH,18526.71,46.80%,4.34,3561.98,2.68%,Flipkart,Jun-25
Feb-25,Amazon ,North,BEC-GB-002,BEC-GB-002,410,73390,8456.93,5111.53,14,Garbage Bags,179,86,MATCH,64933.07,45.70%,14.36,24561.54,3.41%,Amazon,Feb-25
Apr-25,Swiggy Instamart,West,BEC-TIS-002,BEC-TIS-002,247,44460,5836.55,5115.98,7,Tissues,180,95,MATCH,38623.45,39.25%,8.69,10042.47,2.83%,Swiggy Instamart,Apr-25
May-24,Swiggy Instamart,North,BEC-CLN-004,BEC-CLN-004,168,16632,1239.38,5130.22,8,Cleaners,99,44,MATCH,15392.62,51.98%,3.24,2870.4,4.76%,Swiggy Instamart,May-24
Aug-24,Flipkart,South,BEC-KT-002,BEC-KT-002,94,39480,4165.93,5130.29,2,Kitchen Towel,420,205,MATCH,35314.07,45.43%,7.70,10913.78,2.13%,Flipkart,Aug-24
May-24,Amazon,North,BEC-GB-002,BEC-GB-002,292,52268,3488.02,5138.12,13,Garbage Bags,179,86,MATCH,48779.98,48.52%,10.17,18529.86,4.45%,Amazon,May-24
Jun-25,Swiggy Instamart,North,BEC-CLN-004,BEC-CLN-004,210,20790,4652.4,5139.04,7,Cleaners,99,44,MATCH,16137.6,42.74%,4.05,1758.56,3.33%,Swiggy Instamart,Jun-25
Jan-25,Zepto,West,BEC-GB-002,BEC-GB-002,267,47793,5924.22,5143.82,14,Garbage Bags,179,86,MATCH,41868.78,45.16%,9.29,13762.96,5.24%,Zepto,Jan-25
Feb-25,Amazon ,North,BEC-KT-001,BEC-KT-001,275,44000,6469.08,5146.98,5,Kitchen Towel,160,78,MATCH,37530.92,42.85%,8.55,10933.94,1.82%,Amazon,Feb-25
Feb-25,Flipkart,West,BEC-KT-002,BEC-KT-002,217,91140,19335.41,5148.36,5,Kitchen Towel,420,205,MATCH,71804.59,38.05%,17.70,22171.23,2.30%,Flipkart,Feb-25
Aug-24,Amazon,West,BEC-GB-002,BEC-GB-002,286,51194,9331.57,5154.7,8,Garbage Bags,179,86,MATCH,41862.43,41.25%,9.93,12111.73,2.80%,Amazon,Aug-24
Mar-24,Zepto,West,  BEC-TIS-002,BEC-TIS-002,376,67680,13791.22,5157.6,17,Tissues,180,95,MATCH,53888.78,33.72%,13.12,13011.18,4.52%,Zepto,Mar-24
Jan-25,D2C,South,BEC-KT-002,BEC-KT-002,138,57960,4012.23,5161.94,19,Kitchen Towel,420,205,MATCH,53947.77,47.56%,11.23,20495.83,13.77%,D2C,Jan-25
Aug-24,Zepto,North,BEC-CLN-004,BEC-CLN-004,287,28413,2419.87,5167.53,7,Cleaners,99,44,MATCH,25993.13,51.42%,5.50,8197.6,2.44%,Zepto,Aug-24
Aug-24,Swiggy Instamart,West,BEC-CLN-002,BEC-CLN-002,161,29785,4292.12,5174.52,5,Cleaners,185,88,MATCH,25492.88,44.42%,5.76,6150.36,3.11%,Swiggy Instamart,Aug-24
Jan-25,Blinkit,North,BEC-CLN-004,BEC-CLN-004,288,28512,7019.25,5183.17,14,Cleaners,99,44,MATCH,21492.75,41.04%,5.50,3637.58,4.86%,Blinkit,Jan-25
Nov-24,Blinkit,West,BEC-GB-002,BEC-GB-002,244,43676,3479.93,5194.21,5,Garbage Bags,179,86,MATCH,40196.07,47.80%,8.41,14017.86,2.05%,Blinkit,Nov-24
Apr-25,Swiggy Instamart,North,BEC-CLN-004,BEC-CLN-004,286,28314,4755.86,5197.06,15,Cleaners,99,44,MATCH,23558.14,46.58%,5.45,5777.08,5.24%,Swiggy Instamart,Apr-25
Mar-25,D2C,West,BEC-TIS-002,BEC-TIS-002,260,46800,4660.76,5198.92,38,Tissues,180,95,MATCH,42139.24,41.38%,9.00,12240.32,14.62%,D2C,Mar-25
Jun-24,D2C,West,BEC-KT-002,BEC-KT-002,205,86100,7821.52,5201.74,30,Kitchen Towel,420,205,MATCH,78278.48,46.31%,16.55,31051.74,14.63%,D2C,Jun-24
Jun-25,Blinkit,North,BEC-KT-002,BEC-KT-002,279,117180,22890.28,5214.53,5,Kitchen Towel,420,205,MATCH,94289.72,39.34%,22.47,31880.19,1.79%,Blinkit,Jun-25
Oct-24, Zepto,West,BEC-CLN-004,BEC-CLN-004,249,24651,6580.02,5215.82,5,Cleaners,99,44,MATCH,18070.98,39.37%,4.73,1899.16,2.01%,Zepto,Oct-24
Sep-24,Blinkit,West,BEC-KT-002,BEC-KT-002,165,69300,18251.82,5223.71,3,Kitchen Towel,420,205,MATCH,51048.18,33.74%,13.27,11999.47,1.82%,Blinkit,Sep-24
Jan-24,Amazon,West,BEC-BW-002,BEC-BW-002,266,46550,2514.63,5224.67,13,Bake & Wrap,175,92,MATCH,44035.37,44.43%,8.91,14338.7,4.89%,Amazon,Jan-24
Jan-24,Blinkit,North,BEC-KT-002,BEC-KT-002,260,109200,13303.81,5243.1,11,Kitchen Towel,420,205,MATCH,95896.19,44.42%,20.83,37353.09,4.23%,Blinkit,Jan-24
Nov-24,Blinkit,West,BEC-KT-001,BEC-KT-001,302,48320,5077.94,5245.55,11,Kitchen Towel,160,78,MATCH,43242.06,45.53%,9.21,14440.51,3.64%,Blinkit,Nov-24
May-24,Swiggy Instamart,West,BEC-CLN-001,BEC-CLN-001,182,36218,8790.78,5255.41,6,Cleaners,199,96,MATCH,27427.22,36.30%,6.89,4699.81,3.30%,Swiggy Instamart,May-24
Jul-24, Zepto,South,BEC-KT-002,BEC-KT-002,102,42840,7212.08,5257.27,3,Kitchen Towel,420,205,MATCH,35627.92,41.31%,8.15,9460.65,2.94%,Zepto,Jul-24
Jun-24,Blinkit,North,BEC-CLN-004,BEC-CLN-004,356,35244,6362.65,5259.45,20,Cleaners,99,44,MATCH,28881.35,45.76%,6.70,7957.9,5.62%,Blinkit,Jun-24
Jun-25,Swiggy Instamart,West,BEC-CLN-004,BEC-CLN-004,265,26235,2103.54,5264.29,12,Cleaners,99,44,MATCH,24131.46,51.68%,4.98,7207.17,4.53%,Swiggy Instamart,Jun-25
Jan-25,Swiggy Instamart,North,BEC-CLN-002,BEC-CLN-002,168,31080,4695.31,5265.03,7,Cleaners,185,88,MATCH,26384.69,43.97%,5.90,6335.66,4.17%,Swiggy Instamart,Jan-25
Mar-25,Zepto,North,BEC-KT-002,BEC-KT-002,247,103740,18836.37,5268.34,8,Kitchen Towel,420,205,MATCH,84903.63,40.36%,19.69,29000.29,3.24%,Zepto,Mar-25
Aug-24,Flipkart,West,BEC-CLN-001,BEC-CLN-001,193,38407,11520.41,5268.59,8,Cleaners,199,96,MATCH,26886.59,31.09%,7.29,3090,4.15%,Flipkart,Aug-24
May-25,Zepto,North,BEC-TIS-002,BEC-TIS-002,278,50040,10980.92,5274.92,10,Tissues,180,95,MATCH,39059.08,32.38%,9.49,7374.16,3.60%,Zepto,May-25
Jul-24,Flipkart,North,BEC-CLN-002,BEC-CLN-002,152,28120,7406.76,5281.02,8,Cleaners,185,88,MATCH,20713.24,35.42%,5.32,2056.22,5.26%,Flipkart,Jul-24
Jan-25,Swiggy Instamart,South,BEC-KT-002,BEC-KT-002,110,46200,0,5282.48,6,Kitchen Towel,420,205,MATCH,46200,51.19%,8.75,18367.52,5.45%,Swiggy Instamart,Jan-25
Mar-25,Flipkart,North,BEC-TIS-002,BEC-TIS-002,234,"42,120",2940.72,5287.56,4,Tissues,180,95,MATCH,39179.28,43.26%,7.97,11661.72,1.71%,Flipkart,Mar-25
Feb-24,Amazon ,North,BEC-KT-001,BEC-KT-001,377,60320,11543.35,5300.61,10,Kitchen Towel,160,78,MATCH,48776.65,39.71%,11.38,14070.04,2.65%,Amazon,Feb-24
Feb-25,Amazon,West,  BEC-BW-001,BEC-BW-001,271,59620,4608.42,5300.94,7,Bake & Wrap,220,118,MATCH,55011.58,41.87%,11.25,17732.64,2.58%,Amazon,Feb-25
Jun-24,Swiggy Instamart,North,  BEC-CLN-004,BEC-CLN-004,214,21186,3941,5307.17,7,Cleaners,99,44,MATCH,17245,45.40%,3.99,2521.83,3.27%,Swiggy Instamart,Jun-24
Apr-24,Flipkart,North,BEC-KT-002,BEC-KT-002,136,57120,5035.8,5308.68,5,Kitchen Towel,420,205,MATCH,52084.2,46.47%,10.76,18895.52,3.68%,Flipkart,Apr-24
Nov-24,Swiggy Instamart,North,BEC-CLN-002,BEC-CLN-002,193,35705,8661.57,5310.09,11,Cleaners,185,88,MATCH,27043.43,37.20%,6.72,4749.34,5.70%,Swiggy Instamart,Nov-24
Jun-24,Swiggy Instamart,South,BEC-CLN-002,BEC-CLN-002,166,30710,6653.69,5310.67,6,Cleaners,185,88,MATCH,24056.31,39.28%,5.78,4137.64,3.61%,Swiggy Instamart,Jun-24
Mar-25,Flipkart,West,BEC-CLN-004,BEC-CLN-004,376,37224,8856.55,5313.41,16,Cleaners,99,44,MATCH,28367.45,41.68%,7.01,6510.04,4.26%,Flipkart,Mar-25
Mar-24, Zepto,South,BEC-KT-002,BEC-KT-002,165,69300,4694.74,5319.38,7,Kitchen Towel,420,205,MATCH,64605.26,47.64%,13.03,25460.88,4.24%,Zepto,Mar-24
Jun-24,Flipkart,South,BEC-KT-002,BEC-KT-002,111,46620,3957.61,5320.53,4,Kitchen Towel,420,205,MATCH,42662.39,46.66%,8.76,14586.86,3.60%,Flipkart,Jun-24
Jun-25,Blinkit,West,BEC-BW-001,BEC-BW-001,221,48620,10728.83,5337.31,10,Bake & Wrap,220,118,MATCH,37891.17,31.18%,9.11,6475.86,4.52%,Blinkit,Jun-25
Feb-25, Zepto,North,BEC-KT-002,BEC-KT-002,157,65940,11611.2,5340.15,5,Kitchen Towel,420,205,MATCH,54328.8,40.76%,12.35,16803.65,3.18%,Zepto,Feb-25
Apr-24,Swiggy Instamart,North,BEC-CLN-002,BEC-CLN-002,170,31450,8637.45,5342.97,3,Cleaners,185,88,MATCH,22812.55,34.42%,5.89,2509.58,1.76%,Swiggy Instamart,Apr-24
Apr-25,D2C,North,BEC-CLN-004,BEC-CLN-004,317,31383,2934.91,5346.11,38,Cleaners,99,44,MATCH,28448.09,50.97%,5.87,9153.98,11.99%,D2C,Apr-25
Nov-24,D2C,West,BEC-TIS-002,BEC-TIS-002,223,40140,1346.63,5346.66,35,Tissues,180,95,MATCH,38793.37,45.39%,7.51,12261.71,15.70%,D2C,Nov-24
Jul-24,D2C,North,BEC-CLN-001,BEC-CLN-001,139,27661,647.34,5347.03,15,Cleaners,199,96,MATCH,27013.66,50.60%,5.17,8322.63,10.79%,D2C,Jul-24
Sep-24,Amazon ,West,BEC-GB-002,BEC-GB-002,273,"48,867",12251.21,5348.91,12,Garbage Bags,179,86,MATCH,36615.79,35.88%,9.14,7788.88,4.40%,Amazon,Sep-24
Mar-24,Swiggy Instamart,North,BEC-CLN-002,BEC-CLN-002,177,32745,3742.17,5348.94,8,Cleaners,185,88,MATCH,29002.83,46.29%,6.12,8077.89,4.52%,Swiggy Instamart,Mar-24
Feb-24,Amazon,North,BEC-BW-001,BEC-BW-001,208,45760,9686.1,5358.51,4,Bake & Wrap,220,118,MATCH,36073.9,31.96%,8.54,6171.39,1.92%,Amazon,Feb-24
May-24,Flipkart,South,BEC-CLN-004,BEC-CLN-004,223,22077,2298.37,5359.21,8,Cleaners,99,44,MATCH,19778.63,50.39%,4.12,4607.42,3.59%,Flipkart,May-24
Aug-24,D2C,West,BEC-CLN-004,BEC-CLN-004,215,21285,3115.24,5366.85,27,Cleaners,99,44,MATCH,18169.76,47.94%,3.97,3342.91,12.56%,D2C,Aug-24
Jun-24,Blinkit,South,BEC-KT-002,BEC-KT-002,163,68460,12658.82,5368.19,5,Kitchen Towel,420,205,MATCH,55801.18,40.12%,12.75,17017.99,3.07%,Blinkit,Jun-24
May-25,Swiggy Instamart,North,BEC-KT-002,BEC-KT-002,126,52920,2965.34,5370.54,5,Kitchen Towel,420,205,MATCH,49954.66,48.29%,9.85,18754.12,3.97%,Swiggy Instamart,May-25
Jan-24,D2C,South,BEC-KT-002,BEC-KT-002,99,41580,2770.9,5371.93,16,Kitchen Towel,420,205,MATCH,38809.1,47.71%,7.74,13142.17,16.16%,D2C,Jan-24
Feb-24,Swiggy Instamart,South,BEC-CLN-001,BEC-CLN-001,179,35621,8908.23,5382.24,7,Cleaners,199,96,MATCH,26712.77,35.67%,6.62,4146.53,3.91%,Swiggy Instamart,Feb-24
Dec-24,D2C,South,BEC-KT-002,BEC-KT-002,125,52500,6364.26,5391.2,13,Kitchen Towel,420,205,MATCH,46135.74,44.46%,9.74,15119.54,10.40%,D2C,Dec-24
Apr-24,Blinkit,North,BEC-KT-001,BEC-KT-001,269,43040,4843.99,5395.61,7,Kitchen Towel,160,78,MATCH,38196.01,45.07%,7.98,11818.4,2.60%,Blinkit,Apr-24
Apr-25,Zepto,South,BEC-KT-002,BEC-KT-002,176,73920,10833.12,5404.46,6,Kitchen Towel,420,205,MATCH,63086.88,42.81%,13.68,21602.42,3.41%,Zepto,Apr-25
Jan-25,Blinkit,South,BEC-GB-002,BEC-GB-002,238,42602,3136.78,5407.64,10,Garbage Bags,179,86,MATCH,39465.22,48.14%,7.88,13589.58,4.20%,Blinkit,Jun-25
Nov-24,Blinkit,North,BEC-KT-002,BEC-KT-002,140,58800,10746.42,5417.55,2,Kitchen Towel,420,205,MATCH,48053.58,40.28%,10.85,13936.03,1.43%,Blinkit,Nov-24
Aug-24,Amazon ,South,BEC-KT-002,BEC-KT-002,183,76860,22707.88,5417.8,8,Kitchen Towel,420,205,MATCH,54152.12,30.72%,14.19,11219.32,4.37%,Amazon,Aug-24
Mar-24,Blinkit,West,BEC-TIS-002,BEC-TIS-002,315,56700,13082.39,5418.87,7,Tissues,180,95,MATCH,43617.61,31.39%,10.46,8273.74,2.22%,Blinkit,Mar-24
May-25,D2C,North,BEC-TIS-002,BEC-TIS-002,246,44280,2332.04,5425.04,33,Tissues,180,95,MATCH,41947.96,44.29%,8.16,13152.92,13.41%,D2C,May-25
Apr-24,D2C,West,BEC-TIS-002,BEC-TIS-002,250,45000,5343.22,5426.91,29,Tissues,180,95,MATCH,39656.78,40.11%,8.29,10479.87,11.60%,D2C,Apr-24
Oct-24,Blinkit,North,BEC-KT-002,BEC-KT-002,189,79380,8395.64,5429.19,4,Kitchen Towel,420,205,MATCH,70984.36,45.42%,14.62,26810.17,2.12%,Blinkit,Oct-24
Apr-25,Blinkit,South,BEC-TIS-002,BEC-TIS-002,266,47880,4248.91,5430.22,13,Tissues,180,95,MATCH,43631.09,42.08%,8.82,12930.87,4.89%,Blinkit,Apr-25
Mar-25,Zepto,West,BEC-GB-001,BEC-GB-001,308,45892,9557.76,5446,6,Garbage Bags,149,70,MATCH,36334.24,40.66%,8.43,9328.24,1.95%,Zepto,Mar-25
Jun-24,D2C,South,BEC-CLN-001,BEC-CLN-001,131,"26,069",2493.91,5455.54,16,Cleaners,199,96,MATCH,23575.09,46.66%,4.78,5543.55,12.21%,D2C,Jun-24
Feb-25,Swiggy Instamart,West,BEC-CLN-004,BEC-CLN-004,233,23067,3868.44,5457.16,6,Cleaners,99,44,MATCH,19198.56,46.60%,4.23,3489.4,2.58%,Swiggy Instamart,Feb-25
Jan-25,Swiggy Instamart,West,BEC-CLN-004,BEC-CLN-004,207,20493,3352.55,5459.73,8,Cleaners,99,44,MATCH,17140.45,46.86%,3.75,2572.72,3.86%,Swiggy Instamart,Jan-25
May-25,Zepto,South,BEC-KT-002,BEC-KT-002,130,54600,14203.84,5475.22,4,Kitchen Towel,420,205,MATCH,40396.16,34.03%,9.97,8270.94,3.08%,Zepto,May-25
Oct-24,Blinkit,West,BEC-GB-002,BEC-GB-002,320,57280,11470.86,5491.36,6,Garbage Bags,179,86,MATCH,45809.14,39.92%,10.43,12797.78,1.88%,Blinkit,Oct-24
Jun-25,Blinkit,North,BEC-KT-001,BEC-KT-001,275,44000,3073.74,5497.61,11,Kitchen Towel,160,78,MATCH,40926.26,47.59%,8.00,13978.65,4.00%,Blinkit,Jun-25
Apr-25, Zepto,North,BEC-CLN-004,BEC-CLN-004,320,31680,8938.71,5499.06,13,Cleaners,99,44,MATCH,22741.29,38.09%,5.76,3162.23,4.06%,Zepto,Apr-25
Sep-24,Flipkart,North,BEC-KT-002,BEC-KT-002,135,56700,7980.76,5502.45,6,Kitchen Towel,420,205,MATCH,48719.24,43.19%,10.30,15541.79,4.44%,Flipkart,Sep-24
Mar-24,Swiggy Instamart,South,BEC-CLN-002,BEC-CLN-002,121,22385,4833.12,5508.27,3,Cleaners,185,88,MATCH,17551.88,39.33%,4.06,1395.61,2.48%,Swiggy Instamart,Mar-24
Apr-25,Blinkit,North,BEC-TIS-002,BEC-TIS-002,363,65340,5218.51,5514.45,14,Tissues,180,95,MATCH,60121.49,42.64%,11.85,20122.04,3.86%,Blinkit,Apr-25
Mar-24,Flipkart,North,BEC-KT-002,BEC-KT-002,168,70560,7997.06,5518.01,9,Kitchen Towel,420,205,MATCH,62562.94,44.95%,12.79,22604.93,5.36%,Flipkart,Mar-24
May-25,Flipkart,North,BEC-KT-002,BEC-KT-002,209,87780,18525.28,5525.29,9,Kitchen Towel,420,205,MATCH,69254.72,38.13%,15.89,20884.43,4.31%,Flipkart,May-25
Sep-24,Blinkit,South,BEC-CLN-002,BEC-CLN-002,193,35705,10689.43,5529.67,9,Cleaners,185,88,MATCH,25015.57,32.11%,6.46,2501.9,4.66%,Blinkit,Sep-24
Mar-24,Blinkit,West,BEC-GB-002,BEC-GB-002,412,73748,9389.08,5533.2,17,Garbage Bags,179,86,MATCH,64358.92,44.95%,13.33,23393.72,4.13%,Blinkit,Mar-24
Feb-25,Flipkart,South,BEC-CLN-001,BEC-CLN-001,158,31442,7646.82,5534.33,4,Cleaners,199,96,MATCH,23795.18,36.26%,5.68,3092.85,2.53%,Flipkart,Feb-25
Feb-24,D2C,West,BEC-KT-002,BEC-KT-002,207,86940,1913.99,5536.22,32,Kitchen Towel,420,205,MATCH,85026.01,50.09%,15.70,37054.79,15.46%,D2C,Feb-24
Mar-24,Blinkit,West,BEC-BW-001,BEC-BW-001,202,44440,3023.92,5543.94,6,Bake & Wrap,220,118,MATCH,41416.08,42.45%,8.02,12036.14,2.97%,Blinkit,Mar-24
Feb-25,Flipkart,North,BEC-KT-002,BEC-KT-002,201,84420,17731,5549.68,9,Kitchen Towel,420,205,MATCH,66689,38.21%,15.21,19934.32,4.48%,Flipkart,Feb-25
Jul-24,Amazon,South,BEC-GB-002,BEC-GB-002,272,48688,10675.11,5550.14,16,Garbage Bags,179,86,MATCH,38012.89,38.46%,8.77,9070.75,5.88%,Amazon,Jul-24
Nov-24,Amazon,West,BEC-GB-001,BEC-GB-001,394,58706,9859.76,5551.17,10,Garbage Bags,149,70,MATCH,48846.24,43.54%,10.58,15715.07,2.54%,Amazon,Nov-24
Jun-24,D2C,North,BEC-CLN-004,BEC-CLN-004,204,20196,1647.81,5553.54,32,Cleaners,99,44,MATCH,18548.19,51.61%,3.64,4018.65,15.69%,D2C,Jun-24
Jul-24,D2C,North,BEC-KT-002,BEC-KT-002,108,45360,3874.21,5559.14,14,Kitchen Towel,420,205,MATCH,41485.79,46.63%,8.16,13786.65,12.96%,D2C,Jul-24
Mar-25,D2C,North,BEC-KT-002,BEC-KT-002,126,52920,6609.78,5561.65,20,Kitchen Towel,420,205,MATCH,46310.22,44.22%,9.52,14918.57,15.87%,D2C,Mar-25
Jun-24,Blinkit,North,BEC-GB-001,BEC-GB-001,288,42912,4441.04,5564.52,6,Garbage Bags,149,70,MATCH,38470.96,47.60%,7.71,12746.44,2.08%,Blinkit,Jun-24
Apr-25,Flipkart,West,BEC-TIS-002,BEC-TIS-002,284,51120,9884.2,5567.6,12,Tissues,180,95,MATCH,41235.8,34.57%,9.18,8688.2,4.23%,Flipkart,Apr-25
May-25,D2C,West,BEC-CLN-004,BEC-CLN-004,337,33363,2791.41,5569.43,32,Cleaners,99,44,MATCH,30571.59,51.50%,5.99,10174.16,9.50%,D2C,May-25
Sep-24,Blinkit,South,  BEC-CLN-004,BEC-CLN-004,219,21681,1261.64,5570.73,9,Cleaners,99,44,MATCH,20419.36,52.81%,3.89,5212.63,4.11%,Blinkit,Sep-24
Jun-25,D2C,South,BEC-CLN-004,BEC-CLN-004,225,22275,2915.18,5573.59,31,Cleaners,99,44,MATCH,19359.82,48.86%,4.00,3886.23,13.78%,D2C,Jun-25
Mar-25,Blinkit,South,BEC-GB-001,BEC-GB-001,295,43955,6581.05,5581.22,12,Garbage Bags,149,70,MATCH,37373.95,44.75%,7.88,11142.73,4.07%,Blinkit,Mar-25
Jan-25,Blinkit,West,BEC-TIS-001,BEC-TIS-001,502,47690,7375.69,5583.31,22,Tissues,95,42,MATCH,40314.31,47.70%,8.54,13647,4.38%,Blinkit,Jan-25
Feb-24, Zepto,North,BEC-KT-002,BEC-KT-002,145,60900,13356.61,5585.92,6,Kitchen Towel,420,205,MATCH,47543.39,37.48%,10.90,12232.47,4.14%,Zepto,Feb-24
Apr-25,Amazon ,West,BEC-BW-002,BEC-BW-002,285,49875,10334.09,5587.38,10,Bake & Wrap,175,92,MATCH,39540.91,33.69%,8.93,7733.53,3.51%,Amazon,Apr-25
Apr-24,Blinkit,West,BEC-CMB-001,BEC-CMB-001,71,49629,7526.84,5589.04,1,Others,699,330,MATCH,42102.16,44.35%,8.88,13083.12,1.41%,Blinkit,Apr-24
May-25,Amazon,North,BEC-KT-001,BEC-KT-001,444,71040,13112.48,5610.81,10,Kitchen Towel,160,78,MATCH,57927.52,40.21%,12.66,17684.71,2.25%,Amazon,May-25
Mar-25,Swiggy Instamart,South,BEC-CLN-001,BEC-CLN-001,150,"29,850",8732.27,5611.02,3,Cleaners,199,96,MATCH,21117.73,31.81%,5.32,1106.71,2.00%,Swiggy Instamart,Mar-25
Apr-24,D2C,North,BEC-CLN-004,BEC-CLN-004,285,28215,4056.26,5612.79,44,Cleaners,99,44,MATCH,24158.74,48.09%,5.03,6005.95,15.44%,D2C,Apr-24
Jan-25,Flipkart,West,BEC-KT-002,BEC-KT-002,150,63000,6197.44,5624.1,4,Kitchen Towel,420,205,MATCH,56802.56,45.87%,11.20,20428.46,2.67%,Flipkart,Jan-25
Feb-24,Flipkart,South,BEC-CLN-004,BEC-CLN-004,245,24255,6493.28,5628.86,12,Cleaners,99,44,MATCH,17761.72,39.31%,4.31,1352.86,4.90%,Flipkart,Feb-24
Feb-24,Amazon ,West,BEC-KT-001,BEC-KT-001,483,77280,20566.24,5631.77,9,Kitchen Towel,160,78,MATCH,56713.76,33.57%,13.72,13407.99,1.86%,Amazon,Feb-24
Apr-25,Amazon ,North,BEC-GB-002,BEC-GB-002,381,68199,15443.04,5633.65,22,Garbage Bags,179,86,MATCH,52755.96,37.89%,12.11,14356.31,5.77%,Amazon,Apr-25
Aug-24, Zepto,West,BEC-CLN-004,BEC-CLN-004,268,26532,3340.71,5645.26,12,Cleaners,99,44,MATCH,23191.29,49.15%,4.70,5754.03,4.48%,Zepto,Aug-24
May-25,Blinkit,North,BEC-CLN-004,BEC-CLN-004,309,30591,4839.34,5652.8,10,Cleaners,99,44,MATCH,25751.66,47.20%,5.41,6502.86,3.24%,Blinkit,May-25
Jul-24,Amazon,West,BEC-KT-001,BEC-KT-001,346,55360,15829.99,5654.91,12,Kitchen Towel,160,78,MATCH,39530.01,31.73%,9.79,6887.1,3.47%,Amazon,Jul-24
Feb-25, Zepto,West,BEC-GB-002,BEC-GB-002,408,73032,17138.03,5658.04,18,Garbage Bags,179,86,MATCH,55893.97,37.22%,12.91,15147.93,4.41%,Zepto,Feb-25
May-24,D2C,South,BEC-CLN-002,BEC-CLN-002,139,25715,961.57,5658.06,20,Cleaners,185,88,MATCH,24753.43,50.58%,4.54,6863.37,14.39%,D2C,May-24
Jun-25,Amazon,West,BEC-GB-002,BEC-GB-002,345,61755,11733.78,5662.62,15,Garbage Bags,179,86,MATCH,50021.22,40.69%,10.91,14688.6,4.35%,Amazon,Jun-25
Aug-24,Blinkit,West,BEC-CLN-004,BEC-CLN-004,346,34254,9109.39,5667.11,20,Cleaners,99,44,MATCH,25144.61,39.45%,6.04,4253.5,5.78%,Blinkit,Aug-24
Jun-25,Blinkit,South,BEC-KT-002,BEC-KT-002,217,91140,10347.23,5686.18,7,Kitchen Towel,420,205,MATCH,80792.77,44.94%,16.03,30621.59,3.23%,Blinkit,Jun-25
May-24,D2C,West,  BEC-TIS-002,BEC-TIS-002,225,40500,1087.47,5688.98,31,Tissues,180,95,MATCH,39412.53,45.77%,7.12,12348.55,13.78%,D2C,May-24
Jan-25,Blinkit,North,BEC-KT-002,BEC-KT-002,310,130200,26981.83,5695.44,16,Kitchen Towel,420,205,MATCH,103218.17,38.43%,22.86,33972.73,5.16%,Blinkit,Jan-25
Jan-25,Blinkit,South,BEC-CLN-004,BEC-CLN-004,312,30888,2532.51,5698.39,12,Cleaners,99,44,MATCH,28355.49,51.59%,5.42,8929.1,3.85%,Blinkit,Jan-25
May-25,Blinkit,West,BEC-TIS-002,BEC-TIS-002,541,97380,12866.2,5701.06,27,Tissues,180,95,MATCH,84513.8,39.19%,17.08,27417.74,4.99%,Blinkit,May-25
May-25,D2C,North,BEC-KT-002,BEC-KT-002,156,65520,3481.69,5721.41,24,Kitchen Towel,420,205,MATCH,62038.31,48.45%,11.45,24336.9,15.38%,D2C,May-25
Sep-24,Amazon,North,BEC-KT-001,BEC-KT-001,305,48800,5123.48,5722.96,6,Kitchen Towel,160,78,MATCH,43676.52,45.53%,8.53,14163.56,1.97%,Amazon,Sep-24
Jun-24,D2C,West,BEC-CLN-004,BEC-CLN-004,237,23463,924.54,5729.54,22,Cleaners,99,44,MATCH,22538.46,53.73%,4.10,6380.92,9.28%,D2C,Jun-24
Nov-24,Swiggy Instamart,West,BEC-CLN-004,BEC-CLN-004,286,28314,3525.25,5729.67,15,Cleaners,99,44,MATCH,24788.75,49.24%,4.94,6475.08,5.24%,Swiggy Instamart,Nov-24
Apr-24,Amazon,West,BEC-GB-001,BEC-GB-001,454,67646,11851.92,5730.18,23,Garbage Bags,149,70,MATCH,55794.08,43.04%,11.81,18283.9,5.07%,Amazon,Apr-24
May-25,Amazon ,West,BEC-BW-002,BEC-BW-002,343,60025,16683.32,5736.48,17,Bake & Wrap,175,92,MATCH,43341.68,27.19%,10.46,6049.2,4.96%,Amazon,May-25
Oct-24,Swiggy Instamart,South,BEC-CLN-001,BEC-CLN-001,108,21492,1243.4,5748.64,5,Cleaners,199,96,MATCH,20248.6,48.80%,3.74,4131.96,4.63%,Swiggy Instamart,Oct-24
May-24,Zepto,North,BEC-TIS-002,BEC-TIS-002,304,54720,3804.87,5749.05,16,Tissues,180,95,MATCH,50915.13,43.28%,9.52,16286.08,5.26%,Zepto,May-24
Sep-24,Swiggy Instamart,West,BEC-CLN-002,BEC-CLN-002,164,30340,8413.21,5754.98,7,Cleaners,185,88,MATCH,21926.79,34.18%,5.27,1739.81,4.27%,Swiggy Instamart,Sep-24
Apr-24,D2C,West,BEC-KT-002,BEC-KT-002,235,98700,9158.91,5763.59,33,Kitchen Towel,420,205,MATCH,89541.09,46.20%,17.12,35602.5,14.04%,D2C,Apr-24
May-24,Amazon ,North,BEC-TIS-002,BEC-TIS-002,322,57960,8282.42,5772.52,15,Tissues,180,95,MATCH,49677.58,38.42%,10.04,13315.06,4.66%,Amazon,May-24
Aug-24,Blinkit,North,BEC-TIS-002,BEC-TIS-002,283,50940,4248.27,5774.53,12,Tissues,180,95,MATCH,46691.73,42.42%,8.82,14032.2,4.24%,Blinkit,Aug-24
Jun-25, Zepto,West,BEC-TIS-002,BEC-TIS-002,424,76320,4462.2,5776.79,22,Tissues,180,95,MATCH,71857.8,43.94%,13.21,25801.01,5.19%,Zepto,Jun-25
Apr-24,Amazon ,West,BEC-BW-002,BEC-BW-002,300,52500,12297.43,5779.43,10,Bake & Wrap,175,92,MATCH,40202.57,31.35%,9.08,6823.14,3.33%,Amazon,Apr-24
Feb-25,D2C,West,BEC-TIS-002,BEC-TIS-002,288,51840,1410.46,5791.58,41,Tissues,180,95,MATCH,50429.54,45.75%,8.95,17277.96,14.24%,D2C,Feb-25
Dec-24,Amazon ,South,BEC-KT-002,BEC-KT-002,299,125580,30351.02,5800.07,6,Kitchen Towel,420,205,MATCH,95228.98,35.63%,21.65,28133.91,2.01%,Amazon,Dec-24
Apr-24,Blinkit,North,BEC-GB-001,BEC-GB-001,311,46339,6576.41,5804.45,18,Garbage Bags,149,70,MATCH,39762.59,45.25%,7.98,12188.14,5.79%,Blinkit,Apr-24
Jun-25,Swiggy Instamart,South,BEC-CLN-002,BEC-CLN-002,199,36815,7528.48,5805.87,10,Cleaners,185,88,MATCH,29286.52,40.20%,6.34,5968.65,5.03%,Swiggy Instamart,Jun-25
Aug-24,Blinkit,West,BEC-GB-002,BEC-GB-002,267,47793,4061.11,5810.51,15,Garbage Bags,179,86,MATCH,43731.89,47.49%,8.23,14959.38,5.62%,Blinkit,Aug-24
Mar-25, Zepto,South,BEC-TIS-002,BEC-TIS-002,261,46980,7664.67,5820.12,15,Tissues,180,95,MATCH,39315.33,36.93%,8.07,8700.21,5.75%,Zepto,Mar-25
Dec-24,Blinkit,South,BEC-TIS-002,BEC-TIS-002,266,47880,3555.85,5820.35,8,Tissues,180,95,MATCH,44324.15,42.99%,8.23,13233.8,3.01%,Blinkit,Dec-24
Apr-25,Blinkit,North,BEC-GB-002,BEC-GB-002,319,57101,12853.52,5827.51,16,Garbage Bags,179,86,MATCH,44247.48,38.00%,9.80,10985.97,5.02%,Blinkit,Apr-25
May-24,Zepto,West,BEC-KT-002,BEC-KT-002,323,135660,28781.11,5828.1,8,Kitchen Towel,420,205,MATCH,106878.89,38.05%,23.28,34835.79,2.48%,Zepto,May-24
Mar-25,Amazon,South,BEC-GB-001,BEC-GB-001,313,46637,6356.21,5829.21,12,Garbage Bags,149,70,MATCH,40280.79,45.61%,8.00,12541.58,3.83%,Amazon,Mar-25
Apr-25,D2C,South,BEC-KT-002,BEC-KT-002,123,51660,2820.48,5833.04,14,Kitchen Towel,420,205,MATCH,48839.52,48.37%,8.86,17791.48,11.38%,D2C,Apr-25
Oct-24, Zepto,South,BEC-CLN-002,BEC-CLN-002,198,36630,10339.67,5833.1,5,Cleaners,185,88,MATCH,26290.33,33.72%,6.28,3033.23,2.53%,Zepto,Oct-24
Nov-24,D2C,West,BEC-CLN-004,BEC-CLN-004,304,30096,783.84,5838.87,36,Cleaners,99,44,MATCH,29312.16,54.37%,5.15,10097.29,11.84%,D2C,Nov-24
Nov-24,Zepto,North,BEC-CLN-004,BEC-CLN-004,313,30987,7364.21,5839.47,17,Cleaners,99,44,MATCH,23622.79,41.70%,5.31,4011.32,5.43%,Zepto,Nov-24
Feb-25, Zepto,South,BEC-CLN-004,BEC-CLN-004,263,26037,3796.9,5839.85,9,Cleaners,99,44,MATCH,22240.1,47.97%,4.46,4828.25,3.42%,Zepto,Feb-25
May-25,Swiggy Instamart,North,BEC-CLN-004,BEC-CLN-004,261,25839,5782.85,5844.34,6,Cleaners,99,44,MATCH,20056.15,42.74%,4.42,2727.81,2.30%,Swiggy Instamart,May-25
Dec-24,Swiggy Instamart,North,BEC-KT-002,BEC-KT-002,137,57540,5282,5864.59,8,Kitchen Towel,420,205,MATCH,52258,46.26%,9.81,18308.41,5.84%,Swiggy Instamart,Dec-24
Jun-25,Flipkart,South,BEC-CLN-001,BEC-CLN-001,173,34427,8458.06,5867.02,9,Cleaners,199,96,MATCH,25968.94,36.05%,5.87,3493.92,5.20%,Flipkart,Jun-25
Jan-25,Amazon,North,BEC-KT-001,BEC-KT-001,319,51040,3456.43,5875.15,15,Kitchen Towel,160,78,MATCH,47583.57,47.71%,8.69,16826.42,4.70%,Amazon,Jan-25
Jun-24,Swiggy Instamart,West,BEC-KT-002,BEC-KT-002,115,48300,3689.21,5881.27,4,Kitchen Towel,420,205,MATCH,44610.79,47.15%,8.21,15154.52,3.48%,Swiggy Instamart,Jun-24
Mar-25,D2C,North,BEC-CLN-004,BEC-CLN-004,326,32274,2814.32,5882.67,49,Cleaners,99,44,MATCH,29459.68,51.31%,5.49,9233.01,15.03%,D2C,Mar-25
May-24,D2C,West,BEC-CLN-004,BEC-CLN-004,309,30591,2644.59,5883.58,27,Cleaners,99,44,MATCH,27946.41,51.35%,5.20,8466.83,8.74%,D2C,May-24
Jul-24,Zepto,South,BEC-CLN-002,BEC-CLN-002,205,37925,6081.67,5884.44,4,Cleaners,185,88,MATCH,31843.33,43.35%,6.44,7918.89,1.95%,Zepto,Jul-24
Jan-25,Amazon,North,BEC-TIS-002,BEC-TIS-002,380,"68,400",16787.18,5884.94,17,Tissues,180,95,MATCH,51612.82,30.06%,11.62,9627.88,4.47%,Amazon,Jan-25
Jul-24,Amazon ,West,BEC-GB-002,BEC-GB-002,456,81624,16732.85,5891.35,19,Garbage Bags,179,86,MATCH,64891.15,39.57%,13.85,19783.8,4.17%,Amazon,Jul-24
Mar-24,Flipkart,South,BEC-CLN-001,BEC-CLN-001,230,45770,13584.63,5892.84,5,Cleaners,199,96,MATCH,32185.37,31.40%,7.77,4212.53,2.17%,Flipkart,Mar-24
Feb-25,D2C,North,BEC-CLN-004,BEC-CLN-004,227,22473,2902.23,5905.74,24,Cleaners,99,44,MATCH,19570.77,48.96%,3.81,3677.03,10.57%,D2C,Feb-25
Feb-24,Zepto,South,BEC-KT-002,BEC-KT-002,177,74340,8964.74,5905.86,9,Kitchen Towel,420,205,MATCH,65375.26,44.50%,12.59,23184.4,5.08%,Zepto,Feb-24
May-25,Flipkart,South,BEC-CLN-004,BEC-CLN-004,277,27423,4598.01,5906,16,Cleaners,99,44,MATCH,22824.99,46.60%,4.64,4730.99,5.78%,Flipkart,May-25
Jan-25,Flipkart,North,BEC-CLN-004,BEC-CLN-004,300,29700,1485.62,5909.31,15,Cleaners,99,44,MATCH,28214.38,53.22%,5.03,9105.07,5.00%,Flipkart,Mar-25
Jan-24,Swiggy Instamart,North,BEC-CLN-004,BEC-CLN-004,213,21087,2220.08,5910.74,9,Cleaners,99,44,MATCH,18866.92,50.33%,3.57,3584.18,4.23%,Swiggy Instamart,Jan-24
Sep-24,Swiggy Instamart,South,BEC-CLN-003,BEC-CLN-003,95,28405,7016.47,5912.17,4,Cleaners,299,150,MATCH,21388.53,33.38%,4.80,1226.36,4.21%,Swiggy Instamart,Sep-24
Jan-25,Amazon ,West,BEC-BW-002,BEC-BW-002,333,58275,16257.23,5915.39,7,Bake & Wrap,175,92,MATCH,42017.77,27.09%,9.85,5466.38,2.10%,Amazon,Jan-25
Apr-25,Blinkit,West,BEC-GB-001,BEC-GB-001,341,50809,4778.25,5925.67,18,Garbage Bags,149,70,MATCH,46030.75,48.14%,8.57,16235.08,5.28%,Blinkit,Apr-25
Dec-24,Amazon ,West,BEC-GB-002,BEC-GB-002,305,54595,12244.87,5934.13,10,Garbage Bags,179,86,MATCH,42350.13,38.06%,9.20,10186,3.28%,Amazon,Dec-24
Jun-25,Blinkit,West,BEC-KT-002,BEC-KT-002,237,99540,29777.95,5945.89,13,Kitchen Towel,420,205,MATCH,69762.05,30.36%,16.74,15231.16,5.49%,Blinkit,Jun-25
Mar-24,Flipkart,North,BEC-CLN-004,BEC-CLN-004,214,"21,186",3340.18,5947.38,6,Cleaners,99,44,MATCH,17845.82,47.24%,3.56,2482.44,2.80%,Flipkart,Mar-24
Apr-24,Amazon,South,BEC-CLN-004,BEC-CLN-004,325,32175,3055.81,5950.76,11,Cleaners,99,44,MATCH,29119.19,50.89%,5.41,8868.43,3.38%,Amazon,Apr-24
Dec-24,Blinkit,South,BEC-CLN-004,BEC-CLN-004,238,23562,0,5959.84,7,Cleaners,99,44,MATCH,23562,55.56%,3.95,7130.16,2.94%,Blinkit,Dec-24
Jun-25,D2C,South,BEC-CLN-001,BEC-CLN-001,145,28855,3796.48,5971.32,17,Cleaners,199,96,MATCH,25058.52,44.45%,4.83,5167.2,11.72%,D2C,Jun-25
Feb-24,Amazon ,South,BEC-CLN-004,BEC-CLN-004,409,40491,10479.9,5974.32,20,Cleaners,99,44,MATCH,30011.1,40.04%,6.78,6040.78,4.89%,Amazon,Feb-24
Jan-24,Flipkart,West,BEC-CLN-004,BEC-CLN-004,323,31977,6869.17,5975.39,18,Cleaners,99,44,MATCH,25107.83,43.40%,5.35,4920.44,5.57%,Flipkart,Jan-24
Feb-25,Blinkit,North,BEC-KT-001,BEC-KT-001,332,53120,9440.36,5976.5,16,Kitchen Towel,160,78,MATCH,43679.64,40.71%,8.89,11807.14,4.82%,Blinkit,Feb-25
Jun-24,Zepto,West,BEC-TIS-002,BEC-TIS-002,276,49680,4056.08,5979.25,13,Tissues,180,95,MATCH,45623.92,42.53%,8.31,13424.67,4.71%,Zepto,Jun-24
May-24,Amazon ,South,BEC-TIS-002,BEC-TIS-002,349,62820,9909.6,5991.82,12,Tissues,180,95,MATCH,52910.4,37.34%,10.48,13763.58,3.44%,Amazon,May-24
Sep-24,Blinkit,West,  BEC-CLN-004,BEC-CLN-004,274,27126,5732.61,5994.19,12,Cleaners,99,44,MATCH,21393.39,43.65%,4.53,3343.2,4.38%,Blinkit,Sep-24
Oct-24,D2C,South,BEC-CLN-001,BEC-CLN-001,101,20099,571.21,5998.91,14,Cleaners,199,96,MATCH,19527.79,50.35%,3.35,3832.88,13.86%,D2C,Oct-24
Jun-24,Zepto,North,BEC-CLN-004,BEC-CLN-004,284,28116,2518.29,5998.99,8,Cleaners,99,44,MATCH,25597.71,51.18%,4.69,7102.72,2.82%,Zepto,Jun-24
Apr-24,Amazon ,South,BEC-GB-002,BEC-GB-002,290,51910,8455.96,6002.63,12,Garbage Bags,179,86,MATCH,43454.04,42.61%,8.65,12511.41,4.14%,Amazon,Apr-24
Apr-24,Swiggy Instamart,West,BEC-CLN-004,BEC-CLN-004,247,24453,6606.15,6005.82,5,Cleaners,99,44,MATCH,17846.85,39.10%,4.07,973.029999999999,2.02%,Swiggy Instamart,Apr-24
Jan-25,Blinkit,West,BEC-TIS-002,BEC-TIS-002,321,57780,5797.44,6038.62,7,Tissues,180,95,MATCH,51982.56,41.34%,9.57,15448.94,2.18%,Blinkit,Jan-25
May-25,Amazon,West,BEC-GB-001,BEC-GB-001,508,75692,15299.91,6039.54,22,Garbage Bags,149,70,MATCH,60392.09,41.12%,12.53,18792.55,4.33%,Amazon,May-25
Mar-24,Amazon,North,BEC-KT-001,BEC-KT-001,325,52000,4666.42,6047.08,15,Kitchen Towel,160,78,MATCH,47333.58,46.44%,8.60,15936.5,4.62%,Amazon,Mar-24
Jun-25,Amazon ,South,BEC-TIS-002,BEC-TIS-002,298,53640,11892.1,6064.1,11,Tissues,180,95,MATCH,41747.9,32.19%,8.85,7373.8,3.69%,Amazon,Jun-25
May-25,Amazon,West,  BEC-CMB-001,BEC-CMB-001,97,67803,19541.04,6065.15,4,Others,699,330,MATCH,48261.96,33.67%,11.18,10186.81,4.12%,Amazon,May-25
Oct-24,Amazon,West,BEC-GB-002,BEC-GB-002,321,57459,9343.38,6068.94,18,Garbage Bags,179,86,MATCH,48115.62,42.63%,9.47,14440.68,5.61%,Amazon,Oct-24
Dec-24,Flipkart,North,BEC-KT-002,BEC-KT-002,177,74340,21485.2,6069.71,4,Kitchen Towel,420,205,MATCH,52854.8,31.35%,12.25,10500.09,2.26%,Flipkart,Dec-24
Jan-24,D2C,North,BEC-KT-002,BEC-KT-002,137,57540,1613.54,6071.05,12,Kitchen Towel,420,205,MATCH,55926.46,49.78%,9.48,21770.41,8.76%,D2C,Jan-24
Feb-25,Swiggy Instamart,West,BEC-KT-002,BEC-KT-002,166,69720,6212.14,6080.8,5,Kitchen Towel,420,205,MATCH,63507.86,46.42%,11.47,23397.06,3.01%,Swiggy Instamart,Feb-25
Apr-24,Blinkit,South,BEC-KT-002,BEC-KT-002,228,95760,10154.24,6082.89,5,Kitchen Towel,420,205,MATCH,85605.76,45.40%,15.74,32782.87,2.19%,Blinkit,Apr-24
Aug-24,Flipkart,West,BEC-CLN-002,BEC-CLN-002,215,39775,6036.96,6087.83,8,Cleaners,185,88,MATCH,33738.04,43.92%,6.53,8730.21,3.72%,Flipkart,Aug-24
May-25,Amazon ,South,BEC-KT-002,BEC-KT-002,288,120960,21103.1,6088.81,15,Kitchen Towel,420,205,MATCH,99856.9,40.88%,19.87,34728.09,5.21%,Amazon,May-25
Nov-24,Amazon,South,BEC-CLN-004,BEC-CLN-004,278,27522,3065.21,6100.52,14,Cleaners,99,44,MATCH,24456.79,49.99%,4.51,6124.27,5.04%,Amazon,Nov-24
May-24,D2C,South,BEC-CLN-001,BEC-CLN-001,122,24278,3122.28,6115.12,18,Cleaners,199,96,MATCH,21155.72,44.64%,3.97,3328.6,14.75%,D2C,May-24
Oct-24,D2C,West,BEC-CLN-002,BEC-CLN-002,173,32005,3561.79,6121.51,28,Cleaners,185,88,MATCH,28443.21,46.48%,5.23,7097.7,16.18%,D2C,Oct-24
Aug-24,Swiggy Instamart,South,BEC-CLN-001,BEC-CLN-001,107,21293,2267.87,6123.69,3,Cleaners,199,96,MATCH,19025.13,46.01%,3.48,2629.44,2.80%,Swiggy Instamart,Aug-24
Mar-25,Amazon,West,BEC-KT-001,BEC-KT-001,596,95360,21390.26,6140.89,23,Kitchen Towel,160,78,MATCH,73969.74,37.15%,15.53,21340.85,3.86%,Amazon,Mar-25
Feb-25,D2C,West,BEC-GB-002,BEC-GB-002,267,47793,1087.01,6142.11,41,Garbage Bags,179,86,MATCH,46705.99,50.84%,7.78,17601.88,15.36%,D2C,Feb-25
Jan-25,Amazon,West,BEC-BW-001,BEC-BW-001,290,63800,12037.1,6142.16,15,Bake & Wrap,220,118,MATCH,51762.9,33.89%,10.39,11400.74,5.17%,Amazon,Jan-25
Mar-25,Blinkit,West,BEC-KT-001,BEC-KT-001,392,62720,14180.86,6148.3,20,Kitchen Towel,160,78,MATCH,48539.14,37.01%,10.20,11814.84,5.10%,Blinkit,Mar-25
Sep-24,Blinkit,South,BEC-KT-002,BEC-KT-002,140,58800,16809.01,6158.95,5,Kitchen Towel,420,205,MATCH,41990.99,31.65%,9.55,7132.04000000001,3.57%,Blinkit,Sep-24
Feb-24,Amazon ,South,BEC-TIS-002,BEC-TIS-002,396,71280,6054.57,6178.45,9,Tissues,180,95,MATCH,65225.43,42.32%,11.54,21426.98,2.27%,Amazon,Feb-24
Apr-24,Blinkit,West,BEC-KT-001,BEC-KT-001,314,50240,8763.9,6179.27,15,Kitchen Towel,160,78,MATCH,41476.1,40.95%,8.13,10804.83,4.78%,Blinkit,Apr-24
Mar-24,Swiggy Instamart,South,BEC-CLN-001,BEC-CLN-001,193,38407,10111.96,6183.6,10,Cleaners,199,96,MATCH,28295.04,34.52%,6.21,3583.44,5.18%,Swiggy Instamart,Mar-24
Jul-24,Flipkart,West,BEC-CLN-002,BEC-CLN-002,222,41070,8381.37,6187.08,8,Cleaners,185,88,MATCH,32688.63,40.24%,6.64,6965.55,3.60%,Flipkart,Jul-24
May-25, Zepto,West,BEC-KT-002,BEC-KT-002,299,125580,16581.16,6188.53,13,Kitchen Towel,420,205,MATCH,108998.84,43.77%,20.29,41515.31,4.35%,Zepto,May-25
Jan-24,Zepto,West,BEC-GB-002,BEC-GB-002,259,46361,2936.67,6193.04,9,Garbage Bags,179,86,MATCH,43424.33,48.71%,7.49,14957.29,3.47%,Zepto,Jan-24
Jun-24,Flipkart,West,BEC-CLN-004,BEC-CLN-004,338,33462,7965.85,6198.2,15,Cleaners,99,44,MATCH,25496.15,41.67%,5.40,4425.95,4.44%,Flipkart,Jun-24
Jan-25,Amazon,West,BEC-TIS-001,BEC-TIS-001,566,53770,6253.08,6201.16,16,Tissues,95,42,MATCH,47516.92,49.97%,8.67,17543.76,2.83%,Amazon,Jan-25
Mar-25,Swiggy Instamart,West,BEC-TIS-002,BEC-TIS-002,326,58680,11621.16,6204.72,8,Tissues,180,95,MATCH,47058.84,34.19%,9.46,9884.12,2.45%,Swiggy Instamart,Mar-25
Jul-24,Swiggy Instamart,West,BEC-CLN-001,BEC-CLN-001,170,33830,6518.41,6206.5,4,Cleaners,199,96,MATCH,27311.59,40.25%,5.45,4785.09,2.35%,Swiggy Instamart,Jul-24
Mar-25,Amazon ,North,BEC-KT-001,BEC-KT-001,349,55840,3355.49,6209.1,18,Kitchen Towel,160,78,MATCH,52484.51,48.13%,8.99,19053.41,5.16%,Amazon,Mar-25
Apr-24,Flipkart,West,BEC-CLN-004,BEC-CLN-004,237,23463,2664.19,6218.51,13,Cleaners,99,44,MATCH,20798.81,49.86%,3.77,4152.3,5.49%,Flipkart,Apr-24
Jan-25,Flipkart,West,BEC-GB-002,BEC-GB-002,299,53521,4689.24,6223.05,14,Garbage Bags,179,86,MATCH,48831.76,47.34%,8.60,16894.71,4.68%,Flipkart,Jan-25
Sep-24,Flipkart,South,BEC-CLN-001,BEC-CLN-001,110,21890,1891.22,6230.57,6,Cleaners,199,96,MATCH,19998.78,47.20%,3.51,3208.21,5.45%,Flipkart,Sep-24
Mar-25,Zepto,West,BEC-KT-001,BEC-KT-001,390,62400,14181.29,6235.43,15,Kitchen Towel,160,78,MATCH,48218.71,36.91%,10.01,11563.28,3.85%,Zepto,Mar-25
Jun-25,Amazon,South,BEC-CLN-004,BEC-CLN-004,375,37125,5897.03,6238.87,20,Cleaners,99,44,MATCH,31227.97,47.16%,5.95,8489.1,5.33%,Amazon,Jun-25
Mar-25,Amazon,North,BEC-TIS-001,BEC-TIS-001,538,51110,6180.02,6240.56,24,Tissues,95,42,MATCH,44929.98,49.71%,8.19,16093.42,4.46%,Amazon,Mar-25
Apr-24,Amazon ,North,BEC-GB-002,BEC-GB-002,352,63008,3462.76,6246.24,18,Garbage Bags,179,86,MATCH,59545.24,49.16%,10.09,23027,5.11%,Amazon,Apr-24
Dec-24,Amazon ,West,BEC-TIS-001,BEC-TIS-001,543,51585,8113.56,6275.82,29,Tissues,95,42,MATCH,43471.44,47.54%,8.22,14389.62,5.34%,Amazon,Dec-24
Oct-24,Blinkit,West,BEC-CLN-004,BEC-CLN-004,403,39897,10577.19,6280.06,15,Cleaners,99,44,MATCH,29319.81,39.52%,6.35,5307.75,3.72%,Blinkit,Oct-24
Aug-24,Swiggy Instamart,West,BEC-KT-002,BEC-KT-002,166,69720,3623.25,6299.02,7,Kitchen Towel,420,205,MATCH,66096.75,48.51%,11.07,25767.73,4.22%,Swiggy Instamart,Aug-24
Feb-24,Amazon,West,BEC-GB-002,BEC-GB-002,317,56743,4205.67,6299.05,8,Garbage Bags,179,86,MATCH,52537.33,48.11%,9.01,18976.28,2.52%,Amazon,Feb-24
Jun-24,Zepto,South,BEC-KT-002,BEC-KT-002,163,68460,18049.46,6311.54,7,Kitchen Towel,420,205,MATCH,50410.54,33.71%,10.85,10684,4.29%,Zepto,Jun-24
Oct-24,Zepto,North,BEC-CLN-002,BEC-CLN-002,251,46435,11651.92,6311.61,10,Cleaners,185,88,MATCH,34783.08,36.50%,7.36,6383.47,3.98%,Zepto,Oct-24
Aug-24,Amazon,South,BEC-CLN-004,BEC-CLN-004,265,26235,5515.64,6312.89,14,Cleaners,99,44,MATCH,20719.36,43.72%,4.16,2746.47,5.28%,Amazon,Aug-24
Feb-25,D2C,South,BEC-CLN-001,BEC-CLN-001,165,32835,947.24,6314.29,19,Cleaners,199,96,MATCH,31887.76,50.33%,5.20,9733.47,11.52%,D2C,Feb-25
Mar-24,Blinkit,South,BEC-KT-002,BEC-KT-002,219,91980,20155.05,6324.09,12,Kitchen Towel,420,205,MATCH,71824.95,37.49%,14.54,20605.86,5.48%,Blinkit,Mar-24
Mar-24,D2C,West,BEC-CLN-004,BEC-CLN-004,287,28413,757.19,6325.39,45,Cleaners,99,44,MATCH,27655.81,54.34%,4.49,8702.42,15.68%,D2C,Mar-24
Dec-24,Swiggy Instamart,West,BEC-KT-002,BEC-KT-002,194,81480,17724.78,6329.48,10,Kitchen Towel,420,205,MATCH,63755.22,37.62%,12.87,17655.74,5.15%,Swiggy Instamart,Dec-24
Oct-24, Zepto,North,BEC-CLN-001,BEC-CLN-001,196,39004,10169.67,6331.84,10,Cleaners,199,96,MATCH,28834.33,34.74%,6.16,3686.49,5.10%,Zepto,Oct-24
Dec-24,Zepto,West,BEC-TIS-002,BEC-TIS-002,354,63720,3686.29,6332.23,11,Tissues,180,95,MATCH,60033.71,43.98%,10.06,20071.48,3.11%,Zepto,Dec-24
Dec-24,Amazon,South,BEC-GB-002,BEC-GB-002,336,60144,6812.16,6332.92,13,Garbage Bags,179,86,MATCH,53331.84,45.82%,9.50,18102.92,3.87%,Amazon,Dec-24
Feb-25,Zepto,North,BEC-CLN-004,BEC-CLN-004,303,29997,8003.27,6336.32,15,Cleaners,99,44,MATCH,21993.73,39.38%,4.73,2325.41,4.95%,Zepto,Feb-25
Sep-24,Swiggy Instamart,West,BEC-CLN-001,BEC-CLN-001,215,42785,11033.31,6336.34,12,Cleaners,199,96,MATCH,31751.69,35.00%,6.75,4775.35,5.58%,Swiggy Instamart,Sep-24
Feb-24,Swiggy Instamart,South,BEC-CLN-003,BEC-CLN-003,131,39169,6610.83,6345.53,4,Cleaners,299,150,MATCH,32558.17,39.65%,6.17,6562.64,3.05%,Swiggy Instamart,Feb-24
May-24,Swiggy Instamart,South,BEC-CLN-001,BEC-CLN-001,157,31243,2134.5,6359.29,8,Cleaners,199,96,MATCH,29108.5,48.22%,4.91,7677.21,5.10%,Swiggy Instamart,May-24
Mar-25,Blinkit,North,BEC-CLN-004,BEC-CLN-004,338,33462,8844.94,6377.35,7,Cleaners,99,44,MATCH,24617.06,39.59%,5.25,3367.71,2.07%,Blinkit,Mar-25
Jan-24,Swiggy Instamart,South,BEC-CLN-002,BEC-CLN-002,177,32745,7428.8,6383.14,3,Cleaners,185,88,MATCH,25316.2,38.47%,5.13,3357.06,1.69%,Swiggy Instamart,Jan-24
Mar-24,Blinkit,South,BEC-CLN-002,BEC-CLN-002,243,44955,11322.37,6385.61,7,Cleaners,185,88,MATCH,33632.63,36.42%,7.04,5863.02,2.88%,Blinkit,Mar-24
Feb-25, Zepto,South,BEC-CLN-002,BEC-CLN-002,210,38850,7657.39,6392.6,8,Cleaners,185,88,MATCH,31192.61,40.76%,6.08,6320.01,3.81%,Zepto,Feb-25
Feb-25,D2C,North,BEC-KT-002,BEC-KT-002,144,60480,8916.24,6401.54,24,Kitchen Towel,420,205,MATCH,51563.76,42.75%,9.45,15642.22,16.67%,D2C,Feb-25
Apr-24,Amazon,West,BEC-CMB-001,BEC-CMB-001,101,70599,4137.29,6410.61,3,Others,699,330,MATCH,66461.71,49.85%,11.01,26721.1,2.97%,Amazon,Apr-24
May-25,D2C,South,BEC-KT-002,BEC-KT-002,148,62160,4622.5,6413.23,25,Kitchen Towel,420,205,MATCH,57537.5,47.27%,9.69,20784.27,16.89%,D2C,May-25
Jan-25,Flipkart,South,BEC-CLN-004,BEC-CLN-004,261,25839,5010.59,6413.51,15,Cleaners,99,44,MATCH,20828.41,44.86%,4.03,2930.9,5.75%,Flipkart,Jan-25
Jan-24,Swiggy Instamart,West,BEC-KT-002,BEC-KT-002,176,73920,15609.81,6413.92,9,Kitchen Towel,420,205,MATCH,58310.19,38.12%,11.52,15816.27,5.11%,Swiggy Instamart,Feb-24
Jun-25, Zepto,North,BEC-CLN-004,BEC-CLN-004,284,28116,3241.18,6419.99,15,Cleaners,99,44,MATCH,24874.82,49.76%,4.38,5958.83,5.28%,Zepto,Jun-25
Nov-24,D2C,North,BEC-CLN-001,BEC-CLN-001,144,28656,2626.76,6427.91,23,Cleaners,199,96,MATCH,26029.24,46.89%,4.46,5777.33,15.97%,D2C,Nov-24
Sep-24,Amazon,West,BEC-TIS-002,BEC-TIS-002,387,69660,20081.62,6432.95,16,Tissues,180,95,MATCH,49578.38,25.84%,10.83,6380.43000000001,4.13%,Amazon,Sep-24
Jan-25,D2C,North,BEC-KT-002,BEC-KT-002,173,72660,6996.04,6438.44,19,Kitchen Towel,420,205,MATCH,65663.96,45.99%,11.29,23760.52,10.98%,D2C,Jan-25
May-24,Flipkart,South,BEC-CLN-001,BEC-CLN-001,145,28855,5525.53,6443.36,3,Cleaners,199,96,MATCH,23329.47,40.33%,4.48,2966.11,2.07%,Flipkart,May-24
May-25,Blinkit,North,BEC-KT-002,BEC-KT-002,294,123480,12583.86,6448.61,17,Kitchen Towel,420,205,MATCH,110896.14,45.65%,19.15,44177.53,5.78%,Blinkit,May-25
Oct-24,Amazon,West,BEC-BW-001,BEC-BW-001,249,54780,7711.12,6452.46,12,Bake & Wrap,220,118,MATCH,47068.88,37.58%,8.49,11234.42,4.82%,Amazon,Oct-24
Mar-25, Zepto,West,BEC-TIS-002,BEC-TIS-002,349,62820,16367.32,6470.65,16,Tissues,180,95,MATCH,46452.68,28.63%,9.71,6827.03,4.58%,Zepto,Mar-25
Jan-25,Swiggy Instamart,North,BEC-KT-002,BEC-KT-002,139,58380,14702.61,6472.72,4,Kitchen Towel,420,205,MATCH,43677.39,34.76%,9.02,8709.67,2.88%,Swiggy Instamart,Jan-25
Mar-25,D2C,West,BEC-KT-002,BEC-KT-002,167,70140,3166.24,6478.96,16,Kitchen Towel,420,205,MATCH,66973.76,48.88%,10.83,26259.8,9.58%,D2C,Mar-25
Sep-24,Amazon,West,BEC-CLN-004,BEC-CLN-004,391,38709,4312.65,6481.17,17,Cleaners,99,44,MATCH,34396.35,49.98%,5.97,10711.18,4.35%,Amazon,Sep-24
Nov-24,Blinkit,West,BEC-TIS-002,BEC-TIS-002,384,69120,13558.9,6505.63,12,Tissues,180,95,MATCH,55561.1,34.34%,10.62,12575.47,3.13%,Blinkit,Nov-24
Oct-24,Flipkart,North,BEC-KT-002,BEC-KT-002,156,65520,18338.56,6509.7,5,Kitchen Towel,420,205,MATCH,47181.44,32.22%,10.06,8691.74,3.21%,Flipkart,Oct-24
Aug-24,D2C,South,BEC-CLN-003,BEC-CLN-003,101,30199,4302.06,6535.43,15,Cleaners,299,150,MATCH,25896.94,41.50%,4.62,4211.51,14.85%,D2C,Aug-24
Apr-25,D2C,South,BEC-CLN-002,BEC-CLN-002,171,31635,1374.52,6538.76,17,Cleaners,185,88,MATCH,30260.48,50.27%,4.84,8673.72,9.94%,D2C,Apr-25
Jun-25,Swiggy Instamart,North,BEC-CLN-002,BEC-CLN-002,173,32005,6383.89,6543.21,8,Cleaners,185,88,MATCH,25621.11,40.58%,4.89,3853.9,4.62%,Swiggy Instamart,Jun-25
Feb-24,Flipkart,South,BEC-CLN-001,BEC-CLN-001,139,27661,4673.07,6548.29,7,Cleaners,199,96,MATCH,22987.93,41.95%,4.22,3095.64,5.04%,Flipkart,Feb-24
Jun-24,Flipkart,South,BEC-CLN-002,BEC-CLN-002,154,28490,3856.25,6552.52,7,Cleaners,185,88,MATCH,24633.75,44.99%,4.35,4529.23,4.55%,Flipkart,Jun-24
Jul-24,Blinkit,North,BEC-KT-002,BEC-KT-002,145,60900,4217.14,6556.01,8,Kitchen Towel,420,205,MATCH,56682.86,47.56%,9.29,20401.85,5.52%,Blinkit,Jul-24
Aug-24,Amazon ,North,BEC-KT-002,BEC-KT-002,170,71400,13153.41,6558.89,5,Kitchen Towel,420,205,MATCH,58246.59,40.17%,10.89,16837.7,2.94%,Amazon,Aug-24
Mar-25, Zepto,South,BEC-KT-002,BEC-KT-002,232,97440,15068.35,6569.79,5,Kitchen Towel,420,205,MATCH,82371.65,42.26%,14.83,28241.86,2.16%,Zepto,Mar-25
Feb-24,D2C,North,BEC-CLN-002,BEC-CLN-002,222,41070,5613.57,6574.46,32,Cleaners,185,88,MATCH,35456.43,44.90%,6.25,9345.97,14.41%,D2C,Feb-24
Oct-24,Flipkart,West,BEC-KT-002,BEC-KT-002,139,58380,8035.38,6577.61,5,Kitchen Towel,420,205,MATCH,50344.62,43.40%,8.88,15272.01,3.60%,Flipkart,Oct-24
Jan-24,D2C,West,BEC-KT-002,BEC-KT-002,139,58380,4907.52,6582.48,23,Kitchen Towel,420,205,MATCH,53472.48,46.71%,8.87,18395,16.55%,D2C,Jan-24
Dec-24,Amazon,North,BEC-CMB-001,BEC-CMB-001,72,50328,6378.79,6588.63,2,Others,699,330,MATCH,43949.21,45.94%,7.64,13600.58,2.78%,Amazon,Dec-24
May-25,Amazon,West,BEC-KT-001,BEC-KT-001,383,61280,9896.57,6596.23,8,Kitchen Towel,160,78,MATCH,51383.43,41.86%,9.29,14913.2,2.09%,Amazon,May-25
Jun-24, Zepto,South,BEC-CLN-001,BEC-CLN-001,212,42188,12402.27,6598.94,12,Cleaners,199,96,MATCH,29785.73,31.67%,6.39,2834.79,5.66%,Zepto,Jun-24
Jan-24,Blinkit,North,BEC-CLN-004,BEC-CLN-004,296,29304,6377.57,6606.14,16,Cleaners,99,44,MATCH,22926.43,43.19%,4.44,3296.29,5.41%,Blinkit,Nov-24
Apr-25,Blinkit,South,BEC-KT-002,BEC-KT-002,181,76020,12140.88,6616.98,9,Kitchen Towel,420,205,MATCH,63879.12,41.91%,11.49,20157.14,4.97%,Blinkit,Apr-25
Apr-25,Swiggy Instamart,South,BEC-CLN-001,BEC-CLN-001,137,27263,4921.19,6627.34,6,Cleaners,199,96,MATCH,22341.81,41.13%,4.11,2562.47,4.38%,Swiggy Instamart,Apr-25
May-25,Blinkit,South,BEC-CLN-004,BEC-CLN-004,349,34551,10213.99,6627.43,13,Cleaners,99,44,MATCH,24337.01,36.90%,5.21,2353.58,3.72%,Blinkit,May-25
May-25,D2C,North,BEC-CLN-004,BEC-CLN-004,263,26037,3329.17,6640.58,30,Cleaners,99,44,MATCH,22707.83,49.04%,3.92,4495.25,11.41%,D2C,May-25
Jun-24,Zepto,West,BEC-KT-002,BEC-KT-002,191,80220,21484.73,6640.74,9,Kitchen Towel,420,205,MATCH,58735.27,33.34%,12.08,12939.53,4.71%,Zepto,Jun-24
Apr-24,Zepto,West,BEC-CLN-004,BEC-CLN-004,397,39303,11367.36,6641.33,14,Cleaners,99,44,MATCH,27935.64,37.47%,5.92,3826.31,3.53%,Zepto,Apr-24
Sep-24, Zepto,North,BEC-CLN-004,BEC-CLN-004,224,22176,1990.39,6650.73,7,Cleaners,99,44,MATCH,20185.61,51.17%,3.33,3678.88,3.13%,Zepto,Sep-24
Jan-25,Blinkit,South,BEC-KT-002,BEC-KT-002,169,70980,5044.99,6657.33,3,Kitchen Towel,420,205,MATCH,65935.01,47.46%,10.66,24632.68,1.78%,Blinkit,Jan-25
Jun-25,Amazon,South,BEC-GB-002,BEC-GB-002,286,51194,3487.71,6662.33,9,Garbage Bags,179,86,MATCH,47706.29,48.44%,7.68,16447.96,3.15%,Amazon,Jun-25
Mar-24,Zepto,West,BEC-KT-002,BEC-KT-002,340,142800,29012.69,6671.95,13,Kitchen Towel,420,205,MATCH,113787.31,38.75%,21.40,37415.36,3.82%,Zepto,Mar-24
Jun-25,Zepto,North,BEC-KT-002,BEC-KT-002,172,72240,6623.94,6675.91,7,Kitchen Towel,420,205,MATCH,65616.06,46.26%,10.82,23680.15,4.07%,Zepto,Jun-25
Mar-24,Amazon,West,BEC-KT-001,BEC-KT-001,335,53600,6934.21,6679.69,17,Kitchen Towel,160,78,MATCH,46665.79,44.01%,8.02,13856.1,5.07%,Amazon,Mar-24
Dec-24,Flipkart,West,BEC-CLN-004,BEC-CLN-004,403,39897,8680.7,6683.6,8,Cleaners,99,44,MATCH,31216.3,43.20%,5.97,6800.7,1.99%,Flipkart,Dec-24
Nov-24,Swiggy Instamart,South,BEC-CLN-001,BEC-CLN-001,183,36417,8946.63,6684.34,6,Cleaners,199,96,MATCH,27470.37,36.05%,5.45,3218.03,3.28%,Swiggy Instamart,Nov-24
Apr-25,Flipkart,West,BEC-CLN-004,BEC-CLN-004,277,27423,7359.7,6684.57,15,Cleaners,99,44,MATCH,20063.3,39.25%,4.10,1190.73,5.42%,Flipkart,Apr-25
Feb-24,Zepto,South,BEC-CLN-004,BEC-CLN-004,267,26433,4167.84,6704.34,7,Cleaners,99,44,MATCH,22265.16,47.24%,3.94,3812.82,2.62%,Zepto,Feb-24
May-25,Amazon,West,BEC-GB-002,BEC-GB-002,466,83414,6136.52,6709.07,10,Garbage Bags,179,86,MATCH,77277.48,48.14%,12.43,30492.41,2.15%,Amazon,May-25
Nov-24,Zepto,South,BEC-CLN-002,BEC-CLN-002,173,32005,3392.64,6711.53,7,Cleaners,185,88,MATCH,28612.36,46.79%,4.77,6676.83,4.05%,Zepto,Nov-24
Feb-24,Amazon,North,BEC-TIS-002,BEC-TIS-002,424,"76,320",10397.11,6720.55,8,Tissues,180,95,MATCH,65922.89,38.90%,11.36,18922.34,1.89%,Amazon,Feb-24
Feb-25,Amazon,West,BEC-GB-001,BEC-GB-001,427,63623,12775.28,6721.04,11,Garbage Bags,149,70,MATCH,50847.72,41.22%,9.47,14236.68,2.58%,Amazon,Feb-25
Jul-24,Zepto,North,BEC-CLN-002,BEC-CLN-002,242,44770,10458.8,6721.74,7,Cleaners,185,88,MATCH,34311.2,37.93%,6.66,6293.46,2.89%,Zepto,Jul-24
Apr-24,Flipkart,South,BEC-CLN-002,BEC-CLN-002,154,28490,4812.25,6722.41,7,Cleaners,185,88,MATCH,23677.75,42.76%,4.24,3403.34,4.55%,Flipkart,Apr-24
Dec-24,D2C,North,BEC-KT-002,BEC-KT-002,135,56700,7952.83,6724.04,13,Kitchen Towel,420,205,MATCH,48747.17,43.23%,8.43,14348.13,9.63%,D2C,Dec-24
Jun-25,Amazon ,West,BEC-BW-001,BEC-BW-001,305,67100,15091.73,6730.66,8,Bake & Wrap,220,118,MATCH,52008.27,30.80%,9.97,9287.61,2.62%,Amazon,Jun-25
May-24,Blinkit,South,  BEC-CLN-004,BEC-CLN-004,318,31482,4684.63,6748.22,13,Cleaners,99,44,MATCH,26797.37,47.79%,4.67,6057.15,4.09%,Blinkit,May-24
Feb-25,Amazon,West,BEC-KT-001,BEC-KT-001,505,80800,18499.04,6748.82,28,Kitchen Towel,160,78,MATCH,62300.96,36.77%,11.97,16162.14,5.54%,Amazon,Feb-25
Jul-24,Flipkart,South,BEC-CLN-001,BEC-CLN-001,148,29452,1501.42,6765.83,8,Cleaners,199,96,MATCH,27950.58,49.17%,4.35,6976.75,5.41%,Flipkart,Jul-24
Nov-24,Flipkart,South,BEC-CLN-001,BEC-CLN-001,139,27661,4825.85,6768.14,3,Cleaners,199,96,MATCH,22835.15,41.56%,4.09,2723.01,2.16%,Flipkart,Nov-24
Jan-25,Flipkart,West,BEC-CLN-004,BEC-CLN-004,334,33066,5856.03,6770.41,12,Cleaners,99,44,MATCH,27209.97,45.99%,4.88,5743.56,3.59%,Flipkart,Jan-25
May-25,Amazon,South,BEC-GB-001,BEC-GB-001,380,56620,5816.35,6779.41,11,Garbage Bags,149,70,MATCH,50803.65,47.64%,8.35,17424.24,2.89%,Amazon,May-25
Jan-25,Flipkart,North,BEC-KT-002,BEC-KT-002,148,62160,6925.26,6782.16,7,Kitchen Towel,420,205,MATCH,55234.74,45.07%,9.17,18112.58,4.73%,Flipkart,Jan-25
Mar-25,Amazon,South,BEC-TIS-002,BEC-TIS-002,293,52740,3288.57,6784.96,8,Tissues,180,95,MATCH,49451.43,43.71%,7.77,14831.47,2.73%,Amazon,Mar-25
Aug-24,Zepto,West,BEC-KT-002,BEC-KT-002,201,84420,12656.99,6794.72,6,Kitchen Towel,420,205,MATCH,71763.01,42.58%,12.42,23763.29,2.99%,Zepto,Aug-24
Mar-24,Amazon ,West,BEC-TIS-002,BEC-TIS-002,601,108180,27441.1,6798.8,31,Tissues,180,95,MATCH,80738.9,29.28%,15.91,16845.1,5.16%,Amazon,Mar-24
Oct-24,Blinkit,South,BEC-CLN-004,BEC-CLN-004,240,23760,1471.28,6799.06,11,Cleaners,99,44,MATCH,22288.72,52.62%,3.49,4929.66,4.58%,Blinkit,Oct-24
Mar-24,Flipkart,South,BEC-CLN-002,BEC-CLN-002,161,29785,3986.4,6799.79,5,Cleaners,185,88,MATCH,25798.6,45.08%,4.38,4830.81,3.11%,Flipkart,Mar-24
Dec-24,D2C,South,BEC-CLN-002,BEC-CLN-002,136,25160,1417.61,6805.34,15,Cleaners,185,88,MATCH,23742.39,49.59%,3.70,4969.05,11.03%,D2C,Dec-24
Jun-25,Amazon,West,BEC-GB-001,BEC-GB-001,531,79119,9009.98,6805.88,22,Garbage Bags,149,70,MATCH,70109.02,46.98%,11.63,26133.14,4.14%,Amazon,Jun-25
Jul-24,Amazon ,North,BEC-KT-001,BEC-KT-001,315,50400,2956.03,6813.54,18,Kitchen Towel,160,78,MATCH,47443.97,48.21%,7.40,16060.43,5.71%,Amazon,Jul-24
Mar-24,Amazon ,South,BEC-CLN-004,BEC-CLN-004,314,31086,5409.97,6823.61,7,Cleaners,99,44,MATCH,25676.03,46.19%,4.56,5036.42,2.23%,Amazon,Mar-24
Oct-24,Flipkart,North,BEC-CLN-001,BEC-CLN-001,160,31840,6606.6,6839.08,6,Cleaners,199,96,MATCH,25233.4,39.13%,4.66,3034.32,3.75%,Flipkart,Oct-24
Sep-24,Amazon,North,BEC-CLN-004,BEC-CLN-004,487,48213,13136.75,6846.69,26,Cleaners,99,44,MATCH,35076.25,38.91%,7.04,6801.56,5.34%,Amazon,Sep-24
Oct-24,Blinkit,North,BEC-CLN-004,BEC-CLN-004,298,"29,502",8340.78,6860.85,9,Cleaners,99,44,MATCH,21161.22,38.04%,4.30,1188.37,3.02%,Blinkit,Oct-24
Aug-24,D2C,South,BEC-CLN-002,BEC-CLN-002,135,24975,2997.95,6865.67,19,Cleaners,185,88,MATCH,21977.05,45.94%,3.64,3231.38,14.07%,D2C,Aug-24
Oct-24,Swiggy Instamart,South,BEC-CLN-003,BEC-CLN-003,93,27807,7597.58,6868.88,2,Cleaners,299,150,MATCH,20209.42,30.97%,4.05,-609.460000000002,2.15%,Swiggy Instamart,Oct-24
Jun-24,Swiggy Instamart,North,BEC-CLN-001,BEC-CLN-001,217,43183,10247.64,6875.42,6,Cleaners,199,96,MATCH,32935.36,36.75%,6.28,5227.94,2.76%,Swiggy Instamart,Jun-24
Mar-25,Amazon,South,BEC-KT-001,BEC-KT-001,367,58720,9034.78,6876.82,11,Kitchen Towel,160,78,MATCH,49685.22,42.39%,8.54,14182.4,3.00%,Amazon,Mar-25
Feb-24,Blinkit,South,BEC-CLN-004,BEC-CLN-004,333,32967,6476.65,6878.52,19,Cleaners,99,44,MATCH,26490.35,44.69%,4.79,4959.83,5.71%,Blinkit,Feb-24
Sep-24,Swiggy Instamart,North,BEC-CLN-002,BEC-CLN-002,200,37000,10139.76,6879.16,6,Cleaners,185,88,MATCH,26860.24,34.48%,5.38,2381.08,3.00%,Swiggy Instamart,Sep-24
Dec-24,Swiggy Instamart,South,BEC-CLN-003,BEC-CLN-003,163,48737,11942.18,6882.55,4,Cleaners,299,150,MATCH,36794.82,33.55%,7.08,5462.27,2.45%,Swiggy Instamart,Dec-24
Mar-24,Blinkit,South,BEC-CLN-004,BEC-CLN-004,241,23859,3038.46,6891.51,6,Cleaners,99,44,MATCH,20820.54,49.07%,3.46,3325.03,2.49%,Blinkit,Mar-24
Jan-25,Flipkart,South,BEC-CLN-001,BEC-CLN-001,250,49750,14922.39,6919.11,5,Cleaners,199,96,MATCH,34827.61,31.09%,7.19,3908.5,2.00%,Flipkart,Jan-25
Apr-24,Flipkart,South,BEC-KT-002,BEC-KT-002,130,54600,3815.54,6923.5,3,Kitchen Towel,420,205,MATCH,50784.46,47.52%,7.89,17210.96,2.31%,Flipkart,Apr-24
Aug-24,Amazon,North,BEC-GB-002,BEC-GB-002,333,59607,12084.39,6925.37,13,Garbage Bags,179,86,MATCH,47522.61,39.74%,8.61,11959.24,3.90%,Amazon,Aug-24
Feb-25,Flipkart,North,BEC-CLN-002,BEC-CLN-002,270,49950,12665.57,6942.73,13,Cleaners,185,88,MATCH,37284.43,36.27%,7.19,6581.7,4.81%,Flipkart,Feb-25
Apr-25,Blinkit,West,BEC-KT-002,BEC-KT-002,251,105420,22777.17,6953.52,14,Kitchen Towel,420,205,MATCH,82642.83,37.74%,15.16,24234.31,5.58%,Blinkit,Apr-25
Aug-24,Flipkart,South,  BEC-CLN-003,BEC-CLN-003,120,35880,2933.89,6954.5,3,Cleaners,299,150,MATCH,32946.11,45.37%,5.16,7991.61,2.50%,Flipkart,Aug-24
Oct-24,Flipkart,West,BEC-CLN-001,BEC-CLN-001,235,46765,10542.39,6955.54,8,Cleaners,199,96,MATCH,36222.61,37.72%,6.72,6707.07,3.40%,Flipkart,Oct-24
Jan-24,Zepto,North,BEC-CLN-002,BEC-CLN-002,259,47915,12025.9,6963.98,12,Cleaners,185,88,MATCH,35889.1,36.49%,6.88,6133.12,4.63%,Zepto,Jan-24
Nov-24, Zepto,West,BEC-KT-002,BEC-KT-002,260,109200,13658.7,6970.62,9,Kitchen Towel,420,205,MATCH,95541.3,44.21%,15.67,35270.68,3.46%,Zepto,Nov-24
Jan-24,Blinkit,West,BEC-KT-002,BEC-KT-002,350,147000,17820.39,6970.86,7,Kitchen Towel,420,205,MATCH,129179.61,44.46%,21.09,50458.75,2.00%,Blinkit,Apr-24
May-25,Flipkart,South,BEC-KT-002,BEC-KT-002,178,74760,14685.24,6982.98,7,Kitchen Towel,420,205,MATCH,60074.76,39.26%,10.71,16601.78,3.93%,Flipkart,May-25
Jun-24,Amazon,West,BEC-TIS-001,BEC-TIS-001,565,53675,5119.01,6983.14,32,Tissues,95,42,MATCH,48555.99,51.13%,7.69,17842.85,5.66%,Amazon,Jun-24
Jun-25,Flipkart,South,  BEC-CLN-002,BEC-CLN-002,156,28860,5521.67,6986.38,5,Cleaners,185,88,MATCH,23338.33,41.18%,4.13,2623.95,3.21%,Flipkart,Jun-25
Mar-25,Flipkart,South,BEC-CLN-004,BEC-CLN-004,299,29601,6813.04,6992.67,6,Cleaners,99,44,MATCH,22787.96,42.27%,4.23,2639.29,2.01%,Flipkart,Mar-25
Jun-25,Flipkart,West,BEC-KT-002,BEC-KT-002,165,69300,6873.91,7002.51,4,Kitchen Towel,420,205,MATCH,62426.09,45.82%,9.90,21598.58,2.42%,Flipkart,Jun-25
Oct-24,Swiggy Instamart,West,BEC-CLN-001,BEC-CLN-001,149,29651,5884.17,7004.37,6,Cleaners,199,96,MATCH,23766.83,39.82%,4.23,2458.46,4.03%,Swiggy Instamart,Oct-24
Apr-24,Amazon ,North,BEC-KT-002,BEC-KT-002,379,159180,29763.15,7009.76,19,Kitchen Towel,420,205,MATCH,129416.85,39.97%,22.71,44712.09,5.01%,Amazon,Apr-24
Apr-24,Blinkit,South,BEC-CLN-001,BEC-CLN-001,273,54327,16198.35,7027.19,11,Cleaners,199,96,MATCH,38128.65,31.26%,7.73,4893.46,4.03%,Blinkit,Apr-24
Jul-24, Zepto,South,BEC-CLN-001,BEC-CLN-001,231,45969,6939.55,7039.48,5,Cleaners,199,96,MATCH,39029.45,43.18%,6.53,9813.97,2.16%,Zepto,Jul-24
Sep-24,Zepto,West,BEC-CLN-004,BEC-CLN-004,333,32967,9554.74,7042.28,6,Cleaners,99,44,MATCH,23412.26,37.42%,4.68,1717.98,1.80%,Zepto,Sep-24
Sep-24,Blinkit,West,BEC-TIS-002,BEC-TIS-002,333,59940,4455.17,7042.98,16,Tissues,180,95,MATCH,55484.83,42.98%,8.51,16806.85,4.80%,Blinkit,Sep-24
Apr-24,D2C,North,BEC-CLN-002,BEC-CLN-002,184,34040,3976.44,7054.59,19,Cleaners,185,88,MATCH,30063.56,46.14%,4.83,6816.97,10.33%,D2C,Apr-24
Oct-24,Blinkit,South,BEC-CLN-002,BEC-CLN-002,228,42180,10764.9,7058.34,6,Cleaners,185,88,MATCH,31415.1,36.13%,5.98,4292.76,2.63%,Blinkit,Oct-24
Jun-25,Amazon,West,BEC-KT-001,BEC-KT-001,531,84960,21652.8,7064.26,17,Kitchen Towel,160,78,MATCH,63307.2,34.58%,12.03,14824.94,3.20%,Amazon,Jun-25
Oct-24,D2C,West,BEC-CLN-004,BEC-CLN-004,259,25641,2075.97,7065.8,32,Cleaners,99,44,MATCH,23565.03,51.64%,3.63,5103.23,12.36%,D2C,Oct-24
Sep-24, Zepto,West,BEC-CLN-002,BEC-CLN-002,228,42180,8802.96,7066.73,12,Cleaners,185,88,MATCH,33377.04,39.89%,5.97,6246.31,5.26%,Zepto,Sep-24
Sep-24,Amazon,North,BEC-GB-002,BEC-GB-002,320,57280,6068.97,7082.08,10,Garbage Bags,179,86,MATCH,51211.03,46.26%,8.09,16608.95,3.13%,Amazon,Sep-24
Dec-24,Amazon,South,BEC-CLN-004,BEC-CLN-004,414,40986,5636.31,7085.69,18,Cleaners,99,44,MATCH,35349.69,48.47%,5.78,10048,4.35%,Amazon,Dec-24
Jan-24,Flipkart,South,BEC-CLN-002,BEC-CLN-002,199,36815,6018.36,7085.76,8,Cleaners,185,88,MATCH,30796.64,43.14%,5.20,6198.88,4.02%,Flipkart,Jan-24
Mar-25,Amazon ,North,BEC-TIS-002,BEC-TIS-002,355,63900,9870.33,7090.51,11,Tissues,180,95,MATCH,54029.67,37.58%,9.01,13214.16,3.10%,Amazon,Mar-25
Mar-25,Blinkit,South,BEC-KT-002,BEC-KT-002,179,75180,6520.82,7091.75,4,Kitchen Towel,420,205,MATCH,68659.18,46.55%,10.60,24872.43,2.23%,Blinkit,Mar-25
Nov-24,Swiggy Instamart,South,BEC-CLN-003,BEC-CLN-003,128,38272,9812.62,7099.13,3,Cleaners,299,150,MATCH,28459.38,32.54%,5.39,2160.25,2.34%,Swiggy Instamart,Nov-24
Mar-24,D2C,South,BEC-CLN-002,BEC-CLN-002,136,25160,1086.81,7099.4,15,Cleaners,185,88,MATCH,24073.19,50.28%,3.54,5005.79,11.03%,D2C,Mar-24
May-24,D2C,West,BEC-KT-002,BEC-KT-002,199,83580,3053.9,7127.08,22,Kitchen Towel,420,205,MATCH,80526.1,49.34%,11.73,32604.02,11.06%,D2C,May-24
Mar-25,Blinkit,West,BEC-KT-002,BEC-KT-002,370,155400,18716.13,7130.29,9,Kitchen Towel,420,205,MATCH,136683.87,44.51%,21.79,53703.58,2.43%,Blinkit,Mar-25
Jun-24,D2C,South,BEC-CLN-003,BEC-CLN-003,123,36777,1282.63,7131.58,11,Cleaners,299,150,MATCH,35494.37,48.02%,5.16,9912.79,8.94%,D2C,Jun-24
Jun-25,Blinkit,West,BEC-GB-001,BEC-GB-001,425,63325,6343.48,7132.37,22,Garbage Bags,149,70,MATCH,56981.52,47.79%,8.88,20099.15,5.18%,Blinkit,Jun-25
May-24,Amazon ,West,BEC-TIS-002,BEC-TIS-002,631,113580,13411.41,7133.09,15,Tissues,180,95,MATCH,100168.59,40.16%,15.92,33090.5,2.38%,Amazon,May-24
Feb-24,Flipkart,North,BEC-CLN-004,BEC-CLN-004,269,26631,2641.2,7135.1,15,Cleaners,99,44,MATCH,23989.8,50.66%,3.73,5018.7,5.58%,Flipkart,Feb-24
Sep-24,Amazon,South,BEC-CLN-004,BEC-CLN-004,336,33264,8436.37,7138.07,11,Cleaners,99,44,MATCH,24827.63,40.45%,4.66,2905.56,3.27%,Amazon,Sep-24
Apr-25,Flipkart,South,BEC-CLN-002,BEC-CLN-002,166,30710,6009.53,7146.89,4,Cleaners,185,88,MATCH,24700.47,40.86%,4.30,2945.58,2.41%,Flipkart,Apr-25
Oct-24,Swiggy Instamart,North,BEC-CLN-002,BEC-CLN-002,187,34595,9097.39,7152.55,3,Cleaners,185,88,MATCH,25497.61,35.46%,4.84,1889.06,1.60%,Swiggy Instamart,Oct-24
Oct-24,Blinkit,West,BEC-KT-002,BEC-KT-002,196,82320,20003.95,7160.15,11,Kitchen Towel,420,205,MATCH,62316.05,35.52%,11.50,14975.9,5.61%,Blinkit,Oct-24
Mar-24,Amazon,West,BEC-GB-001,BEC-GB-001,455,67795,7784.66,7163.3,14,Garbage Bags,149,70,MATCH,60010.34,46.93%,9.46,20997.04,3.08%,Amazon,Mar-24
Aug-24,Amazon,West,BEC-CMB-001,BEC-CMB-001,80,55920,4644.24,7178.17,3,Others,699,330,MATCH,51275.76,48.51%,7.79,17697.59,3.75%,Amazon,Aug-24
May-24,Flipkart,South,BEC-CLN-002,BEC-CLN-002,203,37555,6850.58,7197.42,11,Cleaners,185,88,MATCH,30704.42,41.82%,5.22,5643,5.42%,Flipkart,May-24
Nov-24,Zepto,West,BEC-CLN-004,BEC-CLN-004,297,29403,5384.66,7201.41,9,Cleaners,99,44,MATCH,24018.34,45.59%,4.08,3748.93,3.03%,Zepto,Nov-24
Oct-24,Swiggy Instamart,West,BEC-CLN-002,BEC-CLN-002,193,35705,6521.99,7204.57,11,Cleaners,185,88,MATCH,29183.01,41.80%,4.96,4994.44,5.70%,Swiggy Instamart,Oct-24
Aug-24,Amazon ,North,BEC-CLN-004,BEC-CLN-004,298,29502,2135.85,7206.16,15,Cleaners,99,44,MATCH,27366.15,52.09%,4.09,7047.99,5.03%,Amazon,Aug-24
Jan-25,D2C,North,BEC-CLN-004,BEC-CLN-004,256,25344,950.86,7214.41,28,Cleaners,99,44,MATCH,24393.14,53.82%,3.51,5914.73,10.94%,D2C,Jan-25
May-25,Swiggy Instamart,South,BEC-CLN-001,BEC-CLN-001,216,42984,11107.7,7220.57,8,Cleaners,199,96,MATCH,31876.3,34.95%,5.95,3919.73,3.70%,Swiggy Instamart,May-25
May-24,Zepto,North,BEC-CLN-004,BEC-CLN-004,391,38709,6930.4,7221.35,16,Cleaners,99,44,MATCH,31778.6,45.86%,5.36,7353.25,4.09%,Zepto,May-24
Mar-24,D2C,South,BEC-CLN-001,BEC-CLN-001,188,37412,4646.66,7223.4,25,Cleaners,199,96,MATCH,32765.34,44.92%,5.18,7493.94,13.30%,D2C,Mar-24
Sep-24,Zepto,North,BEC-KT-002,BEC-KT-002,159,66780,7796.85,7227.86,4,Kitchen Towel,420,205,MATCH,58983.15,44.74%,9.24,19160.29,2.52%,Zepto,Sep-24
Apr-25,Amazon ,West,BEC-GB-002,BEC-GB-002,424,75896,8372.59,7251.96,20,Garbage Bags,179,86,MATCH,67523.41,46.00%,10.47,23807.45,4.72%,Amazon,Apr-25
Oct-24,Zepto,South,BEC-CLN-003,BEC-CLN-003,168,50232,13356.15,7252.95,9,Cleaners,299,150,MATCH,36875.85,31.66%,6.93,4422.9,5.36%,Zepto,Oct-24
Jan-24,Amazon ,West,BEC-GB-001,BEC-GB-001,481,71669,14272.15,7256.75,23,Garbage Bags,149,70,MATCH,57396.85,41.34%,9.88,16470.1,4.78%,Amazon,Jan-24
Apr-24,Blinkit,North,BEC-CLN-004,BEC-CLN-004,463,45837,8745.92,7263.39,18,Cleaners,99,44,MATCH,37091.08,45.08%,6.31,9455.69,3.89%,Blinkit,Apr-24
Jul-24,D2C,South,BEC-CLN-002,BEC-CLN-002,138,25530,3494.97,7280.99,21,Cleaners,185,88,MATCH,22035.03,44.89%,3.51,2610.04,15.22%,D2C,Jul-24
Jul-24,Swiggy Instamart,North,BEC-CLN-001,BEC-CLN-001,149,29651,4795.69,7287.83,5,Cleaners,199,96,MATCH,24855.31,42.45%,4.07,3263.48,3.36%,Swiggy Instamart,Jul-24
Jul-24, Zepto,West,BEC-CLN-004,BEC-CLN-004,426,42174,6077.29,7305.31,24,Cleaners,99,44,MATCH,36096.71,48.07%,5.77,10047.4,5.63%,Zepto,Jul-24
Dec-24,Swiggy Instamart,West,BEC-CLN-002,BEC-CLN-002,264,48840,11960.75,7306.69,13,Cleaners,185,88,MATCH,36879.25,37.01%,6.68,6340.56,4.92%,Swiggy Instamart,Dec-24
Nov-24,Blinkit,South,BEC-CLN-002,BEC-CLN-002,227,41995,8450.46,7309.23,8,Cleaners,185,88,MATCH,33544.54,40.45%,5.75,6259.31,3.52%,Blinkit,Nov-24
Sep-24,Blinkit,North,UNKNOWN,UNKNOWN,205,86100,10082.21,7315.95,4,NOT FOUND,Not Found,NOT FOUND,NOT FOUND,76017.79,0.00%,11.77,0,1.95%,Blinkit,Sep-24
Sep-24,Blinkit,North,BEC-KT-002,BEC-KT-002,205,86100,10082.21,7315.95,4,Kitchen Towel,420,205,MATCH,76017.79,44.72%,11.77,26676.84,1.95%,Blinkit,Sep-24
Mar-24,Blinkit,North,BEC-CLN-004,BEC-CLN-004,330,32670,8789.93,7319.7,14,Cleaners,99,44,MATCH,23880.07,39.20%,4.46,2040.37,4.24%,Blinkit,Mar-24
Jan-24,Swiggy Instamart,North,BEC-CLN-002,BEC-CLN-002,220,40700,2298.09,7320.21,9,Cleaners,185,88,MATCH,38401.91,49.59%,5.56,11721.7,4.09%,Swiggy Instamart,Jan-24
May-24,Flipkart,North,BEC-CLN-002,BEC-CLN-002,261,48285,12618.1,7338.78,6,Cleaners,185,88,MATCH,35666.9,35.60%,6.58,5360.12,2.30%,Flipkart,May-24
Feb-25,Blinkit,West,BEC-GB-001,BEC-GB-001,406,60494,7349.15,7354.35,24,Garbage Bags,149,70,MATCH,53144.85,46.52%,8.23,17370.5,5.91%,Blinkit,Feb-25
Sep-24, Zepto,South,BEC-CLN-001,BEC-CLN-001,147,29253,6205.8,7363.02,5,Cleaners,199,96,MATCH,23047.2,38.77%,3.97,1572.18,3.40%,Zepto,Sep-24
May-24,D2C,North,BEC-CLN-004,BEC-CLN-004,241,23859,1334.96,7370.14,37,Cleaners,99,44,MATCH,22524.04,52.92%,3.24,4549.9,15.35%,D2C,May-24
Jan-24, Zepto,West,BEC-KT-002,BEC-KT-002,290,121800,36437.09,7373.49,8,Kitchen Towel,420,205,MATCH,85362.91,30.36%,16.52,18539.42,2.76%,Zepto,Jan-24
Jan-24, Zepto,South,BEC-CLN-002,BEC-CLN-002,189,34965,9954.96,7374.56,9,Cleaners,185,88,MATCH,25010.04,33.50%,4.74,1003.48,4.76%,Zepto,Aug-24
Jan-24, Zepto,South,BEC-CLN-099,BEC-CLN-099,189,34965,9954.96,7374.56,9,NOT FOUND,Not Found,NOT FOUND,NOT FOUND,25010.04,0.00%,4.74,0,4.76%,Zepto,Aug-24
Jun-25,Amazon,North,BEC-TIS-002,BEC-TIS-002,436,78480,14224.04,7380.39,18,Tissues,180,95,MATCH,64255.96,35.54%,10.63,15455.57,4.13%,Amazon,Jun-25
Jun-25,D2C,South,BEC-CLN-002,BEC-CLN-002,157,29045,4185.26,7397.19,20,Cleaners,185,88,MATCH,24859.74,44.42%,3.93,3646.55,12.74%,D2C,Jun-25
Feb-25,Flipkart,West,BEC-TIS-002,BEC-TIS-002,355,63900,8766.39,7402.18,18,Tissues,180,95,MATCH,55133.61,38.83%,8.63,14006.43,5.07%,Flipkart,Feb-25
Aug-24,Zepto,North,BEC-CLN-001,BEC-CLN-001,192,38208,3563.9,7411.24,9,Cleaners,199,96,MATCH,34644.1,46.80%,5.16,8800.86,4.69%,Zepto,Aug-24
May-24,Amazon,South,BEC-KT-002,BEC-KT-002,286,120120,35604.98,7425.46,17,Kitchen Towel,420,205,MATCH,84515.02,30.63%,16.18,18459.56,5.94%,Amazon,May-24
Mar-25,Flipkart,South,BEC-CLN-001,BEC-CLN-001,267,53133,14322.95,7427.59,8,Cleaners,199,96,MATCH,38810.05,33.96%,7.15,5750.46,3.00%,Flipkart,Mar-25
Jan-24, Zepto,South,BEC-CLN-002,BEC-CLN-002,205,37925,4545.28,7437.89,6,Cleaners,185,88,MATCH,33379.72,45.96%,5.10,7901.83,2.93%,Zepto,Jan-24
Jul-24,Blinkit,West,BEC-CLN-004,BEC-CLN-004,319,31581,7467.59,7444.92,10,Cleaners,99,44,MATCH,24113.41,41.79%,4.24,2632.49,3.13%,Blinkit,Jul-24
Mar-25,Flipkart,North,BEC-KT-002,BEC-KT-002,170,71400,15396.48,7445.68,5,Kitchen Towel,420,205,MATCH,56003.52,37.77%,9.59,13707.84,2.94%,Flipkart,Mar-25
Mar-25,Blinkit,North,BEC-TIS-002,BEC-TIS-002,412,74160,21138.57,7459.88,12,Tissues,180,95,MATCH,53021.43,26.18%,9.94,6421.55,2.91%,Blinkit,Mar-25
May-25,Flipkart,North,BEC-CLN-002,BEC-CLN-002,228,42180,3229.52,7462.83,5,Cleaners,185,88,MATCH,38950.48,48.49%,5.65,11423.65,2.19%,Flipkart,May-25
Oct-24,Blinkit,North,BEC-CLN-001,BEC-CLN-001,207,41193,10048.13,7472.09,8,Cleaners,199,96,MATCH,31144.87,36.19%,5.51,3800.78,3.86%,Blinkit,Oct-24
Mar-25,Amazon,West,BEC-BW-001,BEC-BW-001,327,71940,20582.71,7493.1,12,Bake & Wrap,220,118,MATCH,51357.29,24.87%,9.60,5278.19,3.67%,Amazon,Mar-25
May-25,D2C,South,BEC-CLN-002,BEC-CLN-002,195,36075,2251.71,7494.32,20,Cleaners,185,88,MATCH,33823.29,49.27%,4.81,9168.97,10.26%,D2C,May-25
May-25,Flipkart,West,BEC-TIS-002,BEC-TIS-002,367,66060,15298.23,7496.69,19,Tissues,180,95,MATCH,50761.77,31.32%,8.81,8400.08000000001,5.18%,Flipkart,May-25
Jun-25,Swiggy Instamart,West,BEC-KT-002,BEC-KT-002,158,66360,7842.99,7499.66,9,Kitchen Towel,420,205,MATCH,58517.01,44.65%,8.85,18627.35,5.70%,Swiggy Instamart,Jun-25
Jan-24,Blinkit,South,BEC-CLN-001,BEC-CLN-001,195,38805,9044.98,7503.62,9,Cleaners,199,96,MATCH,29760.02,37.10%,5.17,3536.4,4.62%,Blinkit,Jan-24
Jun-24,Amazon ,North,  BEC-KT-002,BEC-KT-002,217,91140,26155.44,7512.15,10,Kitchen Towel,420,205,MATCH,64984.56,31.55%,12.13,12987.41,4.61%,Amazon,Jun-24
Jun-24,Amazon ,North,BEC-TIS-002,BEC-TIS-002,429,77220,7876.44,7516.28,9,Tissues,180,95,MATCH,69343.56,41.23%,10.27,21072.28,2.10%,Amazon,Jun-24
Apr-25,Amazon ,South,BEC-CLN-004,BEC-CLN-004,422,41778,5289.95,7518.13,11,Cleaners,99,44,MATCH,36488.05,49.11%,5.56,10401.92,2.61%,Amazon,Apr-25
Jan-25,Flipkart,South,BEC-CLN-002,BEC-CLN-002,187,34595,8726.77,7526.65,6,Cleaners,185,88,MATCH,25868.23,36.39%,4.60,1885.58,3.21%,Flipkart,Jan-25
May-24,Swiggy Instamart,North,BEC-CLN-001,BEC-CLN-001,203,40397,9189.54,7527.15,8,Cleaners,199,96,MATCH,31207.46,37.55%,5.37,4192.31,3.94%,Swiggy Instamart,May-24
Oct-24,Amazon ,South,BEC-CLN-004,BEC-CLN-004,363,35937,3904.6,7536.42,13,Cleaners,99,44,MATCH,32032.4,50.14%,4.77,8523.98,3.58%,Amazon,Oct-24
Dec-24,D2C,North,BEC-CLN-004,BEC-CLN-004,278,27522,1594.22,7539.52,41,Cleaners,99,44,MATCH,25927.78,52.82%,3.65,6156.26,14.75%,D2C,Dec-24
Mar-24,Flipkart,North,BEC-CLN-001,BEC-CLN-001,241,47959,13863.77,7541.52,12,Cleaners,199,96,MATCH,34095.23,32.14%,6.36,3417.71,4.98%,Flipkart,Mar-24
Dec-24,Blinkit,South,BEC-KT-002,BEC-KT-002,209,87780,17883.66,7563.48,9,Kitchen Towel,420,205,MATCH,69896.34,38.70%,11.61,19487.86,4.31%,Blinkit,Dec-24
Nov-24,Flipkart,West,BEC-KT-002,BEC-KT-002,158,66360,8337.83,7564.67,8,Kitchen Towel,420,205,MATCH,58022.17,44.18%,8.77,18067.5,5.06%,Flipkart,Nov-24
Feb-24,D2C,South,BEC-CLN-002,BEC-CLN-002,173,32005,698.89,7574.29,23,Cleaners,185,88,MATCH,31306.11,51.37%,4.23,8507.82,13.29%,D2C,Feb-24
Nov-24,Amazon,South,BEC-CLN-001,BEC-CLN-001,265,52735,11567.83,7578.09,8,Cleaners,199,96,MATCH,41167.17,38.20%,6.96,8149.08,3.02%,Amazon,Nov-24
Mar-25, Zepto,North,BEC-CLN-004,BEC-CLN-004,386,38214,4086.59,7583.99,9,Cleaners,99,44,MATCH,34127.41,50.23%,5.04,9559.42,2.33%,Zepto,Mar-25
Jan-25, Zepto,North,BEC-CLN-004,BEC-CLN-004,356,35244,4009.98,7593.09,9,Cleaners,99,44,MATCH,31234.02,49.85%,4.64,7976.93,2.53%,Zepto,Jan-25
Jan-24,Blinkit,South,BEC-CLN-004,BEC-CLN-004,295,29205,2334.52,7602,6,Cleaners,99,44,MATCH,26870.48,51.69%,3.84,6288.48,2.03%,Blinkit,Jan-24
Dec-24,D2C,West,BEC-KT-002,BEC-KT-002,162,68040,6062.15,7612.63,14,Kitchen Towel,420,205,MATCH,61977.85,46.42%,8.94,21155.22,8.64%,D2C,Dec-24
Mar-24,D2C,West,BEC-KT-002,BEC-KT-002,208,87360,9822.56,7620.31,19,Kitchen Towel,420,205,MATCH,77537.44,45.01%,11.46,27277.13,9.13%,D2C,Mar-24
Feb-24, Zepto,North,BEC-CLN-004,BEC-CLN-004,392,38808,7313.77,7620.92,15,Cleaners,99,44,MATCH,31494.23,45.23%,5.09,6625.31,3.83%,Zepto,Feb-24
Nov-24,Flipkart,North,BEC-CLN-001,BEC-CLN-001,184,36616,3403.2,7629.94,4,Cleaners,199,96,MATCH,33212.8,46.82%,4.80,7918.86,2.17%,Flipkart,Nov-24
Dec-24,Blinkit,West,BEC-GB-002,BEC-GB-002,396,70884,17068.22,7633.6,18,Garbage Bags,179,86,MATCH,53815.78,36.72%,9.29,12126.18,4.55%,Blinkit,Dec-24
May-25,Swiggy Instamart,West,BEC-CLN-001,BEC-CLN-001,207,41193,3499.49,7637.32,10,Cleaners,199,96,MATCH,37693.51,47.28%,5.39,10184.19,4.83%,Swiggy Instamart,May-25
May-25,D2C,South,BEC-CLN-001,BEC-CLN-001,205,40795,2607.46,7637.47,28,Cleaners,199,96,MATCH,38187.54,48.46%,5.34,10870.07,13.66%,D2C,May-25
Jan-24,Flipkart,North,BEC-CLN-001,BEC-CLN-001,232,46168,8979.76,7639.33,12,Cleaners,199,96,MATCH,37188.24,40.11%,6.04,7276.91,5.17%,Flipkart,Jan-24
Jun-25,Blinkit,South,BEC-CLN-004,BEC-CLN-004,299,29601,4204.87,7658.41,6,Cleaners,99,44,MATCH,25396.13,48.20%,3.87,4581.72,2.01%,Blinkit,Jun-25
Aug-24,Flipkart,North,BEC-CLN-001,BEC-CLN-001,190,37810,8608.87,7662.47,6,Cleaners,199,96,MATCH,29201.13,37.54%,4.93,3298.66,3.16%,Flipkart,Aug-24
Jan-25,Amazon ,North,BEC-TIS-002,BEC-TIS-002,407,73260,19312.59,7665.03,9,Tissues,180,95,MATCH,53947.41,28.33%,9.56,7617.38,2.21%,Amazon,Apr-25
Nov-24,D2C,South,BEC-CLN-001,BEC-CLN-001,201,39999,4434.95,7677.29,28,Cleaners,199,96,MATCH,35564.05,45.74%,5.21,8590.76,13.93%,D2C,Nov-24
Mar-25,Flipkart,South,BEC-CLN-002,BEC-CLN-002,189,34965,5747.49,7682.12,5,Cleaners,185,88,MATCH,29217.51,43.08%,4.55,4903.39,2.65%,Flipkart,Mar-25
Jun-24,Swiggy Instamart,West,BEC-CLN-002,BEC-CLN-002,194,35890,3365.22,7686.79,9,Cleaners,185,88,MATCH,32524.78,47.51%,4.67,7765.99,4.64%,Swiggy Instamart,Jun-24
Feb-25,Amazon,West,BEC-TIS-001,BEC-TIS-001,610,57950,6199.27,7687.82,27,Tissues,95,42,MATCH,51750.73,50.49%,7.54,18442.91,4.43%,Amazon,Feb-25
Apr-25,Amazon,North,BEC-KT-001,BEC-KT-001,455,72800,7870.06,7695.85,25,Kitchen Towel,160,78,MATCH,64929.94,45.34%,9.46,21744.09,5.49%,Amazon,Apr-25
Jan-25,D2C,South,BEC-CLN-001,BEC-CLN-001,217,43183,4244.28,7711.85,34,Cleaners,199,96,MATCH,38938.72,46.50%,5.60,10394.87,15.67%,D2C,Jan-25
Dec-24,Amazon,North,BEC-CLN-004,BEC-CLN-004,434,42966,12669.73,7717.19,15,Cleaners,99,44,MATCH,30296.27,36.97%,5.57,3483.08,3.46%,Amazon,Dec-24
Jun-25,Flipkart,West,BEC-CLN-004,BEC-CLN-004,400,39600,2625.47,7720.3,14,Cleaners,99,44,MATCH,36974.53,52.40%,5.13,11654.23,3.50%,Flipkart,Jun-25
Feb-24,Swiggy Instamart,North,  BEC-CLN-003,BEC-CLN-003,146,43654,0,7721.15,7,Cleaners,299,150,MATCH,43654,49.83%,5.65,14032.85,4.79%,Swiggy Instamart,Feb-24
Apr-25,Flipkart,South,  BEC-CLN-004,BEC-CLN-004,261,25839,2591.74,7722.62,12,Cleaners,99,44,MATCH,23247.26,50.60%,3.35,4040.64,4.60%,Flipkart,Apr-25
Jun-24,Blinkit,South,BEC-CLN-001,BEC-CLN-001,251,49949,10329.34,7725.3,9,Cleaners,199,96,MATCH,39619.66,39.18%,6.47,7798.36,3.59%,Blinkit,Jun-24
Mar-24,Blinkit,West,BEC-KT-002,BEC-KT-002,244,102480,27455.08,7741.01,9,Kitchen Towel,420,205,MATCH,75024.92,33.33%,13.24,17263.91,3.69%,Blinkit,Mar-24
Nov-24,D2C,North,BEC-CLN-002,BEC-CLN-002,199,36815,1254.38,7769.16,32,Cleaners,185,88,MATCH,35560.62,50.75%,4.74,10279.46,16.08%,D2C,Nov-24
Mar-24,Swiggy Instamart,West,BEC-CLN-004,BEC-CLN-004,264,"26,136",2785.33,7794.31,8,Cleaners,99,44,MATCH,23350.67,50.25%,3.35,3940.36,3.03%,Swiggy Instamart,Mar-24
Apr-24,Flipkart,West,BEC-KT-002,BEC-KT-002,216,90720,18794.23,7815.7,11,Kitchen Towel,420,205,MATCH,71925.77,38.44%,11.61,19830.07,5.09%,Flipkart,Apr-24
Jul-24,D2C,North,BEC-CLN-002,BEC-CLN-002,157,29045,2329.42,7833.67,22,Cleaners,185,88,MATCH,26715.58,48.28%,3.71,5065.91,14.01%,D2C,Jul-24
Aug-24,D2C,West,BEC-CLN-002,BEC-CLN-002,213,39405,2757.74,7835.11,22,Cleaners,185,88,MATCH,36647.26,48.85%,5.03,10068.15,10.33%,D2C,Aug-24
Dec-24, Zepto,South,BEC-CLN-001,BEC-CLN-001,187,37213,6231.32,7835.39,7,Cleaners,199,96,MATCH,30981.68,42.06%,4.75,5194.29,3.74%,Zepto,Dec-24
Feb-25,Amazon,West,BEC-TIS-002,BEC-TIS-002,448,80640,6837.62,7840.3,13,Tissues,180,95,MATCH,73802.38,42.33%,10.29,23402.08,2.90%,Amazon,Feb-25
Sep-24,D2C,North,BEC-CLN-002,BEC-CLN-002,175,32375,3194.77,7852.85,18,Cleaners,185,88,MATCH,29180.23,47.22%,4.12,5927.38,10.29%,D2C,Sep-24
Apr-25,Zepto,South,BEC-CLN-004,BEC-CLN-004,322,31878,8622.41,7853.26,17,Cleaners,99,44,MATCH,23255.59,39.08%,4.06,1234.33,5.28%,Zepto,Apr-25
May-24,Blinkit,West,BEC-CLN-004,BEC-CLN-004,377,37323,4966.25,7869.67,18,Cleaners,99,44,MATCH,32356.75,48.73%,4.74,7899.08,4.77%,Blinkit,May-24
Aug-24,Flipkart,South,BEC-CLN-001,BEC-CLN-001,158,31442,6554.21,7874.4,4,Cleaners,199,96,MATCH,24887.79,39.05%,3.99,1845.39,2.53%,Flipkart,Aug-24
Sep-24, Zepto,North,BEC-CLN-002,BEC-CLN-002,172,31820,7174.35,7875.29,7,Cleaners,185,88,MATCH,24645.65,38.59%,4.04,1634.36,4.07%,Zepto,Sep-24
Apr-24,Swiggy Instamart,North,BEC-KT-002,BEC-KT-002,156,65520,6178.46,7879.82,6,Kitchen Towel,420,205,MATCH,59341.54,46.11%,8.31,19481.72,3.85%,Swiggy Instamart,Apr-24
Nov-24,Blinkit,West,BEC-CLN-004,BEC-CLN-004,483,47817,6065.7,7897.88,26,Cleaners,99,44,MATCH,41751.3,49.10%,6.05,12601.42,5.38%,Blinkit,Nov-24
Aug-24,D2C,North,BEC-CLN-001,BEC-CLN-001,150,29850,719.27,7905.75,24,Cleaners,199,96,MATCH,29130.73,50.57%,3.78,6824.98,16.00%,D2C,Aug-24
Jan-24,Swiggy Instamart,South,  BEC-CLN-001,BEC-CLN-001,158,31442,3177.09,7909.33,6,Cleaners,199,96,MATCH,28264.91,46.34%,3.98,5187.58,3.80%,Swiggy Instamart,Jan-24
Oct-24,Amazon ,South,BEC-CLN-002,BEC-CLN-002,227,41995,2113.33,7914.1,9,Cleaners,185,88,MATCH,39881.67,49.91%,5.31,11991.57,3.96%,Amazon,Oct-24
Mar-24,D2C,North,BEC-CLN-004,BEC-CLN-004,300,29700,1499.15,7916.6,44,Cleaners,99,44,MATCH,28200.85,53.19%,3.75,7084.25,14.67%,D2C,Mar-24
May-25,Flipkart,South,BEC-CLN-001,BEC-CLN-001,213,42387,3218.46,7919.62,8,Cleaners,199,96,MATCH,39168.54,47.79%,5.35,10800.92,3.76%,Flipkart,May-25
Feb-24,Swiggy Instamart,South,BEC-CLN-002,BEC-CLN-002,206,38110,6813.65,7936.69,9,Cleaners,185,88,MATCH,31296.35,42.08%,4.80,5231.66,4.37%,Swiggy Instamart,Feb-24
Oct-24,D2C,West,BEC-KT-002,BEC-KT-002,149,62580,8187.62,7942.21,13,Kitchen Towel,420,205,MATCH,54392.38,43.84%,7.88,15905.17,8.72%,D2C,Oct-24
Feb-24,Swiggy Instamart,North,BEC-CLN-002,BEC-CLN-002,217,40145,3431.27,7944.85,5,Cleaners,185,88,MATCH,36713.73,47.99%,5.05,9672.88,2.30%,Swiggy Instamart,Feb-24
Sep-24,Blinkit,South,BEC-CLN-001,BEC-CLN-001,231,45969,9752.47,7956.73,5,Cleaners,199,96,MATCH,36216.53,38.77%,5.78,6083.8,2.16%,Blinkit,Sep-24
Sep-24,Amazon,South,BEC-CLN-001,BEC-CLN-001,282,56118,13113.65,7968.76,16,Cleaners,199,96,MATCH,43004.35,37.05%,7.04,7963.59,5.67%,Amazon,Sep-24
Apr-25,Amazon,North,BEC-KT-002,BEC-KT-002,449,188580,56181.75,7976.84,20,Kitchen Towel,420,205,MATCH,132398.25,30.48%,23.64,32376.41,4.45%,Amazon,Apr-25
Apr-25,Flipkart,South,BEC-CLN-001,BEC-CLN-001,255,50745,11561.69,7985.62,5,Cleaners,199,96,MATCH,39183.31,37.52%,6.35,6717.69,1.96%,Flipkart,Apr-25
Jun-24,Flipkart,North,BEC-CLN-001,BEC-CLN-001,200,39800,9890.29,7992.5,10,Cleaners,199,96,MATCH,29909.71,35.81%,4.98,2717.21,5.00%,Flipkart,Jun-24
Mar-24,Amazon,West,BEC-GB-002,BEC-GB-002,547,97913,24531.33,8001.4,20,Garbage Bags,179,86,MATCH,73381.67,35.89%,12.24,18338.27,3.66%,Amazon,Mar-24
Apr-24,Blinkit,South,BEC-CLN-004,BEC-CLN-004,270,26730,2227.93,8013.6,9,Cleaners,99,44,MATCH,24502.07,51.51%,3.34,4608.47,3.33%,Blinkit,Apr-24
Jul-24,Swiggy Instamart,South,BEC-CLN-003,BEC-CLN-003,102,30498,3991.95,8014.12,5,Cleaners,299,150,MATCH,26506.05,42.28%,3.81,3191.93,4.90%,Swiggy Instamart,Jul-24
May-24,Blinkit,West,BEC-TIS-002,BEC-TIS-002,357,64260,6704.93,8019.58,8,Tissues,180,95,MATCH,57555.07,41.07%,8.01,15620.49,2.24%,Blinkit,May-24
Mar-24,Flipkart,West,BEC-CLN-004,BEC-CLN-004,392,38808,6922.92,8033.13,21,Cleaners,99,44,MATCH,31885.08,45.91%,4.83,6603.95,5.36%,Flipkart,Mar-24
May-25,Swiggy Instamart,South,BEC-CLN-002,BEC-CLN-002,144,26640,2243.42,8036.06,2,Cleaners,185,88,MATCH,24396.58,48.06%,3.32,3688.52,1.39%,Swiggy Instamart,May-25
Feb-24,Swiggy Instamart,West,BEC-CLN-002,BEC-CLN-002,218,40330,11030.1,8036.25,4,Cleaners,185,88,MATCH,29299.9,34.53%,5.02,2079.65,1.83%,Swiggy Instamart,Feb-24
Mar-24,D2C,North,BEC-KT-002,BEC-KT-002,182,76440,4059.46,8040.81,21,Kitchen Towel,420,205,MATCH,72380.54,48.45%,9.51,27029.73,11.54%,D2C,Mar-24
Jun-24,Flipkart,North,BEC-KT-002,BEC-KT-002,169,70980,9972.39,8054.73,5,Kitchen Towel,420,205,MATCH,61007.61,43.21%,8.81,18307.88,2.96%,Flipkart,Jun-24
Oct-24,Swiggy Instamart,North,BEC-CLN-001,BEC-CLN-001,128,25472,1299.1,8077.62,6,Cleaners,199,96,MATCH,24172.9,49.17%,3.15,3807.28,4.69%,Swiggy Instamart,Oct-24
Apr-24,Zepto,North,BEC-CLN-001,BEC-CLN-001,264,52536,12181.04,8079.85,9,Cleaners,199,96,MATCH,40354.96,37.20%,6.50,6931.11,3.41%,Zepto,Apr-24
Jan-24,D2C,West,BEC-CLN-002,BEC-CLN-002,251,46435,4686.49,8113.18,24,Cleaners,185,88,MATCH,41748.51,47.09%,5.72,11547.33,9.56%,D2C,May-24
Jun-25, Zepto,South,BEC-KT-002,BEC-KT-002,165,69300,5013.82,8123.75,7,Kitchen Towel,420,205,MATCH,64286.18,47.38%,8.53,22337.43,4.24%,Zepto,Jun-25
Oct-24,Amazon,North,BEC-CLN-004,BEC-CLN-004,441,43659,4276.83,8126.8,14,Cleaners,99,44,MATCH,39382.17,50.73%,5.37,11851.37,3.17%,Amazon,Oct-24
May-24,Zepto,West,BEC-CLN-004,BEC-CLN-004,362,35838,2922.22,8150.09,21,Cleaners,99,44,MATCH,32915.78,51.61%,4.40,8837.69,5.80%,Zepto,May-24
Feb-25,Blinkit,South,  BEC-CLN-001,BEC-CLN-001,264,52536,13079.75,8153,5,Cleaners,199,96,MATCH,39456.25,35.77%,6.44,5959.25,1.89%,Blinkit,Feb-25
May-24,Blinkit,South,BEC-KT-002,BEC-KT-002,169,70980,5630.62,8153.59,5,Kitchen Towel,420,205,MATCH,65349.38,46.98%,8.71,22550.79,2.96%,Blinkit,May-24
Feb-25,Amazon,South,BEC-TIS-002,BEC-TIS-002,334,60120,4862.29,8159.17,10,Tissues,180,95,MATCH,55257.71,42.58%,7.37,15368.54,2.99%,Amazon,Feb-25
Dec-24,Amazon,West,BEC-KT-001,BEC-KT-001,409,65440,9710.98,8177.02,13,Kitchen Towel,160,78,MATCH,55729.02,42.76%,8.00,15650,3.18%,Amazon,Dec-24
Dec-24,Swiggy Instamart,North,BEC-CLN-001,BEC-CLN-001,218,43382,6795.66,8183.22,8,Cleaners,199,96,MATCH,36586.34,42.80%,5.30,7475.12,3.67%,Swiggy Instamart,Dec-24
Mar-25,Swiggy Instamart,South,BEC-CLN-002,BEC-CLN-002,171,31635,5185.83,8207.62,7,Cleaners,185,88,MATCH,26449.17,43.11%,3.85,3193.55,4.09%,Swiggy Instamart,Mar-25
Dec-24,Swiggy Instamart,South,BEC-CLN-001,BEC-CLN-001,199,39601,7101.57,8210.41,10,Cleaners,199,96,MATCH,32499.43,41.22%,4.82,5185.02,5.03%,Swiggy Instamart,Dec-24
Jun-24,D2C,North,BEC-CLN-002,BEC-CLN-002,249,46065,2284.06,8214.55,24,Cleaners,185,88,MATCH,43780.94,49.95%,5.61,13654.39,9.64%,D2C,Jun-24
May-24, Zepto,West,BEC-TIS-002,BEC-TIS-002,383,68940,12566.69,8231.84,7,Tissues,180,95,MATCH,56373.31,35.46%,8.37,11756.47,1.83%,Zepto,May-24
Nov-24,Swiggy Instamart,South,BEC-CLN-002,BEC-CLN-002,183,33855,7804.79,8254.76,10,Cleaners,185,88,MATCH,26050.21,38.18%,4.10,1691.45,5.46%,Swiggy Instamart,Nov-24
Jun-25,Swiggy Instamart,North,BEC-CLN-001,BEC-CLN-001,205,40795,2949.29,8256.53,10,Cleaners,199,96,MATCH,37845.71,48.00%,4.94,9909.18,4.88%,Swiggy Instamart,Jun-25
Apr-25,Swiggy Instamart,West,BEC-KT-002,BEC-KT-002,216,90720,12636.3,8273.38,12,Kitchen Towel,420,205,MATCH,78083.7,43.29%,10.97,25530.32,5.56%,Swiggy Instamart,Apr-25
Mar-24,D2C,West,BEC-CLN-002,BEC-CLN-002,271,50135,4380.22,8279.98,45,Cleaners,185,88,MATCH,45754.78,47.88%,6.05,13626.8,16.61%,D2C,Mar-24
Jan-25,Swiggy Instamart,South,BEC-CLN-002,BEC-CLN-002,220,40700,10437.74,8295.92,12,Cleaners,185,88,MATCH,30262.26,36.03%,4.91,2606.34,5.45%,Swiggy Instamart,Jan-25
Jan-25,Swiggy Instamart,South,BEC-CLN-099,BEC-CLN-099,220,40700,10437.74,8295.92,12,NOT FOUND,Not Found,NOT FOUND,NOT FOUND,30262.26,0.00%,4.91,0,5.45%,Swiggy Instamart,Jan-25
Jan-25,Amazon,South,BEC-CLN-004,BEC-CLN-004,418,41382,5309.36,8316.72,18,Cleaners,99,44,MATCH,36072.64,49.01%,4.98,9363.92,4.31%,Amazon,Jan-25
Jan-24,Flipkart,West,BEC-KT-002,BEC-KT-002,202,84840,21607.46,8322.54,7,Kitchen Towel,420,205,MATCH,63232.54,34.51%,10.19,13500,3.47%,Flipkart,Jan-24
Sep-24,Flipkart,West,BEC-CLN-002,BEC-CLN-002,283,52355,13092.05,8327.01,15,Cleaners,185,88,MATCH,39262.95,36.57%,6.29,6031.94,5.30%,Flipkart,Sep-24
Nov-24,Swiggy Instamart,West,BEC-CLN-002,BEC-CLN-002,266,49210,10800.62,8330.49,15,Cleaners,185,88,MATCH,38409.38,39.06%,5.91,6670.89,5.64%,Swiggy Instamart,Nov-24
Mar-25,D2C,North,BEC-CLN-001,BEC-CLN-001,250,49750,6677.45,8332.92,39,Cleaners,199,96,MATCH,43072.55,44.28%,5.97,10739.63,15.60%,D2C,Mar-25
Jun-25,Flipkart,West,BEC-CLN-001,BEC-CLN-001,290,57710,13288.03,8350.18,13,Cleaners,199,96,MATCH,44421.97,37.33%,6.91,8231.79,4.48%,Flipkart,Jun-25
Oct-24,D2C,South,BEC-CLN-003,BEC-CLN-003,104,31096,1531.7,8356.62,13,Cleaners,299,150,MATCH,29564.3,47.23%,3.72,5607.68,12.50%,D2C,Oct-24
May-24,D2C,North,BEC-CLN-002,BEC-CLN-002,166,30710,3534.56,8371.58,22,Cleaners,185,88,MATCH,27175.44,46.25%,3.67,4195.86,13.25%,D2C,May-24
Jul-24,Amazon ,North,BEC-CLN-004,BEC-CLN-004,445,44055,11492.09,8379.71,18,Cleaners,99,44,MATCH,32562.91,39.87%,5.26,4603.2,4.04%,Amazon,Jul-24
Sep-24,Flipkart,South,BEC-CLN-002,BEC-CLN-002,169,31265,2151.71,8385.95,4,Cleaners,185,88,MATCH,29113.29,48.92%,3.73,5855.34,2.37%,Flipkart,Sep-24
Jun-25,D2C,West,BEC-CLN-004,BEC-CLN-004,297,29403,2319,8390.01,34,Cleaners,99,44,MATCH,27084,51.75%,3.50,5625.99,11.45%,D2C,Jun-25
Jul-24,D2C,West,BEC-CLN-002,BEC-CLN-002,263,48655,2144.59,8399.62,31,Cleaners,185,88,MATCH,46510.41,50.24%,5.79,14966.79,11.79%,D2C,Jul-24
Feb-24,Flipkart,North,BEC-CLN-001,BEC-CLN-001,225,44775,10907.62,8416.83,12,Cleaners,199,96,MATCH,33867.38,36.22%,5.32,3850.55,5.33%,Flipkart,Feb-24
May-24,Blinkit,South,BEC-CLN-002,BEC-CLN-002,218,40330,6310.23,8416.91,8,Cleaners,185,88,MATCH,34019.77,43.61%,4.79,6418.86,3.67%,Blinkit,May-24
Feb-25,Blinkit,West,BEC-KT-002,BEC-KT-002,385,161700,12134.98,8429.42,17,Kitchen Towel,420,205,MATCH,149565.02,47.23%,19.18,62210.6,4.42%,Blinkit,Feb-25
Apr-24,Amazon,West,BEC-TIS-001,BEC-TIS-001,660,62700,6126.78,8449.28,18,Tissues,95,42,MATCH,56573.22,51.00%,7.42,20403.94,2.73%,Amazon,Apr-24
Jul-24,Flipkart,North,BEC-CLN-001,BEC-CLN-001,185,36815,4389.98,8455.67,8,Cleaners,199,96,MATCH,32425.02,45.23%,4.35,6209.35,4.32%,Flipkart,Jul-24
Sep-24,Flipkart,West,BEC-CLN-001,BEC-CLN-001,259,51541,12523.71,8455.95,5,Cleaners,199,96,MATCH,39017.29,36.27%,6.10,5697.34,1.93%,Flipkart,Sep-24
Dec-24, Zepto,North,BEC-KT-002,BEC-KT-002,246,103320,29635.92,8456.75,11,Kitchen Towel,420,205,MATCH,73684.08,31.56%,12.22,14797.33,4.47%,Zepto,Dec-24
Apr-24,Flipkart,North,BEC-CLN-001,BEC-CLN-001,213,42387,8062.55,8464.31,4,Cleaners,199,96,MATCH,34324.45,40.43%,5.01,5412.14,1.88%,Flipkart,Apr-24
Apr-24,D2C,South,BEC-CLN-001,BEC-CLN-001,217,43183,6219.58,8486.1,30,Cleaners,199,96,MATCH,36963.42,43.64%,5.09,7645.32,13.82%,D2C,Apr-24
Jul-24, Zepto,North,BEC-CLN-001,BEC-CLN-001,237,47163,3569.77,8495.25,12,Cleaners,199,96,MATCH,43593.23,47.81%,5.55,12345.98,5.06%,Zepto,Jul-24
Dec-24,Blinkit,North,BEC-KT-002,BEC-KT-002,278,116760,17847.84,8512.97,12,Kitchen Towel,420,205,MATCH,98912.16,42.38%,13.72,33409.19,4.32%,Blinkit,Dec-24
Aug-24,Swiggy Instamart,South,BEC-CLN-003,BEC-CLN-003,92,27508,1523.88,8514.91,3,Cleaners,299,150,MATCH,25984.12,46.89%,3.23,3669.21,3.26%,Swiggy Instamart,Aug-24
Jul-24,Amazon ,North,BEC-KT-002,BEC-KT-002,259,108780,23277.35,8521.41,9,Kitchen Towel,420,205,MATCH,85502.65,37.90%,12.77,23886.24,3.47%,Amazon,Jul-24
Mar-24,Amazon ,North,BEC-TIS-002,BEC-TIS-002,489,88020,15364.26,8528.71,22,Tissues,180,95,MATCH,72655.74,36.06%,10.32,17672.03,4.50%,Amazon,Mar-24
Apr-25,D2C,South,  BEC-CLN-003,BEC-CLN-003,182,54418,7753.75,8534.99,17,Cleaners,299,150,MATCH,46664.25,41.50%,6.38,10829.26,9.34%,D2C,Apr-25
Mar-25,Blinkit,South,BEC-CLN-002,BEC-CLN-002,301,55685,11065.35,8536.03,11,Cleaners,185,88,MATCH,44619.65,40.64%,6.52,9595.62,3.65%,Blinkit,Mar-25
Apr-25,D2C,West,BEC-CLN-004,BEC-CLN-004,440,43560,6285.57,8544.65,67,Cleaners,99,44,MATCH,37274.43,48.06%,5.10,9369.78,15.23%,D2C,Apr-25
Mar-24,Amazon,West,BEC-BW-001,BEC-BW-001,304,66880,8342.8,8551.92,12,Bake & Wrap,220,118,MATCH,58537.2,38.72%,7.82,14113.28,3.95%,Amazon,Mar-24
Jun-25,Amazon,North,BEC-CLN-004,BEC-CLN-004,405,40095,7395.58,8567.4,9,Cleaners,99,44,MATCH,32699.42,45.50%,4.68,6312.02,2.22%,Amazon,Jun-25
Apr-24,D2C,South,BEC-CLN-002,BEC-CLN-002,228,42180,4866.97,8576.17,36,Cleaners,185,88,MATCH,37313.03,46.23%,4.92,8672.86,15.79%,D2C,Apr-24
Sep-24,Flipkart,North,BEC-CLN-002,BEC-CLN-002,163,30155,3467.7,8578.36,8,Cleaners,185,88,MATCH,26687.3,46.25%,3.52,3764.94,4.91%,Flipkart,Sep-24
Dec-24,Swiggy Instamart,North,BEC-CLN-002,BEC-CLN-002,220,40700,11432.14,8588.22,9,Cleaners,185,88,MATCH,29267.86,33.85%,4.74,1319.64,4.09%,Swiggy Instamart,Dec-24
Jan-25,Amazon ,West,BEC-TIS-002,BEC-TIS-002,515,92700,11439.19,8590.32,23,Tissues,180,95,MATCH,81260.81,39.79%,10.79,23745.49,4.47%,Amazon,Jan-25
Jul-24,Swiggy Instamart,West,BEC-CLN-002,BEC-CLN-002,185,"34,225",7904.78,8598.34,6,Cleaners,185,88,MATCH,26320.22,38.15%,3.98,1441.88,3.24%,Swiggy Instamart,Jul-24
Jan-24,Swiggy Instamart,West,BEC-CLN-002,BEC-CLN-002,273,50505,12091.08,8601.7,14,Cleaners,185,88,MATCH,38413.92,37.46%,5.87,5788.22,5.13%,Swiggy Instamart,Apr-24
Apr-24,Blinkit,West,BEC-CLN-004,BEC-CLN-004,449,44451,9872.87,8606.96,11,Cleaners,99,44,MATCH,34578.13,42.87%,5.16,6215.17,2.45%,Blinkit,Apr-24
Jul-24,Blinkit,West,BEC-KT-002,BEC-KT-002,273,114660,13900.47,8616.22,10,Kitchen Towel,420,205,MATCH,100759.53,44.46%,13.31,36178.31,3.66%,Blinkit,Jul-24
Jun-25,Flipkart,North,BEC-CLN-002,BEC-CLN-002,189,34965,5216.24,8625.61,6,Cleaners,185,88,MATCH,29748.76,44.09%,4.05,4491.15,3.17%,Flipkart,Jun-25
Apr-25,Swiggy Instamart,South,BEC-CLN-002,BEC-CLN-002,228,42180,5599.97,8640.47,8,Cleaners,185,88,MATCH,36580.03,45.15%,4.88,7875.56,3.51%,Swiggy Instamart,Apr-25
Jan-25,Amazon ,West,BEC-KT-001,BEC-KT-001,439,70240,8496.94,8648.87,19,Kitchen Towel,160,78,MATCH,61743.06,44.54%,8.12,18852.19,4.33%,Amazon,Jan-25
Jan-24,Swiggy Instamart,West,BEC-CLN-001,BEC-CLN-001,249,49551,2556.61,8658.37,14,Cleaners,199,96,MATCH,46994.39,49.13%,5.72,14432.02,5.62%,Swiggy Instamart,Jan-24
Apr-24,Amazon ,West,BEC-KT-001,BEC-KT-001,438,70080,6280.13,8661.93,17,Kitchen Towel,160,78,MATCH,63799.87,46.45%,8.09,20973.94,3.88%,Amazon,Apr-24
Aug-24,D2C,North,BEC-CLN-002,BEC-CLN-002,179,33115,2860.43,8662.18,18,Cleaners,185,88,MATCH,30254.57,47.94%,3.82,5840.39,10.06%,D2C,Aug-24
Nov-24,Blinkit,South,BEC-CLN-004,BEC-CLN-004,287,28413,2516.24,8664.31,9,Cleaners,99,44,MATCH,25896.76,51.24%,3.28,4604.45,3.14%,Blinkit,Nov-24
Jun-25,Amazon,South,BEC-KT-002,BEC-KT-002,197,82740,10217.5,8667.42,5,Kitchen Towel,420,205,MATCH,72522.5,44.31%,9.55,23470.08,2.54%,Amazon,Jun-25
Mar-24,Zepto,North,BEC-CLN-004,BEC-CLN-004,412,40788,11420.08,8681.31,20,Cleaners,99,44,MATCH,29367.92,38.27%,4.70,2558.61,4.85%,Zepto,Mar-24
Jan-25,Swiggy Instamart,West,BEC-CLN-002,BEC-CLN-002,236,43660,9830.86,8688.42,6,Cleaners,185,88,MATCH,33829.14,38.61%,5.03,4372.72,2.54%,Swiggy Instamart,Jan-25
Oct-24,Flipkart,South,BEC-CLN-001,BEC-CLN-001,177,35223,9088.88,8699.92,7,Cleaners,199,96,MATCH,26134.12,34.98%,4.05,442.200000000003,3.95%,Flipkart,Oct-24
Jan-24,Amazon,North,BEC-TIS-002,BEC-TIS-002,444,79920,14320.88,8705.92,24,Tissues,180,95,MATCH,65599.12,35.70%,9.18,14713.2,5.41%,Amazon,Jan-24
Feb-25,D2C,West,BEC-CLN-004,BEC-CLN-004,318,31482,4570.84,8707.03,52,Cleaners,99,44,MATCH,26911.16,48.01%,3.62,4212.13,16.35%,D2C,Feb-25
Feb-24,D2C,West,BEC-CLN-004,BEC-CLN-004,375,37125,4590.28,8708.1,57,Cleaners,99,44,MATCH,32534.72,49.28%,4.26,7326.62,15.20%,D2C,Feb-24
Mar-25,Swiggy Instamart,West,BEC-CLN-002,BEC-CLN-002,314,58090,12584.76,8711.6,8,Cleaners,185,88,MATCH,45505.24,39.28%,6.67,9161.64,2.55%,Swiggy Instamart,Mar-25
Dec-24,Blinkit,North,BEC-CLN-004,BEC-CLN-004,415,41085,9390.2,8732.05,14,Cleaners,99,44,MATCH,31694.8,42.39%,4.71,4702.75,3.37%,Blinkit,Dec-24
Feb-25,Amazon ,North,BEC-CLN-004,BEC-CLN-004,471,46629,3252.29,8733.17,12,Cleaners,99,44,MATCH,43376.71,52.22%,5.34,13919.54,2.55%,Amazon,Feb-25
Dec-24,D2C,South,BEC-CLN-001,BEC-CLN-001,177,35223,5139.13,8746.18,18,Cleaners,199,96,MATCH,30083.87,43.52%,4.03,4345.69,10.17%,D2C,Dec-24
Aug-24,Blinkit,North,BEC-CLN-001,BEC-CLN-001,199,39601,4419.85,8780.98,11,Cleaners,199,96,MATCH,35181.15,45.70%,4.51,7296.17,5.53%,Blinkit,Aug-24
Aug-24, Zepto,South,BEC-CLN-001,BEC-CLN-001,175,34825,6964.34,8789.73,5,Cleaners,199,96,MATCH,27860.66,39.70%,3.96,2270.93,2.86%,Zepto,Aug-24
May-25,Flipkart,West,BEC-CLN-002,BEC-CLN-002,270,49950,12408.98,8797.7,12,Cleaners,185,88,MATCH,37541.02,36.71%,5.68,4983.32,4.44%,Flipkart,May-25
Aug-24,Flipkart,North,BEC-CLN-003,BEC-CLN-003,150,44850,9895.81,8798.28,8,Cleaners,299,150,MATCH,34954.19,35.63%,5.10,3655.91,5.33%,Flipkart,Aug-24
Oct-24,D2C,North,BEC-CLN-001,BEC-CLN-001,176,35024,4377.26,8801.07,20,Cleaners,199,96,MATCH,30646.74,44.87%,3.98,4949.67,11.36%,D2C,Oct-24
Jan-24, Zepto,West,BEC-CLN-004,BEC-CLN-004,331,32769,5907.91,8812.59,8,Cleaners,99,44,MATCH,26861.09,45.78%,3.72,3484.5,2.42%,Zepto,Jan-24
Jan-25,Swiggy Instamart,West,BEC-KT-002,BEC-KT-002,168,70560,8566.99,8816.22,5,Kitchen Towel,420,205,MATCH,61993.01,44.45%,8.00,18736.79,2.98%,Swiggy Instamart,Jan-25
Mar-24, Zepto,South,BEC-CLN-002,BEC-CLN-002,197,36445,9818.29,8818.01,7,Cleaners,185,88,MATCH,26626.71,34.89%,4.13,472.699999999999,3.55%,Zepto,Mar-24
Jun-24,Flipkart,North,BEC-CLN-002,BEC-CLN-002,213,39405,2079.78,8819.26,8,Cleaners,185,88,MATCH,37325.22,49.78%,4.47,9761.96,3.76%,Flipkart,Jun-24
Apr-25,Blinkit,South,BEC-CLN-004,BEC-CLN-004,403,39897,9876.02,8821.91,17,Cleaners,99,44,MATCH,30020.98,40.93%,4.52,3467.07,4.22%,Blinkit,Apr-25
Jan-25,D2C,West,BEC-CLN-004,BEC-CLN-004,359,35541,4502.49,8832.88,60,Cleaners,99,44,MATCH,31038.51,49.11%,4.02,6409.63,16.71%,D2C,Jan-25
Feb-25,Swiggy Instamart,North,BEC-CLN-002,BEC-CLN-002,178,32930,6387.91,8851.83,8,Cleaners,185,88,MATCH,26542.09,40.98%,3.72,2026.26,4.49%,Swiggy Instamart,Feb-25
Jan-25,Zepto,West,BEC-KT-002,BEC-KT-002,253,106260,6777.03,8858.02,5,Kitchen Towel,420,205,MATCH,99482.97,47.87%,12.00,38759.95,1.98%,Zepto,Jan-25
Oct-24,Flipkart,South,BEC-CLN-003,BEC-CLN-003,174,52026,14921.19,8862.34,6,Cleaners,299,150,MATCH,37104.81,29.66%,5.87,2142.47,3.45%,Flipkart,Oct-24
May-25,Flipkart,South,BEC-CLN-002,BEC-CLN-002,217,40145,9751.98,8871.45,5,Cleaners,185,88,MATCH,30393.02,37.17%,4.53,2425.57,2.30%,Flipkart,May-25
Dec-24,Amazon ,North,BEC-KT-002,BEC-KT-002,215,90300,20562.38,8877.43,12,Kitchen Towel,420,205,MATCH,69737.62,36.80%,10.17,16785.19,5.58%,Amazon,Dec-24
Jul-24,Flipkart,West,BEC-CLN-001,BEC-CLN-001,242,48158,12088.71,8877.96,10,Cleaners,199,96,MATCH,36069.29,35.59%,5.42,3959.33,4.13%,Flipkart,Jul-24
Dec-24, Zepto,North,BEC-CLN-004,BEC-CLN-004,331,32769,5602.9,8880.68,15,Cleaners,99,44,MATCH,27166.1,46.39%,3.69,3721.42,4.53%,Zepto,Dec-24
Apr-25, Zepto,South,BEC-CLN-001,BEC-CLN-001,285,56715,14652.32,8896.27,9,Cleaners,199,96,MATCH,42062.68,34.95%,6.38,5806.41,3.16%,Zepto,Apr-25
Nov-24,D2C,North,BEC-CLN-003,BEC-CLN-003,143,42757,3564.39,8906.54,23,Cleaners,299,150,MATCH,39192.61,45.27%,4.80,8836.07,16.08%,D2C,Nov-24
Mar-24,Zepto,West,BEC-CLN-004,BEC-CLN-004,398,39402,7988.96,8914.15,22,Cleaners,99,44,MATCH,31413.04,44.25%,4.42,4986.89,5.53%,Zepto,Mar-24
Dec-24,D2C,North,BEC-CLN-002,BEC-CLN-002,163,30155,876.81,8914.44,21,Cleaners,185,88,MATCH,29278.19,51.01%,3.38,6019.75,12.88%,D2C,Dec-24
Aug-24,Flipkart,West,BEC-KT-002,BEC-KT-002,166,69720,7811.95,8919.59,8,Kitchen Towel,420,205,MATCH,61908.05,45.03%,7.82,18958.46,4.82%,Flipkart,Aug-24
Feb-25,Swiggy Instamart,South,BEC-CLN-002,BEC-CLN-002,204,37740,8244.27,8919.83,9,Cleaners,185,88,MATCH,29495.73,39.14%,4.23,2623.9,4.41%,Swiggy Instamart,Feb-25
Jun-24,Amazon,West,BEC-TIS-002,BEC-TIS-002,482,86760,10431.46,8927.71,17,Tissues,180,95,MATCH,76328.54,40.01%,9.72,21610.83,3.53%,Amazon,Jun-24
Jan-24,Amazon,South,BEC-CLN-002,BEC-CLN-002,298,55130,15095.77,8928.74,6,Cleaners,185,88,MATCH,40034.23,34.50%,6.17,4881.49,2.01%,Amazon,Jan-24
Apr-24,Flipkart,South,BEC-CLN-001,BEC-CLN-001,254,50546,7571.83,8931.72,11,Cleaners,199,96,MATCH,42974.17,43.26%,5.66,9658.45,4.33%,Flipkart,Apr-24
Jan-25,D2C,South,BEC-CLN-003,BEC-CLN-003,147,43953,3551.63,8950.27,14,Cleaners,299,150,MATCH,40401.37,45.42%,4.91,9401.1,9.52%,D2C,Jun-25
Nov-24,Amazon ,South,BEC-KT-002,BEC-KT-002,267,112140,10908.11,8952.63,12,Kitchen Towel,420,205,MATCH,101231.89,45.93%,12.53,37544.26,4.49%,Amazon,Nov-24
May-24,Blinkit,North,BEC-KT-002,BEC-KT-002,209,87780,25769.9,8971.33,12,Kitchen Towel,420,205,MATCH,62010.1,30.91%,9.78,10193.77,5.74%,Blinkit,May-24
Mar-25,D2C,West,BEC-CLN-004,BEC-CLN-004,432,42768,2790.64,8977.5,56,Cleaners,99,44,MATCH,39977.36,52.45%,4.76,11991.86,12.96%,D2C,Mar-25
Apr-24,Zepto,West,BEC-TIS-002,BEC-TIS-002,417,75060,9582.69,8978.15,19,Tissues,180,95,MATCH,65477.31,39.50%,8.36,16884.16,4.56%,Zepto,Apr-24
May-24,Amazon,South,BEC-CLN-004,BEC-CLN-004,424,41976,10118.07,8978.56,15,Cleaners,99,44,MATCH,31857.93,41.44%,4.68,4223.37,3.54%,Amazon,May-24
Feb-25,Amazon,North,BEC-KT-002,BEC-KT-002,413,173460,22613.65,8979.7,16,Kitchen Towel,420,205,MATCH,150846.35,43.87%,19.32,57201.65,3.87%,Amazon,Feb-25
Mar-25,Swiggy Instamart,West,BEC-CLN-001,BEC-CLN-001,323,64277,14589.03,8989.94,6,Cleaners,199,96,MATCH,49687.97,37.59%,7.15,9690.03,1.86%,Swiggy Instamart,Mar-25
Nov-24,Flipkart,North,BEC-CLN-002,BEC-CLN-002,175,32375,4348.99,8990.93,8,Cleaners,185,88,MATCH,28026.01,45.05%,3.60,3635.08,4.57%,Flipkart,Nov-24
Aug-24,D2C,North,BEC-CLN-003,BEC-CLN-003,166,49634,2393.57,9014.54,26,Cleaners,299,150,MATCH,47240.43,47.29%,5.51,13325.89,15.66%,D2C,Aug-24
Feb-25,Amazon,North,BEC-TIS-002,BEC-TIS-002,416,74880,4816.33,9016.94,12,Tissues,180,95,MATCH,70063.67,43.59%,8.30,21526.73,2.88%,Amazon,Feb-25
Nov-24,Flipkart,South,BEC-CLN-003,BEC-CLN-003,124,37076,6456.17,9023.59,4,Cleaners,299,150,MATCH,30619.83,39.26%,4.11,2996.24,3.23%,Flipkart,Nov-24
Apr-25,D2C,South,BEC-CLN-001,BEC-CLN-001,225,44775,3235.44,9030.27,37,Cleaners,199,96,MATCH,41539.56,48.00%,4.96,10909.29,16.44%,D2C,Apr-25
Sep-24,D2C,South,BEC-CLN-002,BEC-CLN-002,171,31635,717.86,9032.64,26,Cleaners,185,88,MATCH,30917.14,51.33%,3.50,6836.5,15.20%,D2C,Sep-24
Dec-24,Blinkit,West,BEC-KT-002,BEC-KT-002,238,99960,28567.23,9040.59,6,Kitchen Towel,420,205,MATCH,71392.77,31.66%,11.06,13562.18,2.52%,Blinkit,Dec-24
Oct-24,Swiggy Instamart,North,BEC-CLN-003,BEC-CLN-003,120,35880,2006.53,9041.88,7,Cleaners,299,150,MATCH,33873.47,46.86%,3.97,6831.59,5.83%,Swiggy Instamart,Oct-24
Jun-25,Blinkit,South,BEC-CLN-001,BEC-CLN-001,220,43780,12220.66,9044.72,10,Cleaners,199,96,MATCH,31559.34,33.08%,4.84,1394.62,4.55%,Blinkit,Jun-25
Apr-24, Zepto,South,BEC-CLN-001,BEC-CLN-001,197,39203,4622.16,9049.18,11,Cleaners,199,96,MATCH,34580.84,45.31%,4.33,6619.66,5.58%,Zepto,Apr-24
Sep-24,Zepto,West,BEC-CLN-001,BEC-CLN-001,232,46168,2853.27,9072.94,13,Cleaners,199,96,MATCH,43314.73,48.58%,5.09,11969.79,5.60%,Zepto,Sep-24
Aug-24,Blinkit,West,BEC-KT-002,BEC-KT-002,205,86100,20417.93,9103.46,6,Kitchen Towel,420,205,MATCH,65682.07,36.02%,9.46,14553.61,2.93%,Blinkit,Aug-24
Apr-24,D2C,West,BEC-CLN-004,BEC-CLN-004,365,36135,5307.63,9107.8,36,Cleaners,99,44,MATCH,30827.37,47.90%,3.97,5659.57,9.86%,D2C,Apr-24
Oct-24,Flipkart,South,BEC-CLN-002,BEC-CLN-002,168,31080,2743.73,9119.73,7,Cleaners,185,88,MATCH,28336.27,47.83%,3.41,4432.54,4.17%,Flipkart,Oct-24
Apr-25,Flipkart,North,BEC-CLN-002,BEC-CLN-002,266,49210,11701.07,9145.91,10,Cleaners,185,88,MATCH,37508.93,37.59%,5.38,4955.02,3.76%,Flipkart,Apr-25
Nov-24,Flipkart,West,  BEC-CLN-002,BEC-CLN-002,330,61050,11319.34,9149.9,15,Cleaners,185,88,MATCH,49730.66,41.61%,6.67,11540.76,4.55%,Flipkart,Nov-24
Mar-25,Flipkart,North,BEC-CLN-002,BEC-CLN-002,230,42550,3808.23,9152.64,7,Cleaners,185,88,MATCH,38741.77,47.76%,4.65,9349.13,3.04%,Flipkart,Mar-25
Apr-24,Amazon,North,BEC-CLN-004,BEC-CLN-004,401,39699,7462.48,9159.79,12,Cleaners,99,44,MATCH,32236.52,45.27%,4.33,5432.73,2.99%,Amazon,Apr-24
May-24,Swiggy Instamart,South,BEC-CLN-002,BEC-CLN-002,174,32190,4927.12,9167.57,6,Cleaners,185,88,MATCH,27262.88,43.84%,3.51,2783.31,3.45%,Swiggy Instamart,May-24
Apr-24,Blinkit,North,BEC-KT-002,BEC-KT-002,267,112140,23291.94,9177.63,14,Kitchen Towel,420,205,MATCH,88848.06,38.39%,12.22,24935.43,5.24%,Blinkit,Apr-24
Mar-25, Zepto,West,BEC-CLN-004,BEC-CLN-004,412,40788,9641.28,9184.12,16,Cleaners,99,44,MATCH,31146.72,41.80%,4.44,3834.6,3.88%,Zepto,Mar-25
Jun-24,Blinkit,North,BEC-CLN-002,BEC-CLN-002,238,44030,9546.15,9187.56,6,Cleaners,185,88,MATCH,34483.85,39.26%,4.79,4352.29,2.52%,Blinkit,Jun-24
Aug-24,Amazon,West,BEC-CLN-004,BEC-CLN-004,482,47718,5317.65,9190.26,27,Cleaners,99,44,MATCH,42400.35,49.98%,5.19,12002.09,5.60%,Amazon,Aug-24
Jun-24,Zepto,West,BEC-CLN-004,BEC-CLN-004,372,36828,8178.43,9196.07,15,Cleaners,99,44,MATCH,28649.57,42.87%,4.00,3085.5,4.03%,Zepto,Jun-24
Jun-24,D2C,South,BEC-CLN-002,BEC-CLN-002,198,36630,1975.76,9197.22,25,Cleaners,185,88,MATCH,34654.24,49.72%,3.98,8033.02,12.63%,D2C,Jun-24
May-25,Blinkit,South,BEC-CLN-002,BEC-CLN-002,235,43475,7123.24,9201.57,8,Cleaners,185,88,MATCH,36351.76,43.11%,4.72,6470.19,3.40%,Blinkit,May-25
May-24,Blinkit,North,BEC-CLN-004,BEC-CLN-004,434,42966,9289.41,9203.27,10,Cleaners,99,44,MATCH,33676.59,43.30%,4.67,5377.32,2.30%,Blinkit,May-24
Feb-25,Flipkart,South,BEC-CLN-003,BEC-CLN-003,196,58604,17526.47,9233.11,6,Cleaners,299,150,MATCH,41077.53,28.43%,6.35,2444.42,3.06%,Flipkart,Feb-25
Jul-24,D2C,South,BEC-CLN-001,BEC-CLN-001,185,36815,3026.56,9241.56,19,Cleaners,199,96,MATCH,33788.44,47.44%,3.98,6786.88,10.27%,D2C,Jul-24
Jun-25,Flipkart,South,BEC-CLN-003,BEC-CLN-003,192,57408,11544.44,9272.31,6,Cleaners,299,150,MATCH,45863.56,37.21%,6.19,7791.25,3.13%,Flipkart,Jun-25
May-25,Swiggy Instamart,North,BEC-CLN-002,BEC-CLN-002,217,40145,2658.7,9275.74,5,Cleaners,185,88,MATCH,37486.3,49.06%,4.33,9114.56,2.30%,Swiggy Instamart,May-25
May-25,Zepto,North,BEC-KT-002,BEC-KT-002,182,76440,10253.3,9301.45,4,Kitchen Towel,420,205,MATCH,66186.7,43.63%,8.22,19575.25,2.20%,Zepto,May-25
Jan-24,Blinkit,South,BEC-KT-002,BEC-KT-002,198,83160,17274.32,9312.44,11,Kitchen Towel,420,205,MATCH,65885.68,38.39%,8.93,15983.24,5.56%,Blinkit,Jan-24
Sep-24,Blinkit,North,BEC-CLN-002,BEC-CLN-002,317,58645,13516.97,9335.26,16,Cleaners,185,88,MATCH,45128.03,38.18%,6.28,7896.77,5.05%,Blinkit,Sep-24
Feb-25,Swiggy Instamart,West,BEC-CLN-002,BEC-CLN-002,216,39960,7347.16,9339.12,8,Cleaners,185,88,MATCH,32612.84,41.72%,4.28,4265.72,3.70%,Swiggy Instamart,Feb-25
Feb-24,Blinkit,North,BEC-CLN-004,BEC-CLN-004,385,38115,7892.18,9339.24,8,Cleaners,99,44,MATCH,30222.82,43.95%,4.08,3943.58,2.08%,Blinkit,Feb-24
Mar-24,Blinkit,North,BEC-KT-002,BEC-KT-002,192,80640,11162.88,9341.46,8,Kitchen Towel,420,205,MATCH,69477.12,43.35%,8.63,20775.66,4.17%,Blinkit,Mar-24
Mar-24,Zepto,North,BEC-CLN-002,BEC-CLN-002,264,48840,7361.13,9341.58,7,Cleaners,185,88,MATCH,41478.87,43.99%,5.23,8905.29,2.65%,Zepto,Mar-24
May-25, Zepto,South,BEC-CLN-004,BEC-CLN-004,361,35739,3496.8,9345.75,15,Cleaners,99,44,MATCH,32242.2,50.74%,3.82,7012.45,4.16%,Zepto,May-25
Oct-24,Zepto,West,BEC-KT-002,BEC-KT-002,236,99120,19187.13,9349.55,5,Kitchen Towel,420,205,MATCH,79932.87,39.47%,10.60,22203.32,2.12%,Zepto,Oct-24
Nov-24,Amazon,West,BEC-KT-002,BEC-KT-002,346,145320,40978.7,9352.29,9,Kitchen Towel,420,205,MATCH,104341.3,32.02%,15.54,24059.01,2.60%,Amazon,Nov-24
Jan-24,D2C,West,BEC-CLN-001,BEC-CLN-001,222,44178,4358.96,9360.86,34,Cleaners,199,96,MATCH,39819.04,46.48%,4.72,9146.18,15.32%,D2C,Jan-24
Jan-25,Swiggy Instamart,North,BEC-CLN-001,BEC-CLN-001,258,51342,12082.79,9387.98,13,Cleaners,199,96,MATCH,39259.21,36.91%,5.47,5103.23,5.04%,Swiggy Instamart,Jan-25
Feb-25,Swiggy Instamart,South,BEC-CLN-001,BEC-CLN-001,204,40596,2433.07,9389.52,8,Cleaners,199,96,MATCH,38162.93,48.68%,4.32,9189.41,3.92%,Swiggy Instamart,Feb-25
Feb-24,Blinkit,West,BEC-CLN-004,BEC-CLN-004,503,49797,9998.34,9412.76,30,Cleaners,99,44,MATCH,39798.66,44.39%,5.29,8253.9,5.96%,Blinkit,Feb-24
Apr-24,D2C,North,  BEC-KT-002,BEC-KT-002,179,75180,6302.79,9418.42,23,Kitchen Towel,420,205,MATCH,68877.21,46.72%,7.98,22763.79,12.85%,D2C,Apr-24
Jun-24,Amazon,West,BEC-KT-002,BEC-KT-002,319,133980,22834.88,9439.69,14,Kitchen Towel,420,205,MATCH,111145.12,41.16%,14.19,36310.43,4.39%,Amazon,Jun-24
Feb-25,D2C,South,BEC-CLN-002,BEC-CLN-002,166,30710,1781.67,9446.98,21,Cleaners,185,88,MATCH,28928.33,49.50%,3.25,4873.35,12.65%,D2C,Feb-25
Oct-24,Flipkart,North,BEC-CLN-002,BEC-CLN-002,194,35890,8028.5,9449.99,6,Cleaners,185,88,MATCH,27861.5,38.73%,3.80,1339.51,3.09%,Flipkart,Oct-24
Jul-24,Swiggy Instamart,North,BEC-CLN-003,BEC-CLN-003,163,48737,7661.96,9473.97,4,Cleaners,299,150,MATCH,41075.04,40.47%,5.14,7151.07,2.45%,Swiggy Instamart,Jul-24
Jun-24,Blinkit,South,BEC-CLN-002,BEC-CLN-002,196,36260,6701.2,9482.95,10,Cleaners,185,88,MATCH,29558.8,41.65%,3.82,2827.85,5.10%,Blinkit,Jun-24
Sep-24,D2C,West,BEC-CLN-002,BEC-CLN-002,204,37740,3056.09,9493.8,28,Cleaners,185,88,MATCH,34683.91,48.24%,3.98,7238.11,13.73%,D2C,Sep-24
Mar-25,Blinkit,West,BEC-TIS-002,BEC-TIS-002,394,70920,6041.66,9515.18,18,Tissues,180,95,MATCH,64878.34,42.31%,7.45,17933.16,4.57%,Blinkit,Mar-25
Dec-24,Flipkart,North,BEC-CLN-003,BEC-CLN-003,212,63388,13847.99,9520.92,11,Cleaners,299,150,MATCH,49540.01,35.81%,6.66,8219.09,5.19%,Flipkart,Dec-24
Dec-24,Swiggy Instamart,South,BEC-CLN-002,BEC-CLN-002,201,37185,2980.67,9524.44,10,Cleaners,185,88,MATCH,34204.33,48.29%,3.90,6991.89,4.98%,Swiggy Instamart,Dec-24
Jan-24,D2C,North,BEC-CLN-003,BEC-CLN-003,154,46046,1277.69,9533.56,22,Cleaners,299,150,MATCH,44768.31,48.40%,4.83,12134.75,14.29%,D2C,Jan-24
Jan-24, Zepto,West,BEC-CLN-001,BEC-CLN-001,267,53133,14633.23,9540.27,14,Cleaners,199,96,MATCH,38499.77,33.42%,5.57,3327.5,5.24%,Zepto,Jan-24
Jan-24,Flipkart,South,BEC-CLN-001,BEC-CLN-001,193,38407,8134.61,9546.67,9,Cleaners,199,96,MATCH,30272.39,38.80%,4.02,2197.72,4.66%,Flipkart,Jan-24
Feb-25,Flipkart,South,BEC-CLN-002,BEC-CLN-002,256,47360,8697.57,9554.88,15,Cleaners,185,88,MATCH,38662.43,41.73%,4.96,6579.55,5.86%,Flipkart,Feb-25
Mar-25,Swiggy Instamart,North,BEC-CLN-002,BEC-CLN-002,279,51615,7882.17,9563.11,16,Cleaners,185,88,MATCH,43732.83,43.86%,5.40,9617.72,5.73%,Swiggy Instamart,Mar-25
Mar-25,Swiggy Instamart,North,BEC-CLN-001,BEC-CLN-001,183,36417,1883.89,9564.49,8,Cleaners,199,96,MATCH,34533.11,49.13%,3.81,7400.62,4.37%,Swiggy Instamart,Mar-25
Apr-24,Amazon,West,BEC-TIS-002,BEC-TIS-002,637,114660,34133.78,9566.59,20,Tissues,180,95,MATCH,80526.22,24.85%,11.99,10444.63,3.14%,Amazon,Apr-24
Sep-24,Amazon,West,BEC-KT-002,BEC-KT-002,368,154560,7841.77,9581.62,10,Kitchen Towel,420,205,MATCH,146718.23,48.58%,16.13,61696.61,2.72%,Amazon,Sep-24
Jun-24,Amazon,South,BEC-CLN-002,BEC-CLN-002,370,68450,18268.34,9586.92,14,Cleaners,185,88,MATCH,50181.66,35.12%,7.14,8034.74,3.78%,Amazon,Jun-24
Jun-24,D2C,West,BEC-CLN-002,BEC-CLN-002,322,59570,6647.8,9589.23,30,Cleaners,185,88,MATCH,52922.2,46.46%,6.21,14996.97,9.32%,D2C,Jun-24
Nov-24, Zepto,South,BEC-CLN-001,BEC-CLN-001,226,44974,10810.9,9601.22,4,Cleaners,199,96,MATCH,34163.1,36.49%,4.68,2865.88,1.77%,Zepto,Nov-24
Feb-24,D2C,South,BEC-CLN-001,BEC-CLN-001,182,36218,4607.59,9603.38,22,Cleaners,199,96,MATCH,31610.41,44.73%,3.77,4535.03,12.09%,D2C,Feb-24
Apr-25,Blinkit,South,BEC-CLN-002,BEC-CLN-002,273,50505,4564.26,9605.03,16,Cleaners,185,88,MATCH,45940.74,47.71%,5.26,12311.71,5.86%,Blinkit,Apr-25
Mar-25,Amazon,South,BEC-GB-002,BEC-GB-002,415,74285,9493.21,9617.44,22,Garbage Bags,179,86,MATCH,64791.79,44.92%,7.72,19484.35,5.30%,Amazon,Mar-25
Feb-24,D2C,South,BEC-CLN-003,BEC-CLN-003,177,52923,3895.89,9625.34,25,Cleaners,299,150,MATCH,49027.11,45.85%,5.50,12851.77,14.12%,D2C,Feb-24
Jan-25,Swiggy Instamart,West,BEC-CLN-002,BEC-CLN-002,260,48100,5257.08,9627.15,5,Cleaners,185,88,MATCH,42842.92,46.60%,5.00,10335.77,1.92%,Swiggy Instamart,Jun-25
Mar-24,Amazon,South,BEC-KT-002,BEC-KT-002,299,125580,24977.73,9671.87,6,Kitchen Towel,420,205,MATCH,100602.27,39.07%,12.98,29635.4,2.01%,Amazon,Mar-24
Jan-24,D2C,North,BEC-CLN-001,BEC-CLN-001,254,50546,2913.94,9673.16,25,Cleaners,199,96,MATCH,47632.06,48.81%,5.23,13574.9,9.84%,D2C,Jan-24
Sep-24,Amazon,North,BEC-KT-002,BEC-KT-002,292,122640,21143.2,9677.67,13,Kitchen Towel,420,205,MATCH,101496.8,41.02%,12.67,31959.13,4.45%,Amazon,Sep-24
Aug-24,Amazon,South,BEC-CLN-001,BEC-CLN-001,232,46168,3220.85,9695.12,10,Cleaners,199,96,MATCH,42947.15,48.14%,4.76,10980.03,4.31%,Amazon,Aug-24
Sep-24, Zepto,South,BEC-CLN-003,BEC-CLN-003,212,63388,11146.8,9717.77,5,Cleaners,299,150,MATCH,52241.2,39.13%,6.52,10723.43,2.36%,Zepto,Sep-24
Jul-24, Zepto,West,BEC-CLN-002,BEC-CLN-002,255,47175,10804.7,9730.58,14,Cleaners,185,88,MATCH,36370.3,38.30%,4.85,4199.72,5.49%,Zepto,Jul-24
Sep-24,Zepto,North,BEC-CLN-001,BEC-CLN-001,184,36616,5535.23,9736.47,10,Cleaners,199,96,MATCH,31080.77,43.17%,3.76,3680.3,5.43%,Zepto,Sep-24
Jun-24,Zepto,North,BEC-KT-002,BEC-KT-002,219,91980,11597.75,9737.45,11,Kitchen Towel,420,205,MATCH,80382.25,44.15%,9.45,25749.8,5.02%,Zepto,Jun-24
Nov-24,D2C,South,BEC-CLN-002,BEC-CLN-002,161,29785,903.88,9741.07,19,Cleaners,185,88,MATCH,28881.12,50.94%,3.06,4972.05,11.80%,D2C,Nov-24
Mar-25,Amazon ,West,BEC-GB-001,BEC-GB-001,549,81801,15365.05,9752.2,13,Garbage Bags,149,70,MATCH,66435.95,42.15%,8.39,18253.75,2.37%,Amazon,Mar-25
Jan-24,Amazon,North,BEC-KT-002,BEC-KT-002,227,95340,8141.06,9758.44,5,Kitchen Towel,420,205,MATCH,87198.94,46.63%,9.77,30905.5,2.20%,Amazon,Jan-24
Jan-25, Zepto,South,BEC-KT-002,BEC-KT-002,215,90300,15842.3,9781.61,5,Kitchen Towel,420,205,MATCH,74457.7,40.81%,9.23,20601.09,2.33%,Zepto,Jan-25
Apr-24,Amazon,South,  BEC-TIS-002,BEC-TIS-002,412,74160,5369.03,9803.38,15,Tissues,180,95,MATCH,68790.97,43.10%,7.56,19847.59,3.64%,Amazon,Apr-24
Jan-24,Zepto,West,BEC-CLN-002,BEC-CLN-002,349,64565,15706.32,9810.63,7,Cleaners,185,88,MATCH,48858.68,37.14%,6.58,8336.05,2.01%,Zepto,Jan-24
Mar-25,Amazon,West,BEC-GB-002,BEC-GB-002,480,85920,13149.2,9815.33,28,Garbage Bags,179,86,MATCH,72770.8,43.27%,8.75,21675.47,5.83%,Amazon,Mar-25
Mar-24,Flipkart,West,BEC-KT-002,BEC-KT-002,210,88200,11165.73,9819.01,6,Kitchen Towel,420,205,MATCH,77034.27,44.12%,8.98,24165.26,2.86%,Flipkart,Mar-24
Apr-24,Flipkart,West,BEC-CLN-002,BEC-CLN-002,247,45695,13523.16,9836.8,11,Cleaners,185,88,MATCH,32171.84,32.44%,4.65,599.040000000001,4.45%,Flipkart,Apr-24
May-25,D2C,North,BEC-CLN-001,BEC-CLN-001,209,41591,4066.16,9838.91,34,Cleaners,199,96,MATCH,37524.84,46.53%,4.23,7621.93,16.27%,D2C,May-25
Sep-24, Zepto,South,BEC-CLN-002,BEC-CLN-002,197,36445,7259.95,9848.56,7,Cleaners,185,88,MATCH,29185.05,40.60%,3.70,2000.49,3.55%,Zepto,Sep-24
Jan-25,Blinkit,South,BEC-CLN-001,BEC-CLN-001,310,61690,10016.93,9878.41,15,Cleaners,199,96,MATCH,51673.07,42.41%,6.24,12034.66,4.84%,Blinkit,Jan-25
Jun-24,Blinkit,West,BEC-KT-002,BEC-KT-002,318,133560,12054.44,9879.02,17,Kitchen Towel,420,205,MATCH,121505.56,46.35%,13.52,46436.54,5.35%,Blinkit,Jun-24
Jan-25, Zepto,West,BEC-TIS-002,BEC-TIS-002,447,80460,13012.39,9886.16,20,Tissues,180,95,MATCH,67447.61,37.04%,8.14,15096.45,4.47%,Zepto,Jan-25
Apr-24,Flipkart,North,BEC-CLN-002,BEC-CLN-002,296,54760,15208.47,9902.7,14,Cleaners,185,88,MATCH,39551.53,34.14%,5.53,3600.83,4.73%,Flipkart,Apr-24
Mar-24,Swiggy Instamart,West,BEC-CLN-001,BEC-CLN-001,285,56715,16155.86,9909.36,13,Cleaners,199,96,MATCH,40559.14,32.54%,5.72,3289.78,4.56%,Swiggy Instamart,Mar-24
Apr-25,Amazon,South,BEC-KT-002,BEC-KT-002,234,98280,10464.68,9928.15,6,Kitchen Towel,420,205,MATCH,87815.32,45.37%,9.90,29917.17,2.56%,Amazon,Apr-25
Jun-25,Flipkart,West,BEC-CLN-002,BEC-CLN-002,413,76405,22324.5,9929.38,16,Cleaners,185,88,MATCH,54080.5,32.80%,7.69,7807.12,3.87%,Flipkart,Jun-25
Mar-25,D2C,South,BEC-CLN-002,BEC-CLN-002,202,37370,4235.94,9935.87,33,Cleaners,185,88,MATCH,33134.06,46.35%,3.76,5422.19,16.34%,D2C,Mar-25
Jan-24,Swiggy Instamart,South,BEC-CLN-003,BEC-CLN-003,176,52624,7919.29,9936.89,3,Cleaners,299,150,MATCH,44704.71,40.95%,5.30,8367.82,1.70%,Swiggy Instamart,Jan-24
Feb-24, Zepto,West,BEC-CLN-004,BEC-CLN-004,385,38115,3871.77,9944.95,7,Cleaners,99,44,MATCH,34243.23,50.53%,3.83,7358.28,1.82%,Zepto,Feb-24
May-25,Amazon,South,BEC-CLN-004,BEC-CLN-004,433,42867,9327.28,9950.31,15,Cleaners,99,44,MATCH,33539.72,43.20%,4.31,4537.41,3.46%,Amazon,May-25
May-24,Amazon,West,BEC-CLN-004,BEC-CLN-004,511,50589,10452.67,9955.25,30,Cleaners,99,44,MATCH,40136.33,43.98%,5.08,7697.08,5.87%,Amazon,May-24
Feb-24,Amazon ,West,BEC-TIS-002,BEC-TIS-002,528,95040,24735.77,9956.82,21,Tissues,180,95,MATCH,70304.23,28.65%,9.55,10187.41,3.98%,Amazon,Feb-24
Jun-24,Blinkit,North,BEC-CLN-001,BEC-CLN-001,366,72834,19596.55,9964.79,21,Cleaners,199,96,MATCH,53237.45,34.00%,7.31,8136.66,5.74%,Blinkit,Jun-24
Apr-24,Swiggy Instamart,North,BEC-CLN-001,BEC-CLN-001,173,34427,2469.53,9976.16,6,Cleaners,199,96,MATCH,31957.47,48.03%,3.45,5373.31,3.47%,Swiggy Instamart,Apr-24
Jan-24,Amazon ,South,BEC-KT-002,BEC-KT-002,274,115080,30196.64,9982.06,15,Kitchen Towel,420,205,MATCH,84883.36,33.83%,11.53,18731.3,5.47%,Amazon,Jan-24
Jul-24,D2C,West,BEC-CLN-001,BEC-CLN-001,285,56715,6767.51,9984.25,37,Cleaners,199,96,MATCH,49947.49,45.22%,5.68,12603.24,12.98%,D2C,Jul-24
Jul-24,Amazon ,West,BEC-CLN-004,BEC-CLN-004,387,38313,8154.72,9991.54,10,Cleaners,99,44,MATCH,30158.28,43.54%,3.83,3138.74,2.58%,Amazon,Jul-24
Feb-25,D2C,West,BEC-KT-002,BEC-KT-002,249,104580,6892.57,9995.73,40,Kitchen Towel,420,205,MATCH,97687.43,47.75%,10.46,36646.7,16.06%,D2C,Feb-25
Aug-24,Swiggy Instamart,North,BEC-CLN-003,BEC-CLN-003,162,48438,13977.46,10014.93,5,Cleaners,299,150,MATCH,34460.54,29.48%,4.84,145.610000000001,3.09%,Swiggy Instamart,Aug-24
Jan-24,Swiggy Instamart,West,BEC-CLN-002,BEC-CLN-002,216,39960,4115.54,10022.81,4,Cleaners,185,88,MATCH,35844.46,46.97%,3.99,6813.65,1.85%,Swiggy Instamart,Jan-24
Jan-24,Amazon,North,BEC-CLN-004,BEC-CLN-004,398,39402,6975.69,10025.5,16,Cleaners,99,44,MATCH,32426.31,45.99%,3.93,4888.81,4.02%,Amazon,Jan-24
Apr-25, Zepto,North,BEC-KT-002,BEC-KT-002,266,111720,28703.47,10027.25,15,Kitchen Towel,420,205,MATCH,83016.53,34.31%,11.14,18459.28,5.64%,Zepto,Apr-25
Mar-25,Swiggy Instamart,West,BEC-KT-002,BEC-KT-002,230,96600,23876.73,10029.55,12,Kitchen Towel,420,205,MATCH,72723.27,35.17%,9.63,15543.72,5.22%,Swiggy Instamart,Mar-25
Jun-24,Flipkart,South,BEC-CLN-001,BEC-CLN-001,228,45372,8843.4,10056.6,13,Cleaners,199,96,MATCH,36528.6,40.08%,4.51,4584,5.70%,Flipkart,Jun-24
Aug-24,Swiggy Instamart,West,BEC-CLN-001,BEC-CLN-001,161,32039,1720.24,10062.9,9,Cleaners,199,96,MATCH,30318.76,49.02%,3.18,4799.86,5.59%,Swiggy Instamart,Aug-24
Nov-24,Swiggy Instamart,West,BEC-CLN-003,BEC-CLN-003,190,56810,13832.53,10066.15,10,Cleaners,299,150,MATCH,42977.47,33.69%,5.64,4411.32,5.26%,Swiggy Instamart,Nov-24
Feb-24,Amazon,South,  BEC-CLN-001,BEC-CLN-001,311,61889,16566.5,10089.85,11,Cleaners,199,96,MATCH,45322.5,34.13%,6.13,5376.65,3.54%,Amazon,Feb-24
Apr-25,Amazon ,North,BEC-CLN-004,BEC-CLN-004,504,49896,7089.8,10094.07,16,Cleaners,99,44,MATCH,42806.2,48.19%,4.94,10536.13,3.17%,Amazon,Apr-25
May-24,D2C,West,BEC-CLN-001,BEC-CLN-001,219,43581,3346.01,10102.78,22,Cleaners,199,96,MATCH,40234.99,47.75%,4.31,9108.21,10.05%,D2C,May-24
Nov-24, Zepto,South,BEC-CLN-003,BEC-CLN-003,171,51129,7307.53,10113.31,4,Cleaners,299,150,MATCH,43821.47,41.47%,5.06,8058.16,2.34%,Zepto,Nov-24
Dec-24,Swiggy Instamart,West,BEC-CLN-001,BEC-CLN-001,237,47163,7030.48,10142.91,12,Cleaners,199,96,MATCH,40132.52,43.31%,4.65,7237.61,5.06%,Swiggy Instamart,Dec-24
Sep-24,Amazon,South,  BEC-CLN-002,BEC-CLN-002,335,61975,18112.24,10143.46,9,Cleaners,185,88,MATCH,43862.76,32.79%,6.11,4239.3,2.69%,Amazon,Sep-24
May-25, Zepto,South,BEC-CLN-002,BEC-CLN-002,304,56240,12485.73,10156.2,13,Cleaners,185,88,MATCH,43754.27,38.86%,5.54,6846.07,4.28%,Zepto,May-25
Aug-24, Zepto,North,BEC-CLN-002,BEC-CLN-002,245,45325,2322.08,10163.99,10,Cleaners,185,88,MATCH,43002.92,49.86%,4.46,11278.93,4.08%,Zepto,Aug-24
Oct-24,Amazon,West,BEC-KT-002,BEC-KT-002,263,110460,18772.79,10166.52,15,Kitchen Towel,420,205,MATCH,91687.21,41.20%,10.87,27605.69,5.70%,Amazon,Oct-24
Dec-24,Zepto,South,BEC-CLN-002,BEC-CLN-002,230,42550,8932.78,10174.59,7,Cleaners,185,88,MATCH,33617.22,39.79%,4.18,3202.63,3.04%,Zepto,Dec-24
Dec-24,Flipkart,West,BEC-KT-002,BEC-KT-002,251,105420,8923.12,10174.66,12,Kitchen Towel,420,205,MATCH,96496.88,46.68%,10.36,34867.22,4.78%,Flipkart,Dec-24
Dec-24,Blinkit,West,BEC-CLN-004,BEC-CLN-004,535,52965,9040.77,10184,32,Cleaners,99,44,MATCH,43924.23,46.41%,5.20,10200.23,5.98%,Blinkit,Dec-24
Apr-25,Blinkit,North,BEC-CLN-004,BEC-CLN-004,466,46134,2873.9,10193.68,15,Cleaners,99,44,MATCH,43260.1,52.60%,4.53,12562.42,3.22%,Blinkit,Apr-25
Mar-24,Amazon ,North,BEC-CLN-004,BEC-CLN-004,602,59598,17582.87,10194.56,12,Cleaners,99,44,MATCH,42015.13,36.96%,5.85,5332.57000000001,1.99%,Amazon,Mar-24
Apr-25,Amazon,West,BEC-GB-001,BEC-GB-001,617,91933,8267.39,10195.46,30,Garbage Bags,149,70,MATCH,83665.61,48.38%,9.02,30280.15,4.86%,Amazon,Apr-25
Jan-24,Swiggy Instamart,North,BEC-CLN-003,BEC-CLN-003,222,66378,14146.84,10196.01,12,Cleaners,299,150,MATCH,52231.16,36.24%,6.51,8735.15,5.41%,Swiggy Instamart,May-24
May-25, Zepto,North,BEC-CLN-002,BEC-CLN-002,252,46620,3398.66,10211.85,14,Cleaners,185,88,MATCH,43221.34,48.69%,4.57,10833.49,5.56%,Zepto,May-25
May-24,Blinkit,West,BEC-KT-002,BEC-KT-002,269,112980,23253.85,10212.29,9,Kitchen Towel,420,205,MATCH,89726.15,38.54%,11.06,24368.86,3.35%,Blinkit,May-24
Mar-24,Swiggy Instamart,West,BEC-CLN-003,BEC-CLN-003,224,66976,18519,10213.98,8,Cleaners,299,150,MATCH,48457,30.66%,6.56,4643.02,3.57%,Swiggy Instamart,Mar-24
Feb-24,Amazon ,South,BEC-KT-002,BEC-KT-002,227,95340,12679.72,10217.33,6,Kitchen Towel,420,205,MATCH,82660.28,43.70%,9.33,25907.95,2.64%,Amazon,Feb-24
Feb-25, Zepto,West,BEC-CLN-004,BEC-CLN-004,586,58014,17050.97,10222.74,33,Cleaners,99,44,MATCH,40963.03,37.06%,5.67,4956.29,5.63%,Zepto,Feb-25
Feb-24,D2C,West,BEC-CLN-002,BEC-CLN-002,254,46990,950.09,10224.87,31,Cleaners,185,88,MATCH,46039.91,51.45%,4.60,13463.04,12.20%,D2C,Feb-24
Nov-24,Blinkit,South,BEC-CLN-003,BEC-CLN-003,219,65481,15476.96,10242.99,9,Cleaners,299,150,MATCH,50004.04,34.31%,6.39,6911.05,4.11%,Blinkit,Nov-24
Nov-24,Zepto,North,  BEC-CLN-001,BEC-CLN-001,330,65670,15765.29,10247.44,19,Cleaners,199,96,MATCH,49904.71,36.52%,6.41,7977.27,5.76%,Zepto,Nov-24
Nov-24,Amazon,West,  BEC-TIS-002,BEC-TIS-002,563,101340,5248.32,10259.16,17,Tissues,180,95,MATCH,96091.68,44.34%,9.88,32347.52,3.02%,Amazon,Nov-24
Feb-24, Zepto,West,BEC-KT-002,BEC-KT-002,232,97440,7126.26,10264.21,5,Kitchen Towel,420,205,MATCH,90313.74,47.34%,9.49,32489.53,2.16%,Zepto,Feb-24
Mar-25,Blinkit,West,BEC-CLN-002,BEC-CLN-002,392,72520,15552.51,10267.01,18,Cleaners,185,88,MATCH,56967.49,39.45%,7.06,12204.48,4.59%,Blinkit,Mar-25
Nov-24,Amazon,North,BEC-KT-002,BEC-KT-002,232,97440,14391.51,10277.68,9,Kitchen Towel,420,205,MATCH,83048.49,42.73%,9.48,25210.81,3.88%,Amazon,Nov-24
Jun-24,Blinkit,West,BEC-CLN-004,BEC-CLN-004,529,52371,14333.96,10285.11,21,Cleaners,99,44,MATCH,38037.04,38.81%,5.09,4475.93,3.97%,Blinkit,Jun-24
May-24,Swiggy Instamart,South,BEC-CLN-003,BEC-CLN-003,150,44850,4329.09,10299.67,6,Cleaners,299,150,MATCH,40520.91,44.47%,4.35,7721.24,4.00%,Swiggy Instamart,May-24
May-24, Zepto,North,BEC-KT-002,BEC-KT-002,231,97020,7695.55,10299.68,7,Kitchen Towel,420,205,MATCH,89324.45,46.99%,9.42,31669.77,3.03%,Zepto,May-24
Mar-25, Zepto,South,BEC-CLN-003,BEC-CLN-003,216,64584,12096.09,10305.29,10,Cleaners,299,150,MATCH,52487.91,38.27%,6.27,9782.62,4.63%,Zepto,Mar-25
Mar-25,Blinkit,West,BEC-CLN-004,BEC-CLN-004,707,69993,15173.81,10323.82,32,Cleaners,99,44,MATCH,54819.19,43.25%,6.78,13387.37,4.53%,Blinkit,Mar-25
Feb-25,Swiggy Instamart,South,BEC-CLN-003,BEC-CLN-003,187,55913,15274.89,10349.82,6,Cleaners,299,150,MATCH,40638.11,30.98%,5.40,2238.29,3.21%,Swiggy Instamart,Feb-25
May-25, Zepto,North,BEC-CLN-004,BEC-CLN-004,382,37818,2099.64,10354.52,14,Cleaners,99,44,MATCH,35718.36,52.94%,3.65,8555.84,3.66%,Zepto,May-25
Jan-24, Zepto,West,BEC-KT-002,BEC-KT-002,237,99540,14145.58,10359.05,5,Kitchen Towel,420,205,MATCH,85394.42,43.11%,9.61,26450.37,2.11%,Zepto,Apr-24
Apr-25,D2C,North,BEC-CLN-002,BEC-CLN-002,209,38665,4922.14,10377.4,26,Cleaners,185,88,MATCH,33742.86,45.49%,3.73,4973.46,12.44%,D2C,Apr-25
Apr-25,Flipkart,West,BEC-KT-002,BEC-KT-002,244,102480,20836.61,10397.73,12,Kitchen Towel,420,205,MATCH,81643.39,38.73%,9.86,21225.66,4.92%,Flipkart,Apr-25
Dec-24,Flipkart,South,BEC-CLN-003,BEC-CLN-003,212,63388,0,10405.86,5,Cleaners,299,150,MATCH,63388,49.83%,6.09,21182.14,2.36%,Flipkart,Dec-24
Jan-24,Blinkit,South,BEC-CLN-002,BEC-CLN-002,334,61790,11587.3,10408.13,12,Cleaners,185,88,MATCH,50202.7,41.45%,5.94,10402.57,3.59%,Blinkit,Jan-24
Jun-25,Flipkart,North,BEC-CLN-001,BEC-CLN-001,224,44576,7158.12,10421.26,10,Cleaners,199,96,MATCH,37417.88,42.53%,4.28,5492.62,4.46%,Flipkart,Jun-25
May-25,Flipkart,South,BEC-CLN-003,BEC-CLN-003,226,67574,12364.3,10422.75,8,Cleaners,299,150,MATCH,55209.7,38.60%,6.48,10886.95,3.54%,Flipkart,May-25
Nov-24,Amazon,West,BEC-CLN-004,BEC-CLN-004,502,49698,8867.91,10424.51,16,Cleaners,99,44,MATCH,40830.09,45.90%,4.77,8317.58,3.19%,Amazon,Nov-24
May-25,Amazon,North,BEC-CLN-004,BEC-CLN-004,500,49500,7111.25,10430.7,14,Cleaners,99,44,MATCH,42388.75,48.10%,4.75,9958.05,2.80%,Amazon,May-25
Apr-25,Swiggy Instamart,West,BEC-CLN-002,BEC-CLN-002,259,47915,12410.12,10462.5,6,Cleaners,185,88,MATCH,35504.88,35.81%,4.58,2250.38,2.32%,Swiggy Instamart,Apr-25
Nov-24,Swiggy Instamart,North,BEC-CLN-003,BEC-CLN-003,171,51129,13522.19,10466.01,6,Cleaners,299,150,MATCH,37606.81,31.79%,4.89,1490.8,3.51%,Swiggy Instamart,Nov-24
Oct-24,Amazon,North,BEC-KT-002,BEC-KT-002,235,98700,27012.26,10472.75,6,Kitchen Towel,420,205,MATCH,71687.74,32.80%,9.42,13039.99,2.55%,Amazon,Oct-24
Jan-25,Zepto,North,BEC-KT-002,BEC-KT-002,201,84420,11499.26,10489.6,7,Kitchen Towel,420,205,MATCH,72920.74,43.49%,8.05,21226.14,3.48%,Zepto,Jan-25
Apr-25,Swiggy Instamart,West,  BEC-CLN-004,BEC-CLN-004,395,39105,7809.16,10502.11,18,Cleaners,99,44,MATCH,31295.84,44.47%,3.72,3413.73,4.56%,Swiggy Instamart,Apr-25
Jan-25,D2C,South,BEC-CLN-002,BEC-CLN-002,219,40515,2694.78,10524.07,30,Cleaners,185,88,MATCH,37820.22,49.04%,3.85,8024.15,13.70%,D2C,Jan-25
Mar-25,Flipkart,North,BEC-CLN-001,BEC-CLN-001,304,60496,15590.06,10538.78,14,Cleaners,199,96,MATCH,44905.94,35.01%,5.74,5183.16,4.61%,Flipkart,Mar-25
Jan-24,Amazon,West,BEC-CLN-004,BEC-CLN-004,502,49698,9760.48,10570.28,25,Cleaners,99,44,MATCH,39937.52,44.69%,4.70,7279.24,4.98%,Amazon,Jan-24
Sep-24,Flipkart,West,BEC-CLN-003,BEC-CLN-003,255,76245,20308.63,10577.63,6,Cleaners,299,150,MATCH,55936.37,31.62%,7.21,7108.74,2.35%,Flipkart,Sep-24
Feb-24,D2C,North,BEC-CLN-003,BEC-CLN-003,169,50531,5339.77,10602.31,25,Cleaners,299,150,MATCH,45191.23,43.91%,4.77,9238.92,14.79%,D2C,Feb-24
Feb-24, Zepto,South,  BEC-CLN-001,BEC-CLN-001,202,40198,5693.86,10623.91,9,Cleaners,199,96,MATCH,34504.14,43.80%,3.78,4488.23,4.46%,Zepto,Feb-24
Jun-25,Blinkit,North,BEC-CLN-004,BEC-CLN-004,434,42966,10578.2,10624.55,14,Cleaners,99,44,MATCH,32387.8,41.04%,4.04,2667.25,3.23%,Blinkit,Jun-25
Nov-24,Amazon ,South,BEC-CLN-002,BEC-CLN-002,316,58460,3748.21,10629.81,18,Cleaners,185,88,MATCH,54711.79,49.17%,5.50,16273.98,5.70%,Amazon,Nov-24
Apr-24,Amazon,West,BEC-GB-002,BEC-GB-002,522,93438,15328.88,10650.85,18,Garbage Bags,179,86,MATCH,78109.12,42.53%,8.77,22566.27,3.45%,Amazon,Apr-24
Dec-24,Amazon,West,BEC-TIS-002,BEC-TIS-002,497,89460,11491.95,10664.22,15,Tissues,180,95,MATCH,77968.05,39.44%,8.39,20088.83,3.02%,Amazon,Dec-24
Apr-24,D2C,North,BEC-CLN-003,BEC-CLN-003,160,47840,2397.88,10679.31,24,Cleaners,299,150,MATCH,45442.12,47.19%,4.48,10762.81,15.00%,D2C,Apr-24
Jun-25,Amazon,North,BEC-KT-002,BEC-KT-002,230,96600,5539.66,10691.21,12,Kitchen Towel,420,205,MATCH,91060.34,48.22%,9.04,33219.13,5.22%,Amazon,Jun-25
Jan-24,Blinkit,West,BEC-CLN-004,BEC-CLN-004,366,36234,4049.68,10739.85,17,Cleaners,99,44,MATCH,32184.32,49.96%,3.37,5340.47,4.64%,Blinkit,Jan-24
Apr-25,Swiggy Instamart,North,BEC-CLN-001,BEC-CLN-001,227,45173,3390.33,10746.01,6,Cleaners,199,96,MATCH,41782.67,47.84%,4.20,9244.66,2.64%,Swiggy Instamart,Apr-25
Jul-24,Blinkit,West,BEC-CLN-001,BEC-CLN-001,334,66466,15085.07,10752.14,9,Cleaners,199,96,MATCH,51380.93,37.60%,6.18,8564.79,2.69%,Blinkit,Jul-24
Jan-24,Zepto,South,BEC-CLN-003,BEC-CLN-003,198,59202,6591.26,10760.56,10,Cleaners,299,150,MATCH,52610.74,43.55%,5.50,12150.18,5.05%,Zepto,Jan-24
Dec-24,Flipkart,West,BEC-CLN-001,BEC-CLN-001,361,71839,15367.43,10760.82,10,Cleaners,199,96,MATCH,56471.57,38.63%,6.68,11054.75,2.77%,Flipkart,Dec-24
Jul-24,Flipkart,West,BEC-CLN-003,BEC-CLN-003,191,57109,11234.55,10771.2,9,Cleaners,299,150,MATCH,45874.45,37.55%,5.30,6453.25,4.71%,Flipkart,Jul-24
Apr-24,Swiggy Instamart,South,BEC-CLN-001,BEC-CLN-001,202,40198,5051.42,10786.47,5,Cleaners,199,96,MATCH,35146.58,44.83%,3.73,4968.11,2.48%,Swiggy Instamart,Apr-24
Feb-24,Amazon ,North,BEC-CLN-004,BEC-CLN-004,535,52965,15312.45,10812.13,19,Cleaners,99,44,MATCH,37652.55,37.48%,4.90,3300.42,3.55%,Amazon,Feb-24
May-25,Flipkart,West,BEC-CLN-001,BEC-CLN-001,279,55521,16521.11,10835.09,8,Cleaners,199,96,MATCH,38999.89,31.32%,5.12,1380.8,2.87%,Flipkart,May-25
Jun-24,Swiggy Instamart,North,BEC-CLN-002,BEC-CLN-002,207,38295,3946.58,10865.14,4,Cleaners,185,88,MATCH,34348.42,46.97%,3.52,5267.28,1.93%,Swiggy Instamart,Jun-24
Jan-25, Zepto,North,BEC-CLN-002,BEC-CLN-002,250,46250,8856.33,10886.92,14,Cleaners,185,88,MATCH,37393.67,41.17%,4.25,4506.75,5.60%,Zepto,Jan-25
Aug-24,Blinkit,South,BEC-CLN-001,BEC-CLN-001,289,57511,4685.89,10895.26,12,Cleaners,199,96,MATCH,52825.11,47.48%,5.28,14185.85,4.15%,Blinkit,Aug-24
Feb-25,Blinkit,North,BEC-CLN-004,BEC-CLN-004,479,47421,4846.34,10896.67,20,Cleaners,99,44,MATCH,42574.66,50.50%,4.35,10601.99,4.18%,Blinkit,Feb-25
Apr-25, Zepto,West,BEC-CLN-004,BEC-CLN-004,446,44154,8038.18,10896.8,12,Cleaners,99,44,MATCH,36115.82,45.66%,4.05,5595.02,2.69%,Zepto,Apr-25
Jun-25,Blinkit,South,BEC-CLN-002,BEC-CLN-002,257,47545,6988.45,10915.09,6,Cleaners,185,88,MATCH,40556.55,44.24%,4.36,7025.46,2.33%,Blinkit,Jun-25
Jan-25,Flipkart,South,BEC-CLN-003,BEC-CLN-003,211,63089,11649.24,10916.25,4,Cleaners,299,150,MATCH,51439.76,38.47%,5.78,8873.51,1.90%,Flipkart,Jan-25
May-24,Swiggy Instamart,West,BEC-CLN-003,BEC-CLN-003,198,59202,3158.02,10920.53,10,Cleaners,299,150,MATCH,56043.98,47.01%,5.42,15423.45,5.05%,Swiggy Instamart,May-24
Mar-25,D2C,South,BEC-CLN-003,BEC-CLN-003,149,44551,5149.03,10929.91,17,Cleaners,299,150,MATCH,39401.97,43.28%,4.08,6122.06,11.41%,D2C,Mar-25
Apr-24,D2C,West,BEC-CLN-002,BEC-CLN-002,218,40330,4863.62,10938.88,35,Cleaners,185,88,MATCH,35466.38,45.91%,3.69,5343.5,16.06%,D2C,Apr-24
Feb-24,Swiggy Instamart,North,BEC-CLN-001,BEC-CLN-001,256,50944,8843.62,10942.93,6,Cleaners,199,96,MATCH,42100.38,41.63%,4.66,6581.45,2.34%,Swiggy Instamart,Feb-24
Jul-24,Zepto,West,BEC-CLN-001,BEC-CLN-001,380,75620,18170.23,10964.07,10,Cleaners,199,96,MATCH,57449.77,36.50%,6.90,10005.7,2.63%,Zepto,Jul-24
Apr-24,Zepto,North,BEC-CLN-002,BEC-CLN-002,352,65120,5351.02,10972.45,13,Cleaners,185,88,MATCH,59768.98,48.17%,5.93,17820.53,3.69%,Zepto,Apr-24
Jan-25,Flipkart,North,BEC-CLN-002,BEC-CLN-002,214,39590,4991.47,10973.22,5,Cleaners,185,88,MATCH,34598.53,45.57%,3.61,4793.31,2.34%,Flipkart,Jan-25
Sep-24,D2C,North,BEC-CLN-001,BEC-CLN-001,221,43979,4151,10981.01,33,Cleaners,199,96,MATCH,39828,46.73%,4.01,7630.99,14.93%,D2C,Sep-24
Mar-24, Zepto,South,BEC-CLN-001,BEC-CLN-001,281,55919,5671.87,11001.41,15,Cleaners,199,96,MATCH,50247.13,46.31%,5.08,12269.72,5.34%,Zepto,Mar-24
Jan-25,D2C,West,BEC-KT-002,BEC-KT-002,222,93240,12212.35,11015.9,27,Kitchen Towel,420,205,MATCH,81027.65,43.83%,8.46,24501.75,12.16%,D2C,Apr-25
Aug-24,Blinkit,North,BEC-CLN-003,BEC-CLN-003,243,72657,14876.61,11022.9,13,Cleaners,299,150,MATCH,57780.39,36.92%,6.59,10307.49,5.35%,Blinkit,Aug-24
Feb-24,Flipkart,North,BEC-CLN-003,BEC-CLN-003,208,62192,3421.58,11027.16,7,Cleaners,299,150,MATCH,58770.42,46.91%,5.64,16543.26,3.37%,Flipkart,Feb-24
Mar-25,Blinkit,South,BEC-CLN-001,BEC-CLN-001,268,53332,14111.25,11035.62,14,Cleaners,199,96,MATCH,39220.75,34.40%,4.83,2457.13,5.22%,Blinkit,Mar-25
Sep-24,Flipkart,North,BEC-CLN-001,BEC-CLN-001,230,45770,2349.12,11050.59,5,Cleaners,199,96,MATCH,43420.88,49.15%,4.14,10290.29,2.17%,Flipkart,Sep-24
Oct-24,Flipkart,North,BEC-CLN-003,BEC-CLN-003,174,52026,6599.3,11052.42,8,Cleaners,299,150,MATCH,45426.7,42.54%,4.71,8274.28,4.60%,Flipkart,Oct-24
Jun-25,D2C,West,BEC-CLN-002,BEC-CLN-002,253,"46,805",3964.81,11056.49,34,Cleaners,185,88,MATCH,42840.19,48.03%,4.23,9519.7,13.44%,D2C,Jun-25
Mar-24,Amazon,North,BEC-KT-002,BEC-KT-002,241,101220,24906.51,11072.1,8,Kitchen Towel,420,205,MATCH,76313.49,35.26%,9.14,15836.39,3.32%,Amazon,Mar-24
Jan-24,Amazon,West,BEC-KT-002,BEC-KT-002,322,135240,6884.48,11091.73,10,Kitchen Towel,420,205,MATCH,128355.52,48.57%,12.19,51253.79,3.11%,Amazon,Jan-24
Mar-24,Swiggy Instamart,West,BEC-CLN-002,BEC-CLN-002,268,49580,3294.89,11098.89,14,Cleaners,185,88,MATCH,46285.11,49.05%,4.47,11602.22,5.22%,Swiggy Instamart,Mar-24
Jan-25,Flipkart,West,BEC-CLN-002,BEC-CLN-002,316,58460,4517.67,11100.4,7,Cleaners,185,88,MATCH,53942.33,48.45%,5.27,15033.93,2.22%,Flipkart,Jan-25
May-25,D2C,North,BEC-CLN-002,BEC-CLN-002,206,38110,3705.32,11107.84,33,Cleaners,185,88,MATCH,34404.68,47.31%,3.43,5168.84,16.02%,D2C,May-25
May-24,Swiggy Instamart,West,BEC-CLN-002,BEC-CLN-002,311,57535,14225.54,11118.85,16,Cleaners,185,88,MATCH,43309.46,36.81%,5.17,4822.61,5.14%,Swiggy Instamart,May-24
Jun-25,Amazon,West,BEC-CLN-004,BEC-CLN-004,630,62370,17244.56,11127.57,35,Cleaners,99,44,MATCH,45125.44,38.57%,5.60,6277.87,5.56%,Amazon,Jun-25
Mar-24,Flipkart,North,BEC-CLN-002,BEC-CLN-002,250,46250,10083.76,11136.87,5,Cleaners,185,88,MATCH,36166.24,39.17%,4.15,3029.37,2.00%,Flipkart,Mar-24
Feb-25,Amazon,West,BEC-GB-002,BEC-GB-002,578,103462,8197.88,11141.24,20,Garbage Bags,179,86,MATCH,95264.12,47.82%,9.29,34414.88,3.46%,Amazon,Feb-25
Mar-24,Swiggy Instamart,West,BEC-KT-002,BEC-KT-002,205,86100,10443.31,11162.8,10,Kitchen Towel,420,205,MATCH,75656.69,44.45%,7.71,22468.89,4.88%,Swiggy Instamart,Mar-24
Feb-24,Blinkit,South,BEC-CLN-001,BEC-CLN-001,318,63282,17939.66,11185.06,14,Cleaners,199,96,MATCH,45342.34,32.67%,5.66,3629.28,4.40%,Blinkit,Feb-24
Dec-24,Blinkit,South,BEC-CLN-002,BEC-CLN-002,335,61975,12003.13,11190.3,11,Cleaners,185,88,MATCH,49971.87,41.01%,5.54,9301.57,3.28%,Blinkit,Dec-24
Feb-25, Zepto,North,BEC-CLN-002,BEC-CLN-002,358,66230,6347.7,11192.9,7,Cleaners,185,88,MATCH,59882.3,47.39%,5.92,17185.4,1.96%,Zepto,Feb-25
Mar-25,Blinkit,North,BEC-CLN-002,BEC-CLN-002,387,71595,15316.11,11202.69,10,Cleaners,185,88,MATCH,56278.89,39.49%,6.39,11020.2,2.58%,Blinkit,Mar-25
Apr-24,Blinkit,South,BEC-CLN-002,BEC-CLN-002,337,"62,345",7331.83,11204.39,11,Cleaners,185,88,MATCH,55013.17,46.09%,5.56,14152.78,3.26%,Blinkit,Apr-24
May-24, Zepto,South,BEC-CLN-002,BEC-CLN-002,247,45695,10802.17,11208.81,8,Cleaners,185,88,MATCH,34892.83,37.71%,4.08,1948.02,3.24%,Zepto,May-24
Feb-24,Flipkart,South,BEC-CLN-002,BEC-CLN-002,212,39220,5891.28,11220.23,12,Cleaners,185,88,MATCH,33328.72,44.02%,3.50,3452.49,5.66%,Flipkart,Feb-24
Jan-24,D2C,North,BEC-CLN-002,BEC-CLN-002,232,42920,1433.41,11259.16,24,Cleaners,185,88,MATCH,41486.59,50.79%,3.81,9811.43,10.34%,D2C,Jan-24
Feb-25,Zepto,South,BEC-CLN-001,BEC-CLN-001,217,43183,5675.64,11261.38,12,Cleaners,199,96,MATCH,37507.36,44.46%,3.83,5413.98,5.53%,Zepto,Feb-25
Jan-24,Flipkart,West,BEC-CLN-002,BEC-CLN-002,277,51245,5810.53,11275.78,7,Cleaners,185,88,MATCH,45434.47,46.35%,4.54,9782.69,2.53%,Flipkart,Jan-24
Apr-24,Zepto,North,BEC-KT-002,BEC-KT-002,231,97020,18410.57,11275.92,8,Kitchen Towel,420,205,MATCH,78609.43,39.76%,8.60,19978.51,3.46%,Zepto,Apr-24
Nov-24,D2C,West,BEC-CLN-002,BEC-CLN-002,239,44215,5889.89,11280.91,31,Cleaners,185,88,MATCH,38325.11,45.12%,3.92,6012.2,12.97%,D2C,Nov-24
Dec-24,Zepto,North,BEC-CLN-001,BEC-CLN-001,303,60297,11581.54,11298.37,13,Cleaners,199,96,MATCH,48715.46,40.29%,5.34,8329.09,4.29%,Zepto,Dec-24
Jun-24,Amazon,South,BEC-CLN-004,BEC-CLN-004,375,37125,3482.79,11397.5,12,Cleaners,99,44,MATCH,33642.21,50.95%,3.26,5744.71,3.20%,Amazon,Jun-24
Feb-25,Blinkit,South,BEC-KT-002,BEC-KT-002,258,108360,15124.66,11423.24,12,Kitchen Towel,420,205,MATCH,93235.34,43.27%,9.49,28922.1,4.65%,Blinkit,Feb-25
Aug-24,Blinkit,North,BEC-CLN-002,BEC-CLN-002,239,44215,10567.74,11430.29,10,Cleaners,185,88,MATCH,33647.26,37.49%,3.87,1184.97,4.18%,Blinkit,Aug-24
Jan-25, Zepto,West,BEC-CLN-004,BEC-CLN-004,546,54054,13840.45,11431.42,14,Cleaners,99,44,MATCH,40213.55,40.26%,4.73,4758.13,2.56%,Zepto,Jan-25
May-24,Blinkit,North,BEC-CLN-002,BEC-CLN-002,370,68450,17364.26,11444.92,7,Cleaners,185,88,MATCH,51085.74,36.26%,5.98,7080.82000000001,1.89%,Blinkit,May-24
Apr-25,Zepto,South,  BEC-CLN-002,BEC-CLN-002,263,48655,3121.49,11488.04,14,Cleaners,185,88,MATCH,45533.51,49.17%,4.24,10901.47,5.32%,Zepto,Apr-25
Dec-24, Zepto,West,BEC-CLN-004,BEC-CLN-004,508,50292,12085.52,11529.5,17,Cleaners,99,44,MATCH,38206.48,41.50%,4.36,4324.98,3.35%,Zepto,Dec-24
Apr-25,Swiggy Instamart,South,BEC-CLN-003,BEC-CLN-003,149,44551,6396.49,11531.8,5,Cleaners,299,150,MATCH,38154.51,41.42%,3.86,4272.71,3.36%,Swiggy Instamart,Apr-25
Jan-24,Blinkit,North,BEC-CLN-002,BEC-CLN-002,246,45510,5333.46,11551.57,11,Cleaners,185,88,MATCH,40176.54,46.12%,3.94,6976.97,4.47%,Blinkit,Jan-24
Feb-25,Swiggy Instamart,North,BEC-CLN-001,BEC-CLN-001,193,38407,3525.1,11558.16,10,Cleaners,199,96,MATCH,34881.9,46.88%,3.32,4795.74,5.18%,Swiggy Instamart,Feb-25
May-25,Blinkit,West,BEC-KT-002,BEC-KT-002,355,149100,18090.44,11560.23,15,Kitchen Towel,420,205,MATCH,131009.56,44.45%,12.90,46674.33,4.23%,Blinkit,May-25
Apr-24,Amazon,South,BEC-CLN-001,BEC-CLN-001,362,72038,16108.4,11574.89,13,Cleaners,199,96,MATCH,55929.6,37.86%,6.22,9602.71,3.59%,Amazon,Apr-24
Feb-25,Amazon,South,BEC-CLN-004,BEC-CLN-004,488,48312,6002.57,11577.24,16,Cleaners,99,44,MATCH,42309.43,49.25%,4.17,9260.19,3.28%,Amazon,Feb-25
Jan-24,Amazon ,South,  BEC-CLN-003,BEC-CLN-003,276,82524,21791.05,11579.32,15,Cleaners,299,150,MATCH,60732.95,31.83%,7.13,7753.63,5.43%,Amazon,Jan-24
Jan-24,Flipkart,South,BEC-CLN-003,BEC-CLN-003,155,46345,6953.28,11582.02,4,Cleaners,299,150,MATCH,39391.72,40.98%,4.00,4559.7,2.58%,Flipkart,Jan-24
Mar-24,D2C,South,BEC-CLN-003,BEC-CLN-003,159,47541,3658.22,11586.3,20,Cleaners,299,150,MATCH,43882.78,45.65%,4.10,8446.48,12.58%,D2C,Mar-24
Mar-25,Amazon,South,BEC-CLN-004,BEC-CLN-004,584,57816,15512.27,11601.81,15,Cleaners,99,44,MATCH,42303.73,39.26%,4.98,5005.92,2.57%,Amazon,Mar-25
Jun-24,Flipkart,West,BEC-KT-002,BEC-KT-002,227,95340,7542.04,11609.58,7,Kitchen Towel,420,205,MATCH,87797.96,47.00%,8.21,29653.38,3.08%,Flipkart,Jun-24
Feb-25,Blinkit,West,BEC-CLN-001,BEC-CLN-001,379,75421,16324.74,11632.15,10,Cleaners,199,96,MATCH,59096.26,38.43%,6.48,11080.11,2.64%,Blinkit,Feb-25
Aug-24,Blinkit,South,BEC-CLN-003,BEC-CLN-003,160,47840,10965.51,11634.64,5,Cleaners,299,150,MATCH,36874.49,34.91%,4.11,1239.85,3.13%,Blinkit,Aug-24
Jun-24,Zepto,South,BEC-CLN-002,BEC-CLN-002,276,51060,14960.32,11643.33,13,Cleaners,185,88,MATCH,36099.68,32.72%,4.39,168.35,4.71%,Zepto,Jun-24
May-25,Amazon,North,BEC-KT-002,BEC-KT-002,242,101640,8388.42,11644.75,5,Kitchen Towel,420,205,MATCH,93251.58,46.80%,8.73,31996.83,2.07%,Amazon,May-25
Jul-24,Amazon ,South,BEC-CLN-004,BEC-CLN-004,393,38907,1990.95,11645.19,22,Cleaners,99,44,MATCH,36916.05,53.16%,3.34,7978.86,5.60%,Amazon,Jul-24
Aug-24,Blinkit,South,  BEC-CLN-002,BEC-CLN-002,279,51615,10484.7,11657.77,15,Cleaners,185,88,MATCH,41130.3,40.31%,4.43,4920.53,5.38%,Blinkit,Aug-24
Apr-24,D2C,North,BEC-CLN-001,BEC-CLN-001,231,45969,5784.69,11703.73,38,Cleaners,199,96,MATCH,40184.31,44.81%,3.93,6304.58,16.45%,D2C,Apr-24
Jan-25,D2C,North,BEC-CLN-001,BEC-CLN-001,254,50546,3015.53,11773.39,23,Cleaners,199,96,MATCH,47530.47,48.70%,4.29,11373.08,9.06%,D2C,Jan-25
Nov-24,Blinkit,North,BEC-CLN-001,BEC-CLN-001,322,64078,14582.39,11777.87,11,Cleaners,199,96,MATCH,49495.61,37.55%,5.44,6805.74,3.42%,Blinkit,Nov-24
May-25,Swiggy Instamart,North,BEC-CLN-001,BEC-CLN-001,243,48357,10390.61,11808.22,11,Cleaners,199,96,MATCH,37966.39,38.56%,4.10,2830.17,4.53%,Swiggy Instamart,May-25
Sep-24,Swiggy Instamart,West,BEC-CLN-003,BEC-CLN-003,200,59800,13629.38,11814.38,8,Cleaners,299,150,MATCH,46170.62,35.02%,5.06,4356.24,4.00%,Swiggy Instamart,Sep-24
Feb-25,Zepto,North,BEC-CLN-001,BEC-CLN-001,342,68058,10455,11819.9,17,Cleaners,199,96,MATCH,57603,43.00%,5.76,12951.1,4.97%,Zepto,Feb-25
Sep-24,Flipkart,South,BEC-CLN-003,BEC-CLN-003,172,51428,14716.55,11854.23,7,Cleaners,299,150,MATCH,36711.45,29.72%,4.34,-942.780000000003,4.07%,Flipkart,Sep-24
May-24,Amazon ,South,BEC-CLN-002,BEC-CLN-002,318,58830,14473.28,11889.95,15,Cleaners,185,88,MATCH,44356.72,36.91%,4.95,4482.77,4.72%,Amazon,May-24
Nov-24,Blinkit,West,BEC-KT-002,BEC-KT-002,252,105840,13135.94,11916.02,6,Kitchen Towel,420,205,MATCH,92704.06,44.27%,8.88,29128.04,2.38%,Blinkit,Nov-24
Jan-25,Blinkit,South,BEC-CLN-002,BEC-CLN-002,311,57535,16591.85,11918.95,12,Cleaners,185,88,MATCH,40943.15,33.16%,4.83,1656.2,3.86%,Blinkit,Jan-25
Nov-24, Zepto,West,BEC-CLN-002,BEC-CLN-002,365,67525,16259.2,11925.74,9,Cleaners,185,88,MATCH,51265.8,37.35%,5.66,7220.06,2.47%,Zepto,Nov-24
Feb-24,Flipkart,North,BEC-CLN-002,BEC-CLN-002,220,40700,3818,11936.38,9,Cleaners,185,88,MATCH,36882,47.51%,3.41,5585.62,4.09%,Flipkart,Feb-24
Jul-24,Flipkart,South,BEC-CLN-003,BEC-CLN-003,211,63089,12065.14,11947.14,9,Cleaners,299,150,MATCH,51023.86,37.97%,5.28,7426.72,4.27%,Flipkart,Jul-24
Oct-24,Blinkit,North,BEC-CLN-002,BEC-CLN-002,318,58830,11967.97,11964.38,17,Cleaners,185,88,MATCH,46862.03,40.28%,4.92,6913.65,5.35%,Blinkit,Oct-24
Mar-25,Amazon,South,BEC-CLN-001,BEC-CLN-001,348,69252,5985.73,11977.94,16,Cleaners,199,96,MATCH,63266.27,47.19%,5.78,17880.33,4.60%,Amazon,Mar-25
Nov-24,Amazon,North,BEC-CLN-004,BEC-CLN-004,519,51381,8126.5,11993.25,29,Cleaners,99,44,MATCH,43254.5,47.21%,4.28,8425.25,5.59%,Amazon,Nov-24
Oct-24,Zepto,South,BEC-CLN-001,BEC-CLN-001,245,48755,10192.26,11994,14,Cleaners,199,96,MATCH,38562.74,39.01%,4.06,3048.74,5.71%,Zepto,Oct-24
Mar-25,Amazon,South,BEC-KT-002,BEC-KT-002,361,151620,27617.19,12004.48,19,Kitchen Towel,420,205,MATCH,124002.81,40.32%,12.63,37993.33,5.26%,Amazon,Mar-25
May-24,Flipkart,West,BEC-CLN-001,BEC-CLN-001,277,55123,8495.76,12048.41,9,Cleaners,199,96,MATCH,46627.24,42.97%,4.58,7986.83,3.25%,Flipkart,May-24
Mar-25,Amazon,North,BEC-CLN-004,BEC-CLN-004,592,58608,6991.64,12061.37,31,Cleaners,99,44,MATCH,51616.36,49.54%,4.86,13506.99,5.24%,Amazon,Mar-25
Jan-24,Amazon,North,  BEC-CLN-002,BEC-CLN-002,428,79180,13230.78,12064.59,23,Cleaners,185,88,MATCH,65949.22,42.89%,6.56,16220.63,5.37%,Amazon,Nov-24
Jan-25, Zepto,North,  BEC-CLN-001,BEC-CLN-001,365,72635,11779.09,12064.69,19,Cleaners,199,96,MATCH,60855.91,42.42%,6.02,13751.22,5.21%,Zepto,Jan-25
Jun-25,Blinkit,West,BEC-CLN-004,BEC-CLN-004,572,56628,9629,12076.68,29,Cleaners,99,44,MATCH,46999,46.45%,4.69,9754.32,5.07%,Blinkit,Jun-25
Aug-24,Amazon,West,BEC-KT-002,BEC-KT-002,324,136080,29917.02,12089.19,15,Kitchen Towel,420,205,MATCH,106162.98,37.44%,11.26,27653.79,4.63%,Amazon,Aug-24
Oct-24,D2C,North,BEC-CLN-002,BEC-CLN-002,214,39590,1185.18,12090.23,32,Cleaners,185,88,MATCH,38404.82,50.96%,3.27,7482.59,14.95%,D2C,Oct-24
Jun-24,Amazon ,North,BEC-CLN-004,BEC-CLN-004,410,40590,2810.97,12092.88,19,Cleaners,99,44,MATCH,37779.03,52.25%,3.36,7646.15,4.63%,Amazon,Jun-24
May-24,Flipkart,South,BEC-CLN-003,BEC-CLN-003,199,59501,17812.64,12127.18,5,Cleaners,299,150,MATCH,41688.36,28.40%,4.91,-288.82,2.51%,Flipkart,May-24
Nov-24,Swiggy Instamart,North,BEC-CLN-001,BEC-CLN-001,206,40994,3225.37,12149.04,5,Cleaners,199,96,MATCH,37768.63,47.64%,3.37,5843.59,2.43%,Swiggy Instamart,Nov-24
May-24,Amazon,North,BEC-KT-002,BEC-KT-002,348,146160,41514.27,12151,14,Kitchen Towel,420,205,MATCH,104645.73,31.83%,12.03,21154.73,4.02%,Amazon,May-24
Jul-24,Amazon,North,BEC-CLN-002,BEC-CLN-002,308,56980,15889.18,12164.26,14,Cleaners,185,88,MATCH,41090.82,34.04%,4.68,1822.56,4.55%,Amazon,Jul-24
Mar-24,Swiggy Instamart,North,BEC-CLN-001,BEC-CLN-001,270,53730,5054.36,12172.74,12,Cleaners,199,96,MATCH,48675.64,46.75%,4.41,10582.9,4.44%,Swiggy Instamart,Mar-24
Mar-24,Flipkart,West,BEC-CLN-002,BEC-CLN-002,296,54760,13484.84,12173.62,16,Cleaners,185,88,MATCH,41275.16,36.89%,4.50,3053.54,5.41%,Flipkart,Mar-24
Sep-24, Zepto,West,BEC-CLN-003,BEC-CLN-003,291,87009,20055.36,12188,13,Cleaners,299,150,MATCH,66953.64,34.81%,7.14,11115.64,4.47%,Zepto,Sep-24
Feb-24,Blinkit,West,BEC-KT-002,BEC-KT-002,373,156660,26895.12,12200.02,16,Kitchen Towel,420,205,MATCH,129764.88,41.07%,12.84,41099.86,4.29%,Blinkit,Feb-24
Dec-24,Flipkart,North,BEC-CLN-002,BEC-CLN-002,306,56610,5423.85,12207.19,11,Cleaners,185,88,MATCH,51186.15,47.39%,4.64,12050.96,3.59%,Flipkart,Dec-24
Mar-24,Swiggy Instamart,South,BEC-CLN-003,BEC-CLN-003,165,49335,3821.99,12236.07,6,Cleaners,299,150,MATCH,45513.01,45.62%,4.03,8526.94,3.64%,Swiggy Instamart,Mar-24
Apr-24,Zepto,South,BEC-CLN-002,BEC-CLN-002,240,44400,4282.93,12241.04,11,Cleaners,185,88,MATCH,40117.07,47.35%,3.63,6756.03,4.58%,Zepto,Apr-24
Jan-25,Amazon ,South,BEC-CLN-002,BEC-CLN-002,304,56240,11065.27,12242.29,13,Cleaners,185,88,MATCH,45174.73,40.78%,4.59,6180.44,4.28%,Amazon,Jan-25
Feb-25,Flipkart,West,BEC-CLN-004,BEC-CLN-004,465,46035,2849.36,12253.03,10,Cleaners,99,44,MATCH,43185.64,52.62%,3.76,10472.61,2.15%,Flipkart,Feb-25
Apr-25,Swiggy Instamart,North,BEC-CLN-002,BEC-CLN-002,257,47545,5343.57,12253.4,8,Cleaners,185,88,MATCH,42201.43,46.41%,3.88,7332.03,3.11%,Swiggy Instamart,Apr-25
Mar-25,D2C,South,BEC-CLN-001,BEC-CLN-001,213,42387,5745.03,12267.77,31,Cleaners,199,96,MATCH,36641.97,44.20%,3.46,3926.2,14.55%,D2C,Mar-25
Jun-24,Amazon,South,BEC-KT-002,BEC-KT-002,255,107100,9570.3,12286.48,14,Kitchen Towel,420,205,MATCH,97529.7,46.40%,8.72,32968.22,5.49%,Amazon,Jun-24
Jun-25, Zepto,West,BEC-CLN-004,BEC-CLN-004,520,51480,10170.16,12337.92,18,Cleaners,99,44,MATCH,41309.84,44.61%,4.17,6091.92,3.46%,Zepto,Jun-25
Mar-25,Blinkit,North,BEC-KT-002,BEC-KT-002,266,111720,18876.21,12347.93,11,Kitchen Towel,420,205,MATCH,92843.79,41.27%,9.05,25965.86,4.14%,Blinkit,Mar-25
Apr-24,Swiggy Instamart,South,BEC-CLN-003,BEC-CLN-003,159,47541,10379.96,12354.1,4,Cleaners,299,150,MATCH,37161.04,35.82%,3.85,956.940000000001,2.52%,Swiggy Instamart,Apr-24
Mar-25,Flipkart,West,BEC-KT-002,BEC-KT-002,280,117600,14019.05,12362.3,9,Kitchen Towel,420,205,MATCH,103580.95,44.58%,9.51,33818.65,3.21%,Flipkart,Mar-25
Nov-24,Blinkit,South,BEC-CLN-001,BEC-CLN-001,258,51342,2896.55,12364.23,10,Cleaners,199,96,MATCH,48445.45,48.87%,4.15,11313.22,3.88%,Blinkit,Nov-24
Feb-24,Zepto,South,BEC-CLN-003,BEC-CLN-003,193,57707,16052.44,12390.09,9,Cleaners,299,150,MATCH,41654.56,30.50%,4.66,314.469999999998,4.66%,Zepto,Feb-24
Jun-25,Zepto,South,BEC-CLN-002,BEC-CLN-002,308,56980,16950.43,12403.99,13,Cleaners,185,88,MATCH,40029.57,32.29%,4.59,521.58,4.22%,Zepto,Jun-25
Jun-24,Amazon ,South,BEC-CLN-003,BEC-CLN-003,313,93587,27933.13,12438.87,7,Cleaners,299,150,MATCH,65653.87,28.49%,7.52,6264.99999999999,2.24%,Amazon,Jun-24
May-24,Amazon,North,BEC-CLN-004,BEC-CLN-004,563,55737,8940.66,12447.89,23,Cleaners,99,44,MATCH,46796.34,47.06%,4.48,9576.45,4.09%,Amazon,May-24
Feb-24,Zepto,West,BEC-CLN-002,BEC-CLN-002,318,58830,13350.22,12461.85,9,Cleaners,185,88,MATCH,45479.78,38.47%,4.72,5033.93,2.83%,Zepto,Feb-24
Apr-24,Swiggy Instamart,West,BEC-CLN-001,BEC-CLN-001,255,50745,10386.52,12482.23,12,Cleaners,199,96,MATCH,40358.48,39.34%,4.07,3396.25,4.71%,Swiggy Instamart,Apr-24
Dec-24,Zepto,North,BEC-CLN-002,BEC-CLN-002,297,54945,8345.34,12485.22,5,Cleaners,185,88,MATCH,46599.66,43.91%,4.40,7978.44,1.68%,Zepto,Dec-24
Jan-24,Flipkart,West,BEC-CLN-001,BEC-CLN-001,326,64874,15891.64,12495.61,16,Cleaners,199,96,MATCH,48982.36,36.11%,5.19,5190.75,4.91%,Flipkart,Jan-24
Oct-24,Blinkit,West,BEC-CLN-001,BEC-CLN-001,315,62685,15254.76,12521.41,17,Cleaners,199,96,MATCH,47430.24,36.24%,5.01,4668.83,5.40%,Blinkit,Oct-24
Feb-25,Amazon,South,BEC-KT-002,BEC-KT-002,325,136500,34861.33,12536.53,6,Kitchen Towel,420,205,MATCH,101638.67,34.45%,10.89,22477.14,1.85%,Amazon,Feb-25
Jun-24,D2C,North,BEC-CLN-001,BEC-CLN-001,217,43183,1396.92,12539.43,26,Cleaners,199,96,MATCH,41786.08,50.15%,3.44,8414.65,11.98%,D2C,Jun-24
Sep-24,Blinkit,North,BEC-CLN-003,BEC-CLN-003,208,62192,8674.6,12559.63,10,Cleaners,299,150,MATCH,53517.4,41.70%,4.95,9757.77,4.81%,Blinkit,Sep-24
Mar-25,Amazon ,West,BEC-TIS-002,BEC-TIS-002,768,138240,27219.77,12562.36,35,Tissues,180,95,MATCH,111020.23,34.28%,11.00,25497.87,4.56%,Amazon,Mar-25
Jul-24,Blinkit,North,BEC-CLN-001,BEC-CLN-001,269,53531,3200.76,12574.5,13,Cleaners,199,96,MATCH,50330.24,48.69%,4.26,11931.74,4.83%,Blinkit,Jul-24
Aug-24,Amazon,South,BEC-CLN-002,BEC-CLN-002,367,67895,8886.24,12579.02,13,Cleaners,185,88,MATCH,59008.76,45.27%,5.40,14133.74,3.54%,Amazon,Aug-24
Dec-24,Blinkit,West,BEC-CLN-002,BEC-CLN-002,415,76775,17328.28,12583.06,13,Cleaners,185,88,MATCH,59446.72,38.57%,6.10,10343.66,3.13%,Blinkit,Dec-24
Aug-24,Flipkart,West,BEC-CLN-003,BEC-CLN-003,181,54119,5429.04,12628.21,6,Cleaners,299,150,MATCH,48689.96,44.24%,4.29,8911.75,3.31%,Flipkart,Aug-24
Feb-24,Flipkart,West,BEC-KT-002,BEC-KT-002,244,102480,9794.45,12642,14,Kitchen Towel,420,205,MATCH,92685.55,46.03%,8.11,30023.55,5.74%,Flipkart,Feb-24
Mar-24,Blinkit,South,BEC-CLN-001,BEC-CLN-001,257,51143,4626.84,12653.61,13,Cleaners,199,96,MATCH,46516.16,46.96%,4.04,9190.55,5.06%,Blinkit,Mar-24
Aug-24, Zepto,North,BEC-CLN-003,BEC-CLN-003,221,66079,10563.68,12670.71,4,Cleaners,299,150,MATCH,55515.32,40.29%,5.22,9694.61,1.81%,Zepto,Aug-24
Apr-25,Blinkit,South,BEC-CLN-001,BEC-CLN-001,345,68655,18778.64,12699.71,13,Cleaners,199,96,MATCH,49876.36,33.60%,5.41,4056.65,3.77%,Blinkit,Apr-25
Mar-25,D2C,North,BEC-CLN-002,BEC-CLN-002,233,43105,1729.53,12702.92,34,Cleaners,185,88,MATCH,41375.47,50.44%,3.39,8168.55,14.59%,D2C,Mar-25
Jun-25,D2C,West,BEC-CLN-001,BEC-CLN-001,332,66068,8565.68,12722.8,39,Cleaners,199,96,MATCH,57502.32,44.57%,5.19,12907.52,11.75%,D2C,Jun-25
Feb-25,Swiggy Instamart,North,BEC-CLN-003,BEC-CLN-003,226,67574,17639.64,12726.2,12,Cleaners,299,150,MATCH,49934.36,32.11%,5.31,3308.16,5.31%,Swiggy Instamart,Feb-25
Mar-24,D2C,North,BEC-CLN-002,BEC-CLN-002,259,47915,2978.8,12734.73,34,Cleaners,185,88,MATCH,44936.2,49.28%,3.76,9409.47,13.13%,D2C,Mar-24
Apr-24, Zepto,West,BEC-CLN-001,BEC-CLN-001,365,72635,13456.79,12739.68,12,Cleaners,199,96,MATCH,59178.21,40.79%,5.70,11398.53,3.29%,Zepto,Apr-24
Jan-24,Amazon,North,BEC-CLN-002,BEC-CLN-002,375,69375,4200.64,12750.66,14,Cleaners,185,88,MATCH,65174.36,49.37%,5.44,19423.7,3.73%,Amazon,Jan-24
Jul-24,Blinkit,South,BEC-CLN-002,BEC-CLN-002,278,51430,11238.48,12753.06,6,Cleaners,185,88,MATCH,40191.52,39.13%,4.03,2974.46,2.16%,Blinkit,Jul-24
Jan-24,D2C,South,BEC-CLN-003,BEC-CLN-003,182,54418,7406.22,12753.65,27,Cleaners,299,150,MATCH,47011.78,41.93%,4.27,6958.13,14.84%,D2C,Jul-24
Sep-24,D2C,North,BEC-CLN-003,BEC-CLN-003,187,55913,4030.54,12769.06,24,Cleaners,299,150,MATCH,51882.46,45.94%,4.38,11063.4,12.83%,D2C,Sep-24
Jun-25,Blinkit,North,BEC-CLN-001,BEC-CLN-001,362,72038,10115.47,12771.33,19,Cleaners,199,96,MATCH,61922.53,43.88%,5.64,14399.2,5.25%,Blinkit,Jun-25
Jun-24,Amazon,West,BEC-CLN-004,BEC-CLN-004,733,72567,5750.46,12820.3,26,Cleaners,99,44,MATCH,66816.54,51.73%,5.66,21744.24,3.55%,Amazon,Jun-24
Feb-25,D2C,North,BEC-CLN-002,BEC-CLN-002,257,47545,6544.07,12835.97,29,Cleaners,185,88,MATCH,41000.93,44.84%,3.70,5548.96,11.28%,D2C,Feb-25
Jan-24,D2C,West,BEC-CLN-002,BEC-CLN-002,346,64010,4314.44,12850.9,37,Cleaners,185,88,MATCH,59695.56,48.99%,4.98,16396.66,10.69%,D2C,Jan-24
Nov-24,D2C,West,BEC-CLN-003,BEC-CLN-003,237,70863,3086.98,12879.38,22,Cleaners,299,150,MATCH,67776.02,47.55%,5.50,19346.64,9.28%,D2C,Nov-24
Jun-24,Swiggy Instamart,North,BEC-CLN-003,BEC-CLN-003,234,69966,6287.14,12893.85,8,Cleaners,299,150,MATCH,63678.86,44.88%,5.43,15685.01,3.42%,Swiggy Instamart,Jun-24
Jul-24,Blinkit,West,BEC-CLN-002,BEC-CLN-002,363,67155,12751.83,12964.54,9,Cleaners,185,88,MATCH,54403.17,41.28%,5.18,9494.63,2.48%,Blinkit,Jul-24
Mar-24, Zepto,North,BEC-CLN-003,BEC-CLN-003,265,79235,17901.9,12970.55,8,Cleaners,299,150,MATCH,61333.1,35.19%,6.11,8612.55,3.02%,Zepto,Mar-24
Jan-24,Flipkart,North,BEC-CLN-003,BEC-CLN-003,210,62790,9438.44,12971.68,11,Cleaners,299,150,MATCH,53351.56,40.96%,4.84,8879.88,5.24%,Flipkart,Jan-24
Feb-24,Flipkart,West,BEC-CLN-002,BEC-CLN-002,366,67710,5036.75,12973.28,17,Cleaners,185,88,MATCH,62673.25,48.61%,5.22,17491.97,4.64%,Flipkart,Feb-24
Apr-24,Amazon ,West,BEC-CLN-004,BEC-CLN-004,789,78111,9750.4,13016.28,23,Cleaners,99,44,MATCH,68360.6,49.22%,6.00,20628.32,2.92%,Amazon,Apr-24
Jan-24,D2C,South,BEC-CLN-003,BEC-CLN-003,168,50232,5037.62,13024.66,15,Cleaners,299,150,MATCH,45194.38,44.24%,3.86,6969.72,8.93%,D2C,Jan-24
Jan-24,Amazon,South,BEC-CLN-004,BEC-CLN-004,477,47223,7293.12,13035.84,21,Cleaners,99,44,MATCH,39929.88,47.44%,3.62,5906.04,4.40%,Amazon,Jan-24
Feb-24,Blinkit,South,BEC-CLN-002,BEC-CLN-002,307,56795,14908.58,13043.05,12,Cleaners,185,88,MATCH,41886.42,35.50%,4.35,1827.37,3.91%,Blinkit,Feb-24
Apr-25,Zepto,West,BEC-CLN-002,BEC-CLN-002,425,78625,20489.54,13078.38,19,Cleaners,185,88,MATCH,58135.46,35.67%,6.01,7657.08,4.47%,Zepto,Apr-25
May-24,Blinkit,South,BEC-CLN-001,BEC-CLN-001,305,60695,12988.72,13081.32,12,Cleaners,199,96,MATCH,47706.28,38.62%,4.64,5344.96,3.93%,Blinkit,May-24
Jun-24,Blinkit,West,BEC-CLN-001,BEC-CLN-001,438,87162,21920.57,13089.45,10,Cleaners,199,96,MATCH,65241.43,35.55%,6.66,10103.98,2.28%,Blinkit,Jun-24
Oct-24,Amazon ,West,BEC-CLN-004,BEC-CLN-004,598,59202,9782.3,13108.7,17,Cleaners,99,44,MATCH,49419.7,46.76%,4.52,9999,2.84%,Amazon,Oct-24
Feb-25,Blinkit,West,BEC-CLN-004,BEC-CLN-004,582,57618,6390.17,13147.42,26,Cleaners,99,44,MATCH,51227.83,50.01%,4.38,12472.41,4.47%,Blinkit,Feb-25
Mar-25,Amazon,West,BEC-CLN-004,BEC-CLN-004,534,52866,6234.09,13156.13,16,Cleaners,99,44,MATCH,46631.91,49.61%,4.02,9979.78,3.00%,Amazon,Mar-25
Nov-24,D2C,West,BEC-CLN-001,BEC-CLN-001,264,52536,3895.12,13162.46,35,Cleaners,199,96,MATCH,48640.88,47.90%,3.99,10134.42,13.26%,D2C,Nov-24
Mar-24,Amazon,West,BEC-CLN-004,BEC-CLN-004,750,74250,10194.52,13192.63,43,Cleaners,99,44,MATCH,64055.48,48.48%,5.63,17862.85,5.73%,Amazon,Mar-24
May-24,Flipkart,North,BEC-CLN-001,BEC-CLN-001,275,54725,10153.92,13231.13,6,Cleaners,199,96,MATCH,44571.08,40.77%,4.14,4939.95,2.18%,Flipkart,May-24
Jul-24,Amazon,West,BEC-KT-002,BEC-KT-002,324,136080,37768.88,13231.51,11,Kitchen Towel,420,205,MATCH,98311.12,32.44%,10.28,18659.61,3.40%,Amazon,Jul-24
Apr-25,Swiggy Instamart,North,BEC-CLN-003,BEC-CLN-003,213,63687,16181.36,13255.6,6,Cleaners,299,150,MATCH,47505.64,32.74%,4.80,2300.04,2.82%,Swiggy Instamart,Apr-25
Jun-25,Swiggy Instamart,West,BEC-CLN-001,BEC-CLN-001,313,62287,14625.19,13295.62,14,Cleaners,199,96,MATCH,47661.81,36.96%,4.68,4318.19,4.47%,Swiggy Instamart,Jun-25
Sep-24,D2C,South,BEC-CLN-003,BEC-CLN-003,161,48139,3278.87,13299.43,20,Cleaners,299,150,MATCH,44860.13,46.17%,3.62,7410.7,12.42%,D2C,Sep-24
Apr-24,Blinkit,North,BEC-CLN-001,BEC-CLN-001,349,69451,11626.98,13301.87,7,Cleaners,199,96,MATCH,57824.02,42.06%,5.22,11018.15,2.01%,Blinkit,Apr-24
Jun-24,Flipkart,North,BEC-CLN-003,BEC-CLN-003,274,81926,18265.49,13304.65,7,Cleaners,299,150,MATCH,63660.51,35.44%,6.16,9255.86,2.55%,Flipkart,Jun-24
May-24,Blinkit,South,  BEC-CLN-003,BEC-CLN-003,221,66079,7619.45,13305.34,9,Cleaners,299,150,MATCH,58459.55,43.29%,4.97,12004.21,4.07%,Blinkit,May-24
Mar-24,Amazon ,West,BEC-KT-002,BEC-KT-002,351,147420,34413.53,13321.27,9,Kitchen Towel,420,205,MATCH,113006.47,36.33%,11.07,27730.2,2.56%,Amazon,Mar-24
Feb-25,Amazon,West,BEC-CLN-004,BEC-CLN-004,659,65241,6389.44,13340.48,31,Cleaners,99,44,MATCH,58851.56,50.73%,4.89,16515.08,4.70%,Amazon,Feb-25
Nov-24,Flipkart,West,BEC-CLN-001,BEC-CLN-001,299,59501,5814.21,13348.15,6,Cleaners,199,96,MATCH,53686.79,46.53%,4.46,11634.64,2.01%,Flipkart,Nov-24
Sep-24,D2C,West,BEC-CLN-001,BEC-CLN-001,227,45173,975.94,13349.99,38,Cleaners,199,96,MATCH,44197.06,50.69%,3.38,9055.07,16.74%,D2C,Sep-24
Nov-24,Swiggy Instamart,West,BEC-CLN-001,BEC-CLN-001,281,55919,14234.41,13357.27,15,Cleaners,199,96,MATCH,41684.59,35.29%,4.19,1351.32,5.34%,Swiggy Instamart,Nov-24
Dec-24,Amazon ,West,BEC-KT-002,BEC-KT-002,479,201180,59509.88,13357.42,24,Kitchen Towel,420,205,MATCH,141670.12,30.69%,15.06,30117.7,5.01%,Amazon,Dec-24
Jan-24, Zepto,West,  BEC-CLN-002,BEC-CLN-002,381,70485,8193,13374.27,19,Cleaners,185,88,MATCH,62292,46.18%,5.27,15389.73,4.99%,Zepto,Jun-24
Jan-24,Flipkart,West,BEC-CLN-002,BEC-CLN-002,302,55870,5697.35,13378.82,15,Cleaners,185,88,MATCH,50172.65,47.03%,4.18,10217.83,4.97%,Flipkart,Oct-24
Apr-24,D2C,West,BEC-CLN-001,BEC-CLN-001,317,63083,3386.84,13381.61,39,Cleaners,199,96,MATCH,59696.16,49.02%,4.71,15882.55,12.30%,D2C,Apr-24
Nov-24, Zepto,West,BEC-CLN-001,BEC-CLN-001,250,49750,8256.55,13410.4,6,Cleaners,199,96,MATCH,41493.45,42.16%,3.71,4083.05,2.40%,Zepto,Nov-24
Jan-25,Flipkart,West,BEC-CLN-003,BEC-CLN-003,269,80431,17808.72,13412.99,8,Cleaners,299,150,MATCH,62622.28,35.57%,6.00,8859.29,2.97%,Flipkart,Jan-25
May-24,Flipkart,West,BEC-CLN-002,BEC-CLN-002,316,58460,6321.65,13426.63,8,Cleaners,185,88,MATCH,52138.35,46.66%,4.35,10903.72,2.53%,Flipkart,May-24
May-24,D2C,North,BEC-CLN-001,BEC-CLN-001,279,55521,4717.05,13428.45,27,Cleaners,199,96,MATCH,50803.95,47.28%,4.13,10591.5,9.68%,D2C,May-24
Jan-24,Amazon ,West,BEC-CLN-001,BEC-CLN-001,431,85769,23208.85,13441.58,11,Cleaners,199,96,MATCH,62560.15,33.86%,6.38,7742.57,2.55%,Amazon,Jan-24
Jan-25,Flipkart,North,BEC-CLN-001,BEC-CLN-001,226,44974,4843.71,13442.82,9,Cleaners,199,96,MATCH,40130.29,45.94%,3.35,4991.47,3.98%,Flipkart,Jan-25
Oct-24,D2C,West,BEC-CLN-001,BEC-CLN-001,298,59302,4590.85,13444.77,35,Cleaners,199,96,MATCH,54711.15,47.71%,4.41,12658.38,11.74%,D2C,Oct-24
May-25,Amazon ,South,BEC-CLN-001,BEC-CLN-001,423,84177,14272.54,13469.85,25,Cleaners,199,96,MATCH,69904.46,41.91%,6.25,15826.61,5.91%,Amazon,May-25
Sep-24,Swiggy Instamart,North,BEC-CLN-003,BEC-CLN-003,194,58006,15218.62,13489.22,7,Cleaners,299,150,MATCH,42787.38,31.99%,4.30,198.159999999998,3.61%,Swiggy Instamart,Sep-24
Feb-25,Flipkart,West,BEC-CLN-002,BEC-CLN-002,337,62345,12771.39,13509.67,7,Cleaners,185,88,MATCH,49573.61,40.18%,4.61,6407.94,2.08%,Flipkart,Feb-25
Dec-24,Zepto,West,BEC-CLN-001,BEC-CLN-001,300,59700,15735.38,13540.58,15,Cleaners,199,96,MATCH,43964.62,34.49%,4.41,1624.04,5.00%,Zepto,Dec-24
Jun-24,Swiggy Instamart,West,  BEC-CLN-001,BEC-CLN-001,271,53929,7836.48,13545.72,7,Cleaners,199,96,MATCH,46092.52,43.56%,3.98,6530.80000000001,2.58%,Swiggy Instamart,Jun-24
Jun-25, Zepto,South,BEC-CLN-001,BEC-CLN-001,221,43979,2860.61,13551.07,7,Cleaners,199,96,MATCH,41118.39,48.40%,3.25,6351.32,3.17%,Zepto,Jun-25
Oct-24,Blinkit,South,BEC-CLN-001,BEC-CLN-001,273,54327,12172.97,13568.86,10,Cleaners,199,96,MATCH,42154.03,37.83%,4.00,2377.17,3.66%,Blinkit,Oct-24
Mar-25,Zepto,West,BEC-KT-002,BEC-KT-002,363,152460,16201.12,13569.53,8,Kitchen Towel,420,205,MATCH,136258.88,45.39%,11.24,48274.35,2.20%,Zepto,Mar-25
Apr-25,Blinkit,North,BEC-KT-002,BEC-KT-002,242,101640,8647.59,13596.64,5,Kitchen Towel,420,205,MATCH,92992.41,46.65%,7.48,29785.77,2.07%,Blinkit,Apr-25
Jul-24,Flipkart,North,BEC-CLN-003,BEC-CLN-003,218,65182,19094.49,13617.78,12,Cleaners,299,150,MATCH,46087.51,29.05%,4.79,-230.270000000006,5.50%,Flipkart,Jul-24
Mar-25,Zepto,South,BEC-CLN-002,BEC-CLN-002,343,63455,18874.21,13626.35,15,Cleaners,185,88,MATCH,44580.79,32.29%,4.66,770.440000000001,4.37%,Zepto,Mar-25
Jan-24,Zepto,South,BEC-CLN-001,BEC-CLN-001,289,57511,6253.36,13643.26,14,Cleaners,199,96,MATCH,51257.64,45.87%,4.22,9870.38,4.84%,Zepto,Jan-24
Jan-25,Amazon,South,BEC-KT-002,BEC-KT-002,269,112980,7470.12,13644.83,5,Kitchen Towel,420,205,MATCH,105509.88,47.73%,8.28,36720.05,1.86%,Amazon,Jan-25
Jun-24,Flipkart,West,BEC-CLN-001,BEC-CLN-001,372,74028,17679.44,13666.57,15,Cleaners,199,96,MATCH,56348.56,36.62%,5.42,6969.99,4.03%,Flipkart,Jun-24
Jan-25,D2C,South,BEC-CLN-003,BEC-CLN-003,220,65780,5357.38,13674.9,26,Cleaners,299,150,MATCH,60422.62,45.38%,4.81,13747.72,11.82%,D2C,Jan-25
Mar-24,D2C,North,BEC-CLN-001,BEC-CLN-001,254,50546,1581.37,13677.45,23,Cleaners,199,96,MATCH,48964.63,50.20%,3.70,10903.18,9.06%,D2C,Mar-24
Nov-24, Zepto,North,BEC-CLN-002,BEC-CLN-002,339,62715,5041.86,13698.79,13,Cleaners,185,88,MATCH,57673.14,48.27%,4.58,14142.35,3.83%,Zepto,Nov-24
May-25,D2C,West,BEC-CLN-001,BEC-CLN-001,338,67262,6692.39,13708.08,51,Cleaners,199,96,MATCH,60569.61,46.43%,4.91,14413.53,15.09%,D2C,May-25
Dec-24,Blinkit,North,BEC-CLN-002,BEC-CLN-002,281,51985,8280.64,13748.94,8,Cleaners,185,88,MATCH,43704.36,43.42%,3.78,5227.42,2.85%,Blinkit,Dec-24
Feb-24,Amazon,West,BEC-CLN-004,BEC-CLN-004,640,63360,11298.89,13790.03,26,Cleaners,99,44,MATCH,52061.11,45.91%,4.59,10111.08,4.06%,Amazon,Feb-24
Dec-24,Flipkart,South,BEC-CLN-001,BEC-CLN-001,241,47959,5653.37,13799.28,12,Cleaners,199,96,MATCH,42305.63,45.31%,3.48,5370.35,4.98%,Flipkart,Dec-24
Dec-24,Amazon,South,BEC-CLN-002,BEC-CLN-002,467,86395,15491.07,13810.43,21,Cleaners,185,88,MATCH,70903.93,42.04%,6.26,15997.5,4.50%,Amazon,Dec-24
Jun-25,Zepto,West,BEC-KT-002,BEC-KT-002,329,138180,39441.11,13834.06,17,Kitchen Towel,420,205,MATCH,98738.89,31.69%,9.99,17459.83,5.17%,Zepto,Jun-25
Feb-25,D2C,North,BEC-CLN-001,BEC-CLN-001,232,46168,1121.56,13843.43,38,Cleaners,199,96,MATCH,45046.44,50.56%,3.34,8931.01,16.38%,D2C,Feb-25
Jan-25,Blinkit,North,BEC-CLN-002,BEC-CLN-002,273,50505,8516.81,13854.53,16,Cleaners,185,88,MATCH,41988.19,42.78%,3.65,4109.66,5.86%,Blinkit,Jan-25
Mar-25,Zepto,North,BEC-CLN-002,BEC-CLN-002,322,59570,7128.53,13866.42,17,Cleaners,185,88,MATCH,52441.47,45.97%,4.30,10239.05,5.28%,Zepto,Mar-25
Jun-24,D2C,North,BEC-CLN-003,BEC-CLN-003,260,"77,740",6818.97,13876.37,37,Cleaners,299,150,MATCH,70921.03,45.01%,5.60,18044.66,14.23%,D2C,Jun-24
Feb-25,D2C,West,BEC-CLN-002,BEC-CLN-002,284,52540,7859.87,13881.06,30,Cleaners,185,88,MATCH,44680.13,44.06%,3.79,5807.07,10.56%,D2C,Feb-25
Jun-25,D2C,North,BEC-CLN-001,BEC-CLN-001,248,49352,2816.64,13896.86,22,Cleaners,199,96,MATCH,46535.36,48.84%,3.55,8830.5,8.87%,D2C,Jun-25
Jan-24,Blinkit,North,  BEC-CLN-001,BEC-CLN-001,264,52536,5962.05,13921.64,8,Cleaners,199,96,MATCH,46573.95,45.58%,3.77,7308.31,3.03%,Blinkit,Jan-24
Jun-24,Blinkit,South,BEC-CLN-003,BEC-CLN-003,255,76245,7663.24,13932.93,9,Cleaners,299,150,MATCH,68581.76,44.23%,5.47,16398.83,3.53%,Blinkit,Jun-24
May-25,Flipkart,West,BEC-KT-002,BEC-KT-002,273,114660,7948.94,13945.92,16,Kitchen Towel,420,205,MATCH,106711.06,47.55%,8.22,36800.14,5.86%,Flipkart,May-25
Feb-24,D2C,North,BEC-CLN-001,BEC-CLN-001,239,47561,5171.61,13947.76,27,Cleaners,199,96,MATCH,42389.39,45.87%,3.41,5497.63,11.30%,D2C,Feb-24
Dec-24,Swiggy Instamart,North,BEC-CLN-003,BEC-CLN-003,203,60697,0,13954.23,4,Cleaners,299,150,MATCH,60697,49.83%,4.35,16292.77,1.97%,Swiggy Instamart,Dec-24
Jan-25,D2C,North,BEC-CLN-002,BEC-CLN-002,302,55870,3611.76,13977.53,34,Cleaners,185,88,MATCH,52258.24,49.14%,4.00,11704.71,11.26%,D2C,Jan-25
Dec-24,D2C,West,BEC-CLN-002,BEC-CLN-002,366,"67,710",1495.59,13978.87,51,Cleaners,185,88,MATCH,66214.41,51.36%,4.84,20027.54,13.93%,D2C,Dec-24
Nov-24,D2C,South,BEC-CLN-003,BEC-CLN-003,184,55016,4293.98,14011.18,23,Cleaners,299,150,MATCH,50722.02,45.59%,3.93,9110.84,12.50%,D2C,Nov-24
May-25,Flipkart,North,BEC-CLN-001,BEC-CLN-001,298,59302,4880.17,14013.59,15,Cleaners,199,96,MATCH,54421.83,47.43%,4.23,11800.24,5.03%,Flipkart,May-25
Mar-24, Zepto,North,BEC-KT-002,BEC-KT-002,259,"108,780",14397.72,14027.59,5,Kitchen Towel,420,205,MATCH,94382.28,43.74%,7.75,27259.69,1.93%,Zepto,Mar-24
Jan-25, Zepto,South,BEC-CLN-002,BEC-CLN-002,341,63085,13713.94,14045.04,17,Cleaners,185,88,MATCH,49371.06,39.22%,4.49,5318.02,4.99%,Zepto,Jan-25
Mar-24,Zepto,North,BEC-CLN-001,BEC-CLN-001,311,61889,18089.89,14053.48,13,Cleaners,199,96,MATCH,43799.11,31.83%,4.40,-110.369999999999,4.18%,Zepto,Mar-24
Jan-25,Amazon,North,BEC-CLN-004,BEC-CLN-004,614,60786,9173.82,14054.44,27,Cleaners,99,44,MATCH,51612.18,47.66%,4.33,10541.74,4.40%,Amazon,Jan-25
Jan-25,Amazon,West,BEC-CLN-004,BEC-CLN-004,538,53262,11810.76,14063.57,23,Cleaners,99,44,MATCH,41451.24,42.89%,3.79,3715.67,4.28%,Amazon,Jan-25
Feb-25,D2C,West,BEC-CLN-001,BEC-CLN-001,408,81192,11943.7,14078.04,42,Cleaners,199,96,MATCH,69248.3,43.44%,5.77,16002.26,10.29%,D2C,Feb-25
Apr-24,Amazon,North,BEC-CLN-002,BEC-CLN-002,552,102120,24166.81,14080.48,26,Cleaners,185,88,MATCH,77953.19,37.69%,7.25,15296.71,4.71%,Amazon,Apr-24
Mar-25,Flipkart,South,BEC-CLN-003,BEC-CLN-003,287,85813,8301.55,14082.89,9,Cleaners,299,150,MATCH,77511.45,44.46%,6.09,20378.56,3.14%,Flipkart,Mar-25
Nov-24, Zepto,North,BEC-CLN-003,BEC-CLN-003,286,85514,18533.15,14148.81,9,Cleaners,299,150,MATCH,66980.85,35.95%,6.04,9932.04000000001,3.15%,Zepto,Nov-24
Jan-25, Zepto,South,BEC-CLN-001,BEC-CLN-001,325,64675,15657.1,14189.68,16,Cleaners,199,96,MATCH,49017.9,36.35%,4.56,3628.22,4.92%,Zepto,Jan-25
Apr-25,D2C,North,BEC-CLN-001,BEC-CLN-001,246,48954,5150.77,14189.9,33,Cleaners,199,96,MATCH,43803.23,46.09%,3.45,5997.33,13.41%,D2C,Apr-25
Feb-25,Flipkart,North,BEC-CLN-001,BEC-CLN-001,325,64675,11889.92,14202.56,14,Cleaners,199,96,MATCH,52785.08,40.89%,4.55,7382.52,4.31%,Flipkart,Feb-25
May-25,Swiggy Instamart,South,BEC-CLN-003,BEC-CLN-003,158,47242,5345.28,14206.95,8,Cleaners,299,150,MATCH,41896.72,43.43%,3.33,3989.77,5.06%,Swiggy Instamart,May-25
May-25,Swiggy Instamart,West,BEC-CLN-003,BEC-CLN-003,296,88504,16966.2,14209.04,10,Cleaners,299,150,MATCH,71537.8,37.93%,6.23,12928.76,3.38%,Swiggy Instamart,May-25
May-25,Swiggy Instamart,North,BEC-CLN-003,BEC-CLN-003,188,56212,4245.95,14218.22,5,Cleaners,299,150,MATCH,51966.05,45.73%,3.95,9547.83,2.66%,Swiggy Instamart,May-25
Aug-24,Amazon,North,BEC-CLN-002,BEC-CLN-002,398,73630,10920.97,14270.8,16,Cleaners,185,88,MATCH,62709.03,44.15%,5.16,13414.23,4.02%,Amazon,Aug-24
Mar-25,Amazon,North,BEC-KT-002,BEC-KT-002,407,170940,12267.03,14273.59,24,Kitchen Towel,420,205,MATCH,158672.97,47.42%,11.98,60964.38,5.90%,Amazon,Mar-25
May-25,Amazon,North,BEC-CLN-001,BEC-CLN-001,388,77212,18643.01,14291.61,21,Cleaners,199,96,MATCH,58568.99,36.40%,5.40,7029.38000000001,5.41%,Amazon,May-25
May-25,Flipkart,North,BEC-CLN-003,BEC-CLN-003,280,83720,21311.4,14314.18,11,Cleaners,299,150,MATCH,62408.6,32.70%,5.85,6094.42,3.93%,Flipkart,May-25
Jan-24,Blinkit,South,BEC-CLN-003,BEC-CLN-003,306,91494,26906.01,14314.45,14,Cleaners,299,150,MATCH,64587.99,28.93%,6.39,4373.54,4.58%,Blinkit,Jan-24
May-25,Amazon ,West,BEC-TIS-002,BEC-TIS-002,599,107820,5729.69,14323.51,15,Tissues,180,95,MATCH,102090.31,44.26%,7.53,30861.8,2.50%,Amazon,May-25
May-25,Swiggy Instamart,West,BEC-CLN-002,BEC-CLN-002,362,66970,13432.18,14346.11,11,Cleaners,185,88,MATCH,53537.82,40.50%,4.67,7335.71,3.04%,Swiggy Instamart,May-25
Feb-25,Amazon ,West,BEC-KT-002,BEC-KT-002,462,194040,29927.09,14375.55,10,Kitchen Towel,420,205,MATCH,164112.91,42.29%,13.50,55027.36,2.16%,Amazon,Feb-25
Mar-24,Blinkit,West,BEC-CLN-004,BEC-CLN-004,575,56925,12080.1,14376.69,14,Cleaners,99,44,MATCH,44844.9,43.58%,3.96,5168.21,2.43%,Blinkit,Mar-24
Mar-25,Flipkart,North,BEC-CLN-003,BEC-CLN-003,247,73853,7601.43,14476.1,10,Cleaners,299,150,MATCH,66251.57,44.08%,5.10,14725.47,4.05%,Flipkart,Mar-25
May-25,D2C,West,BEC-KT-002,BEC-KT-002,256,107520,10013.37,14526.6,37,Kitchen Towel,420,205,MATCH,97506.63,46.18%,7.40,30500.03,14.45%,D2C,May-25
Dec-24,D2C,North,BEC-CLN-003,BEC-CLN-003,176,52624,3701.44,14547.84,28,Cleaners,299,150,MATCH,48922.56,46.04%,3.62,7974.72,15.91%,D2C,Dec-24
Mar-25, Zepto,North,BEC-CLN-001,BEC-CLN-001,385,"76,615",8700.65,14554.96,11,Cleaners,199,96,MATCH,67914.35,45.58%,5.26,16399.39,2.86%,Zepto,Mar-25
May-24, Zepto,South,BEC-CLN-001,BEC-CLN-001,308,61292,10064.91,14569.59,6,Cleaners,199,96,MATCH,51227.09,42.28%,4.21,7089.5,1.95%,Zepto,May-24
Mar-25, Zepto,West,BEC-CLN-002,BEC-CLN-002,358,66230,3542.13,14659.85,10,Cleaners,185,88,MATCH,62687.87,49.74%,4.52,16524.02,2.79%,Zepto,Mar-25
Mar-24,Amazon,South,BEC-CLN-001,BEC-CLN-001,387,77013,17260.66,14726.09,20,Cleaners,199,96,MATCH,59752.34,37.82%,5.23,7874.25,5.17%,Amazon,Mar-24
May-25,Blinkit,South,BEC-CLN-001,BEC-CLN-001,391,77809,6059.22,14746.07,18,Cleaners,199,96,MATCH,71749.78,47.68%,5.28,19467.71,4.60%,Blinkit,May-25
Oct-24,Zepto,North,BEC-CLN-003,BEC-CLN-003,229,68471,20002.14,14747.42,9,Cleaners,299,150,MATCH,48468.86,29.13%,4.64,-628.56,3.93%,Zepto,Oct-24
Mar-25,D2C,West,BEC-CLN-002,BEC-CLN-002,372,68820,9959.08,14766.26,35,Cleaners,185,88,MATCH,58860.92,44.38%,4.66,11358.66,9.41%,D2C,Mar-25
May-25,Blinkit,North,BEC-CLN-001,BEC-CLN-001,349,69451,18269.06,14794.76,19,Cleaners,199,96,MATCH,51181.94,34.54%,4.69,2883.18,5.44%,Blinkit,May-25
Feb-24,Zepto,South,BEC-CLN-002,BEC-CLN-002,282,52170,8641.72,14799.19,10,Cleaners,185,88,MATCH,43528.28,42.99%,3.53,3913.09,3.55%,Zepto,Feb-24
Oct-24,Amazon,South,BEC-CLN-001,BEC-CLN-001,380,75620,6677.32,14831.05,13,Cleaners,199,96,MATCH,68942.68,47.09%,5.10,17631.63,3.42%,Amazon,Oct-24
Apr-24,Blinkit,West,BEC-CLN-001,BEC-CLN-001,382,76018,16526.23,14832.97,17,Cleaners,199,96,MATCH,59491.77,38.36%,5.12,7986.80000000001,4.45%,Blinkit,Apr-24
Jun-25,Amazon,West,BEC-TIS-002,BEC-TIS-002,665,119700,10974.1,14836.98,36,Tissues,180,95,MATCH,108725.9,41.90%,8.07,30713.92,5.41%,Amazon,Jun-25
Apr-24,Flipkart,North,BEC-CLN-003,BEC-CLN-003,193,57707,7235.62,14865.7,4,Cleaners,299,150,MATCH,50471.38,42.64%,3.88,6655.68,2.07%,Flipkart,Apr-24
Aug-24,D2C,West,BEC-CLN-003,BEC-CLN-003,191,57109,5643.19,14901.41,21,Cleaners,299,150,MATCH,51465.81,44.33%,3.83,7914.4,10.99%,D2C,Aug-24
May-24,Zepto,South,BEC-CLN-003,BEC-CLN-003,224,66976,12623.45,14920.84,8,Cleaners,299,150,MATCH,54352.55,38.18%,4.49,5831.71,3.57%,Zepto,May-24
Apr-25,Blinkit,West,BEC-CLN-004,BEC-CLN-004,605,59895,10199.76,14921.54,18,Cleaners,99,44,MATCH,49695.24,46.43%,4.01,8153.7,2.98%,Blinkit,Apr-25
Jan-24,Zepto,West,BEC-CLN-003,BEC-CLN-003,330,98670,15860.87,14938.04,16,Cleaners,299,150,MATCH,82809.13,40.22%,6.61,18371.09,4.85%,Zepto,Aug-24
Apr-25, Zepto,North,BEC-CLN-002,BEC-CLN-002,317,58645,8885.79,14954.18,13,Cleaners,185,88,MATCH,49759.21,43.94%,3.92,6909.03,4.10%,Zepto,Apr-25
Feb-24,Amazon,North,BEC-CLN-001,BEC-CLN-001,446,88754,26506.7,14971.24,9,Cleaners,199,96,MATCH,62247.3,31.22%,5.93,4460.06,2.02%,Amazon,Feb-24
Dec-24,D2C,West,BEC-CLN-001,BEC-CLN-001,310,61690,6412.62,14977.95,28,Cleaners,199,96,MATCH,55277.38,46.16%,4.12,10539.43,9.03%,D2C,Dec-24
Jan-25,Swiggy Instamart,West,BEC-CLN-001,BEC-CLN-001,354,70446,14559.79,14980.23,7,Cleaners,199,96,MATCH,55886.21,39.19%,4.70,6921.98,1.98%,Swiggy Instamart,Jan-25
Feb-25,Swiggy Instamart,West,BEC-CLN-001,BEC-CLN-001,305,60695,13173.06,14998.56,9,Cleaners,199,96,MATCH,47521.94,38.39%,4.05,3243.38,2.95%,Swiggy Instamart,Feb-25
Feb-24,Swiggy Instamart,West,BEC-CLN-001,BEC-CLN-001,254,50546,5423.7,15037.76,10,Cleaners,199,96,MATCH,45122.3,45.96%,3.36,5700.54,3.94%,Swiggy Instamart,Feb-24
Oct-24,Blinkit,South,BEC-CLN-003,BEC-CLN-003,201,60099,10998.68,15068.58,9,Cleaners,299,150,MATCH,49100.32,38.60%,3.99,3881.74,4.48%,Blinkit,Oct-24
Apr-24,Zepto,South,BEC-CLN-003,BEC-CLN-003,231,"69,069",15187.92,15082.96,6,Cleaners,299,150,MATCH,53881.08,35.69%,4.58,4148.12,2.60%,Zepto,Apr-24
Jan-25,Swiggy Instamart,South,BEC-CLN-003,BEC-CLN-003,170,50830,2754.5,15094.4,6,Cleaners,299,150,MATCH,48075.5,46.96%,3.37,7481.1,3.53%,Swiggy Instamart,Jan-25
May-25,Amazon,West,BEC-CLN-002,BEC-CLN-002,563,104155,25733.54,15122.34,23,Cleaners,185,88,MATCH,78421.46,36.82%,6.89,13755.12,4.09%,Amazon,May-25
Jun-25,Amazon,North,BEC-CLN-001,BEC-CLN-001,485,96515,26178.14,15133.05,14,Cleaners,199,96,MATCH,70336.86,33.80%,6.38,8643.81,2.89%,Amazon,Jun-25
Nov-24,Flipkart,North,BEC-CLN-003,BEC-CLN-003,238,71162,5885.78,15134.4,11,Cleaners,299,150,MATCH,65276.22,45.31%,4.70,14441.82,4.62%,Flipkart,Nov-24
Mar-24,Blinkit,West,BEC-CLN-002,BEC-CLN-002,454,83990,16246.24,15161.73,24,Cleaners,185,88,MATCH,67743.76,41.02%,5.54,12630.03,5.29%,Blinkit,Mar-24
Jul-24,Blinkit,North,BEC-CLN-002,BEC-CLN-002,325,60125,5995.97,15174.76,13,Cleaners,185,88,MATCH,54129.03,47.16%,3.96,10354.27,4.00%,Blinkit,Jul-24
Dec-24,Blinkit,South,BEC-CLN-001,BEC-CLN-001,334,66466,18029.67,15182.85,11,Cleaners,199,96,MATCH,48436.33,33.80%,4.38,1189.48,3.29%,Blinkit,Dec-24
Jul-24,D2C,West,BEC-CLN-003,BEC-CLN-003,177,52923,1417.01,15210.82,24,Cleaners,299,150,MATCH,51505.99,48.45%,3.48,9745.17,13.56%,D2C,Jul-24
Aug-24,Zepto,South,BEC-CLN-003,BEC-CLN-003,231,69069,11296.53,15217.73,6,Cleaners,299,150,MATCH,57772.47,40.02%,4.54,7904.74,2.60%,Zepto,Aug-24
Jan-25, Zepto,West,BEC-CLN-002,BEC-CLN-002,439,81215,11767.6,15264.81,13,Cleaners,185,88,MATCH,69447.4,44.37%,5.32,15550.59,2.96%,Zepto,Jan-25
Aug-24, Zepto,West,BEC-CLN-002,BEC-CLN-002,399,73815,13521.89,15271.78,12,Cleaners,185,88,MATCH,60293.11,41.76%,4.83,9909.33,3.01%,Zepto,Aug-24
May-25, Zepto,South,BEC-CLN-003,BEC-CLN-003,272,81328,22048.68,15317.11,15,Cleaners,299,150,MATCH,59279.32,31.17%,5.31,3162.21,5.51%,Zepto,May-25
Jun-24,Swiggy Instamart,South,BEC-CLN-003,BEC-CLN-003,182,54418,3935.37,15346.27,3,Cleaners,299,150,MATCH,50482.63,45.92%,3.55,7836.36,1.65%,Swiggy Instamart,Jun-24
May-24, Zepto,North,BEC-CLN-002,BEC-CLN-002,265,49025,3514.39,15362.8,5,Cleaners,185,88,MATCH,45510.61,48.76%,3.19,6827.81,1.89%,Zepto,May-24
Oct-24,D2C,West,BEC-CLN-003,BEC-CLN-003,183,54717,6568.12,15368.37,24,Cleaners,299,150,MATCH,48148.88,42.99%,3.56,5330.51,13.11%,D2C,Oct-24
Dec-24,Swiggy Instamart,West,BEC-CLN-003,BEC-CLN-003,214,63986,15551.45,15369.34,7,Cleaners,299,150,MATCH,48434.55,33.72%,4.16,965.210000000003,3.27%,Swiggy Instamart,Dec-24
Apr-25,Zepto,North,BEC-CLN-001,BEC-CLN-001,379,75421,9838.56,15393.98,17,Cleaners,199,96,MATCH,65582.44,44.52%,4.90,13804.46,4.49%,Zepto,Apr-25
Oct-24,Blinkit,West,BEC-CLN-002,BEC-CLN-002,424,78440,9617.4,15395.06,14,Cleaners,185,88,MATCH,68822.6,45.79%,5.10,16115.54,3.30%,Blinkit,Oct-24
May-24,Amazon,West,BEC-KT-002,BEC-KT-002,398,167160,0,15478.23,13,Kitchen Towel,420,205,MATCH,167160,51.19%,10.80,70091.77,3.27%,Amazon,May-24
Sep-24,Blinkit,North,BEC-CLN-001,BEC-CLN-001,271,53929,5627.04,15485.39,11,Cleaners,199,96,MATCH,48301.96,46.14%,3.48,6800.57,4.06%,Blinkit,Sep-24
Nov-24,Amazon,West,BEC-CLN-001,BEC-CLN-001,560,111440,31116.38,15501.93,12,Cleaners,199,96,MATCH,80323.62,33.07%,7.19,11061.69,2.14%,Amazon,Nov-24
Dec-24,Amazon,North,BEC-CLN-002,BEC-CLN-002,496,91760,17790.54,15520.96,17,Cleaners,185,88,MATCH,73969.46,40.99%,5.91,14800.5,3.43%,Amazon,Dec-24
Jan-24,Blinkit,West,BEC-CLN-002,BEC-CLN-002,456,84360,12402.65,15526.47,20,Cleaners,185,88,MATCH,71957.35,44.23%,5.43,16302.88,4.39%,Blinkit,Jan-24
May-25,D2C,South,BEC-CLN-003,BEC-CLN-003,164,49036,2104.47,15542.3,18,Cleaners,299,150,MATCH,46931.53,47.58%,3.16,6789.23,10.98%,D2C,May-25
Apr-25,Amazon,West,BEC-CLN-004,BEC-CLN-004,957,94743,18726.41,15575.52,19,Cleaners,99,44,MATCH,76016.59,44.61%,6.08,18333.07,1.99%,Amazon,Apr-25
Feb-25,D2C,South,BEC-CLN-003,BEC-CLN-003,249,74451,10242.56,15591.3,26,Cleaners,299,150,MATCH,64208.44,41.83%,4.78,11267.14,10.44%,D2C,Feb-25
Mar-24,Amazon ,South,  BEC-CLN-002,BEC-CLN-002,448,82880,7539.68,15606.87,25,Cleaners,185,88,MATCH,75340.32,47.67%,5.31,20309.45,5.58%,Amazon,Mar-24
Apr-25,Blinkit,West,BEC-CLN-001,BEC-CLN-001,467,92933,22577.82,15609.9,21,Cleaners,199,96,MATCH,70355.18,36.28%,5.95,9913.27999999999,4.50%,Blinkit,Apr-25
Jul-24,Blinkit,South,BEC-CLN-001,BEC-CLN-001,304,60496,6722.42,15612.38,15,Cleaners,199,96,MATCH,53773.58,45.73%,3.87,8977.2,4.93%,Blinkit,Jul-24
Dec-24,Flipkart,West,BEC-CLN-002,BEC-CLN-002,290,53650,7397.51,15620.83,10,Cleaners,185,88,MATCH,46252.49,44.82%,3.43,5111.66,3.45%,Flipkart,Dec-24
Apr-25, Zepto,West,BEC-KT-002,BEC-KT-002,360,151200,26802.47,15636.88,14,Kitchen Towel,420,205,MATCH,124397.53,40.67%,9.67,34960.65,3.89%,Zepto,Apr-25
Mar-24,Swiggy Instamart,North,BEC-CLN-003,BEC-CLN-003,223,66677,14268.21,15642.96,5,Cleaners,299,150,MATCH,52408.79,36.17%,4.26,3315.83,2.24%,Swiggy Instamart,Mar-24
May-25,Blinkit,North,BEC-CLN-002,BEC-CLN-002,458,84730,21865.42,15718.35,21,Cleaners,185,88,MATCH,62864.58,35.89%,5.39,6842.23,4.59%,Blinkit,May-25
May-25,Zepto,South,BEC-CLN-001,BEC-CLN-001,282,56118,5414.88,15724.02,7,Cleaners,199,96,MATCH,50703.12,46.61%,3.57,7907.1,2.48%,Zepto,May-25
Apr-25,Blinkit,North,BEC-CLN-002,BEC-CLN-002,408,75480,8217.11,15770.48,14,Cleaners,185,88,MATCH,67262.89,46.62%,4.79,15588.41,3.43%,Blinkit,Apr-25
May-24, Zepto,North,BEC-CLN-001,BEC-CLN-001,352,70048,20173.31,15777.97,15,Cleaners,199,96,MATCH,49874.69,32.25%,4.44,304.720000000003,4.26%,Zepto,May-24
Apr-25,Amazon,West,BEC-TIS-002,BEC-TIS-002,667,120060,11031.16,15825.1,24,Tissues,180,95,MATCH,109028.84,41.88%,7.59,29838.74,3.60%,Amazon,Apr-25
May-24,Blinkit,North,BEC-CLN-001,BEC-CLN-001,423,84177,5131.39,15827,17,Cleaners,199,96,MATCH,79045.61,48.63%,5.32,22610.61,4.02%,Blinkit,May-24
Sep-24,Flipkart,North,BEC-CLN-003,BEC-CLN-003,209,62491,9159.75,15834.34,9,Cleaners,299,150,MATCH,53331.25,41.22%,3.95,6146.91,4.31%,Flipkart,Sep-24
Sep-24,Blinkit,West,  BEC-CLN-001,BEC-CLN-001,344,68456,15731.41,15848.64,9,Cleaners,199,96,MATCH,52724.59,37.37%,4.32,3851.95,2.62%,Blinkit,Sep-24
Feb-25,D2C,North,BEC-CLN-003,BEC-CLN-003,284,84916,6539.16,15851.41,27,Cleaners,299,150,MATCH,78376.84,45.65%,5.36,19925.43,9.51%,D2C,Feb-25
Jan-24,Swiggy Instamart,West,BEC-CLN-003,BEC-CLN-003,175,52325,4011.74,15877.27,5,Cleaners,299,150,MATCH,48313.26,45.67%,3.30,6185.99,2.86%,Swiggy Instamart,Jan-24
Jun-25,Swiggy Instamart,North,BEC-CLN-003,BEC-CLN-003,199,59501,8640.82,15892.34,6,Cleaners,299,150,MATCH,50860.18,41.31%,3.74,5117.84,3.02%,Swiggy Instamart,Jun-25
Apr-24,D2C,South,BEC-CLN-003,BEC-CLN-003,194,58006,8684.11,15948.78,18,Cleaners,299,150,MATCH,49321.89,41.00%,3.64,4273.11,9.28%,D2C,Apr-24
Feb-24, Zepto,West,BEC-CLN-001,BEC-CLN-001,344,68456,7559.45,15982.97,13,Cleaners,199,96,MATCH,60896.55,45.77%,4.28,11889.58,3.78%,Zepto,Feb-24
Jan-25,Zepto,North,BEC-CLN-003,BEC-CLN-003,255,76245,21857.32,16052.09,8,Cleaners,299,150,MATCH,54387.68,29.67%,4.75,85.5900000000002,3.14%,Zepto,Jan-25
May-24,Blinkit,North,BEC-CLN-003,BEC-CLN-003,302,90298,14928.67,16065.37,16,Cleaners,299,150,MATCH,75369.33,39.90%,5.62,14003.96,5.30%,Blinkit,May-24
Jun-24,Zepto,North,BEC-CLN-002,BEC-CLN-002,361,66785,18658.63,16069.1,11,Cleaners,185,88,MATCH,48126.37,33.99%,4.16,289.269999999995,3.05%,Zepto,Jun-24
Dec-24,D2C,North,BEC-CLN-001,BEC-CLN-001,249,49551,2165.31,16096.47,25,Cleaners,199,96,MATCH,47385.69,49.55%,3.08,7385.22,10.04%,D2C,Dec-24
Aug-24,Amazon,West,BEC-CLN-002,BEC-CLN-002,419,77515,8800.27,16147.45,9,Cleaners,185,88,MATCH,68714.73,46.34%,4.80,15695.28,2.15%,Amazon,Aug-24
May-25,Zepto,West,BEC-CLN-004,BEC-CLN-004,538,53262,5370.88,16201.38,23,Cleaners,99,44,MATCH,47891.12,50.57%,3.29,8017.74,4.28%,Zepto,May-25
Jun-24,Flipkart,South,BEC-CLN-003,BEC-CLN-003,227,67873,13697.85,16216.46,9,Cleaners,299,150,MATCH,54175.15,37.15%,4.19,3908.69,3.96%,Flipkart,Jun-24
Jul-24,D2C,North,BEC-CLN-003,BEC-CLN-003,203,60697,2257.3,16227.46,32,Cleaners,299,150,MATCH,58439.7,47.90%,3.74,11762.24,15.76%,D2C,Jul-24
Oct-24,Amazon,North,BEC-CLN-002,BEC-CLN-002,435,80475,14520.26,16234.2,18,Cleaners,185,88,MATCH,65954.74,41.96%,4.96,11440.54,4.14%,Amazon,Oct-24
Jul-24,Amazon ,North,BEC-CLN-001,BEC-CLN-001,427,84973,15614.52,16311.89,14,Cleaners,199,96,MATCH,69358.48,40.90%,5.21,12054.59,3.28%,Amazon,Jul-24
Jun-24,Blinkit,West,BEC-CLN-003,BEC-CLN-003,329,98371,15828.05,16329.79,16,Cleaners,299,150,MATCH,82542.95,40.21%,6.02,16863.16,4.86%,Blinkit,Jun-24
Apr-25,Flipkart,North,BEC-CLN-001,BEC-CLN-001,368,73232,5330.69,16332.39,19,Cleaners,199,96,MATCH,67901.31,47.97%,4.48,16240.92,5.16%,Flipkart,Apr-25
May-25,Blinkit,West,BEC-CLN-004,BEC-CLN-004,655,64845,6119.13,16341.25,29,Cleaners,99,44,MATCH,58725.87,50.92%,3.97,13564.62,4.43%,Blinkit,May-25
Feb-24, Zepto,North,BEC-CLN-002,BEC-CLN-002,291,53835,2794.46,16392.6,10,Cleaners,185,88,MATCH,51040.54,49.83%,3.28,9039.94,3.44%,Zepto,Feb-24
Nov-24,Blinkit,North,BEC-CLN-002,BEC-CLN-002,395,73075,6416.8,16404.26,22,Cleaners,185,88,MATCH,66658.2,47.85%,4.45,15493.94,5.57%,Blinkit,Nov-24
Feb-24,Amazon ,North,BEC-KT-002,BEC-KT-002,391,164220,39710.41,16420.71,22,Kitchen Towel,420,205,MATCH,124509.59,35.62%,10.00,27933.88,5.63%,Amazon,Feb-24
Apr-24,Blinkit,North,BEC-CLN-002,BEC-CLN-002,359,66415,16984.28,16505.89,20,Cleaners,185,88,MATCH,49430.72,36.09%,4.02,1332.83,5.57%,Blinkit,Apr-24
Feb-24,Flipkart,South,BEC-CLN-003,BEC-CLN-003,202,60398,6114.37,16522.82,6,Cleaners,299,150,MATCH,54283.63,44.18%,3.66,7460.81,2.97%,Flipkart,Feb-24
May-24,Amazon,North,BEC-CLN-002,BEC-CLN-002,627,115995,27007.4,16546.98,25,Cleaners,185,88,MATCH,88987.6,38.00%,7.01,17264.62,3.99%,Amazon,May-24
Jun-25,Zepto,North,BEC-CLN-002,BEC-CLN-002,317,58645,8079.45,16553.68,9,Cleaners,185,88,MATCH,50565.55,44.83%,3.54,6115.87,2.84%,Zepto,Jun-25
Jun-25,Amazon,South,BEC-CLN-001,BEC-CLN-001,370,73630,6926.98,16640.08,17,Cleaners,199,96,MATCH,66703.02,46.75%,4.42,14542.94,4.59%,Amazon,Jun-25
Feb-24,Amazon ,West,BEC-CLN-002,BEC-CLN-002,477,88245,12281.9,16647.78,25,Cleaners,185,88,MATCH,75963.1,44.74%,5.30,17339.32,5.24%,Amazon,Feb-24
Jun-24,Flipkart,West,BEC-CLN-003,BEC-CLN-003,322,96278,26559.88,16669.5,13,Cleaners,299,150,MATCH,69718.12,30.72%,5.78,4748.62,4.04%,Flipkart,Jun-24
Aug-24,Amazon,North,BEC-CLN-001,BEC-CLN-001,480,95520,11028.59,16691.58,25,Cleaners,199,96,MATCH,84491.41,45.46%,5.72,21719.83,5.21%,Amazon,Aug-24
Sep-24,Amazon ,West,BEC-CLN-001,BEC-CLN-001,489,97311,13031.28,16781.43,15,Cleaners,199,96,MATCH,84279.72,44.30%,5.80,20554.29,3.07%,Amazon,Sep-24
Jan-25,Blinkit,West,BEC-CLN-004,BEC-CLN-004,570,56430,3044.5,16801.16,28,Cleaners,99,44,MATCH,53385.5,53.02%,3.36,11504.34,4.91%,Blinkit,Jan-25
May-25,D2C,West,BEC-CLN-002,BEC-CLN-002,393,72705,4834.34,16837.46,41,Cleaners,185,88,MATCH,67870.66,49.04%,4.32,16449.2,10.43%,D2C,May-25
Mar-25,Zepto,West,BEC-CLN-003,BEC-CLN-003,355,106145,21276.13,16860.88,11,Cleaners,299,150,MATCH,84868.87,37.26%,6.30,14757.99,3.10%,Zepto,Mar-25
Feb-24,Blinkit,North,BEC-CLN-001,BEC-CLN-001,365,72635,4889.5,16888.04,14,Cleaners,199,96,MATCH,67745.5,48.28%,4.30,15817.46,3.84%,Blinkit,Feb-24
Apr-25,Swiggy Instamart,West,BEC-CLN-001,BEC-CLN-001,389,77411,17455.97,16907.26,16,Cleaners,199,96,MATCH,59955.03,37.71%,4.58,5703.77,4.11%,Swiggy Instamart,Apr-25
Aug-24,D2C,West,BEC-CLN-001,BEC-CLN-001,296,58904,6031.66,16911.69,44,Cleaners,199,96,MATCH,52872.34,46.26%,3.48,7544.65,14.86%,D2C,Aug-24
Sep-24,Amazon,North,BEC-CLN-002,BEC-CLN-002,493,91205,16624.68,16920.99,17,Cleaners,185,88,MATCH,74580.32,41.83%,5.39,14275.33,3.45%,Amazon,Sep-24
Mar-25,Amazon ,North,BEC-CLN-001,BEC-CLN-001,523,104077,28811.56,16939.91,25,Cleaners,199,96,MATCH,75265.44,33.29%,6.14,8117.53,4.78%,Amazon,Mar-25
Mar-24,D2C,West,BEC-CLN-001,BEC-CLN-001,363,72237,2761.52,17029.27,34,Cleaners,199,96,MATCH,69475.48,49.84%,4.24,17598.21,9.37%,D2C,Mar-24
Aug-24,Swiggy Instamart,West,BEC-CLN-003,BEC-CLN-003,227,67873,17741.18,17043.3,7,Cleaners,299,150,MATCH,50131.82,32.08%,3.98,-961.48,3.08%,Swiggy Instamart,Aug-24
Feb-24,Amazon ,West,BEC-CLN-001,BEC-CLN-001,592,117808,23411.25,17061.49,24,Cleaners,199,96,MATCH,94396.75,39.79%,6.90,20503.26,4.05%,Amazon,Feb-24
Jun-24,Blinkit,West,BEC-CLN-002,BEC-CLN-002,487,90095,4662.89,17071.76,16,Cleaners,185,88,MATCH,85432.11,49.84%,5.28,25504.35,3.29%,Blinkit,Jun-24
Jun-25, Zepto,North,BEC-CLN-003,BEC-CLN-003,375,112125,23828.96,17118.26,8,Cleaners,299,150,MATCH,88296.04,36.29%,6.55,14927.78,2.13%,Zepto,Jun-25
May-25,Blinkit,West,BEC-CLN-002,BEC-CLN-002,491,90835,15582.69,17118.81,19,Cleaners,185,88,MATCH,75252.31,42.58%,5.31,14925.5,3.87%,Blinkit,May-25
Apr-25,Amazon,South,BEC-CLN-001,BEC-CLN-001,359,71441,14479.47,17150.09,15,Cleaners,199,96,MATCH,56961.53,39.50%,4.17,5347.44,4.18%,Amazon,Apr-25
Dec-24,Amazon ,North,BEC-CLN-001,BEC-CLN-001,369,73431,21063.64,17194.91,21,Cleaners,199,96,MATCH,52367.36,32.35%,4.27,-251.549999999999,5.69%,Amazon,Dec-24
Jun-25,D2C,North,BEC-CLN-002,BEC-CLN-002,300,55500,4877.5,17198.72,46,Cleaners,185,88,MATCH,50622.5,47.85%,3.23,7023.78,15.33%,D2C,Jun-25
Dec-24,Blinkit,North,BEC-CLN-003,BEC-CLN-003,271,81029,20233.03,17203.62,13,Cleaners,299,150,MATCH,60795.97,33.14%,4.71,2942.35,4.80%,Blinkit,Dec-24
Dec-24,Amazon,West,BEC-CLN-004,BEC-CLN-004,614,60786,6638.79,17371.45,16,Cleaners,99,44,MATCH,54147.21,50.11%,3.50,9759.76,2.61%,Amazon,Dec-24
Mar-25,D2C,North,BEC-CLN-003,BEC-CLN-003,232,69368,5778.5,17389.94,37,Cleaners,299,150,MATCH,63589.5,45.27%,3.99,11399.56,15.95%,D2C,Mar-25
Jul-24,Amazon,South,BEC-CLN-002,BEC-CLN-002,366,67710,9859.97,17412.69,8,Cleaners,185,88,MATCH,57850.03,44.33%,3.89,8229.34,2.19%,Amazon,Jul-24
Mar-24, Zepto,West,BEC-CLN-001,BEC-CLN-001,356,70844,19151.94,17440.16,8,Cleaners,199,96,MATCH,51692.06,33.89%,4.06,75.8999999999978,2.25%,Zepto,Mar-24
Apr-24,Swiggy Instamart,West,BEC-CLN-003,BEC-CLN-003,196,58604,6090.54,17457.98,10,Cleaners,299,150,MATCH,52513.46,44.01%,3.36,5655.48,5.10%,Swiggy Instamart,Apr-24
Mar-25,Zepto,North,BEC-CLN-003,BEC-CLN-003,368,110032,25187.35,17458.45,16,Cleaners,299,150,MATCH,84844.65,34.94%,6.30,12186.2,4.35%,Zepto,Mar-25
Feb-24,Amazon,West,BEC-KT-002,BEC-KT-002,441,185220,20760.38,17484.16,26,Kitchen Towel,420,205,MATCH,164459.62,45.03%,10.59,56570.46,5.90%,Amazon,Feb-24
May-24,D2C,South,BEC-CLN-003,BEC-CLN-003,212,63388,5054.73,17508.45,27,Cleaners,299,150,MATCH,58333.27,45.49%,3.62,9024.82,12.74%,D2C,May-24
Jul-24,Zepto,South,BEC-CLN-003,BEC-CLN-003,242,72358,12481.89,17512.74,5,Cleaners,299,150,MATCH,59876.11,39.37%,4.13,6063.37,2.07%,Zepto,Jul-24
Mar-25,Flipkart,West,BEC-CLN-002,BEC-CLN-002,379,70115,18420.83,17563.81,15,Cleaners,185,88,MATCH,51694.17,35.48%,3.99,778.359999999997,3.96%,Flipkart,Mar-25
Nov-24,Zepto,West,BEC-CLN-003,BEC-CLN-003,263,78637,9860.36,17568.83,8,Cleaners,299,150,MATCH,68776.64,42.64%,4.48,11757.81,3.04%,Zepto,Nov-24
Sep-24,Amazon,North,BEC-CLN-001,BEC-CLN-001,472,93928,22376.33,17606.63,15,Cleaners,199,96,MATCH,71551.67,36.67%,5.33,8633.04,3.18%,Amazon,Sep-24
Mar-25,Blinkit,South,BEC-CLN-003,BEC-CLN-003,320,95680,25902.33,17614.15,7,Cleaners,299,150,MATCH,69777.67,31.21%,5.43,4163.52,2.19%,Blinkit,Mar-25
Jun-25,Swiggy Instamart,South,BEC-CLN-003,BEC-CLN-003,200,59800,4589.97,17614.86,4,Cleaners,299,150,MATCH,55210.03,45.66%,3.39,7595.17,2.00%,Swiggy Instamart,Jun-25
Feb-25,Amazon ,South,BEC-CLN-002,BEC-CLN-002,478,88430,15852.61,17621.27,19,Cleaners,185,88,MATCH,72577.39,42.04%,5.02,12892.12,3.97%,Amazon,Feb-25
Apr-25,Amazon,North,BEC-CLN-002,BEC-CLN-002,543,100455,10822.09,17623.38,14,Cleaners,185,88,MATCH,89632.91,46.69%,5.70,24225.53,2.58%,Amazon,Apr-25
Jun-24,Zepto,South,BEC-CLN-003,BEC-CLN-003,294,87906,20278.98,17650.65,15,Cleaners,299,150,MATCH,67627.02,34.79%,4.98,5876.37,5.10%,Zepto,Jun-24
Jun-25,Blinkit,North,BEC-CLN-002,BEC-CLN-002,446,82510,9687.88,17661.08,16,Cleaners,185,88,MATCH,72822.12,46.10%,4.67,15913.04,3.59%,Blinkit,Jun-25
May-25,Zepto,North,BEC-CLN-001,BEC-CLN-001,346,68854,9553,17669.04,19,Cleaners,199,96,MATCH,59301,43.99%,3.90,8415.96,5.49%,Zepto,May-25
Dec-24,Amazon,South,BEC-CLN-001,BEC-CLN-001,392,78008,10919.09,17699.32,11,Cleaners,199,96,MATCH,67088.91,43.91%,4.41,11757.59,2.81%,Amazon,Dec-24
May-25,Blinkit,South,BEC-CLN-003,BEC-CLN-003,234,69966,12306.76,17756.27,13,Cleaners,299,150,MATCH,57659.24,39.13%,3.94,4802.97,5.56%,Blinkit,May-25
Feb-25,Blinkit,North,BEC-CLN-002,BEC-CLN-002,515,95275,15499.94,17777.8,25,Cleaners,185,88,MATCH,79775.06,43.19%,5.36,16677.26,4.85%,Blinkit,Feb-25
Jul-24,Blinkit,North,BEC-CLN-003,BEC-CLN-003,281,84019,22441.63,17782.33,14,Cleaners,299,150,MATCH,61577.37,31.55%,4.72,1645.03999999999,4.98%,Blinkit,Jul-24
May-24,D2C,North,BEC-CLN-003,BEC-CLN-003,215,64285,7694.1,17860.04,24,Cleaners,299,150,MATCH,56590.9,43.01%,3.60,6480.86,11.16%,D2C,May-24
Feb-24,Blinkit,North,BEC-CLN-003,BEC-CLN-003,442,132158,35836.04,17867.7,20,Cleaners,299,150,MATCH,96321.96,31.17%,7.40,12154.26,4.52%,Blinkit,Feb-24
Mar-25, Zepto,South,BEC-CLN-001,BEC-CLN-001,299,59501,6438.21,17879.08,9,Cleaners,199,96,MATCH,53062.79,45.91%,3.33,6479.71,3.01%,Zepto,Mar-25
Apr-25,D2C,West,BEC-CLN-002,BEC-CLN-002,434,80290,7314.38,17887.5,67,Cleaners,185,88,MATCH,72975.62,47.66%,4.49,16896.12,15.44%,D2C,Apr-25
Jan-25,Swiggy Instamart,West,BEC-CLN-003,BEC-CLN-003,313,93587,23127.64,17907.75,15,Cleaners,299,150,MATCH,70459.36,33.37%,5.23,5601.61,4.79%,Swiggy Instamart,Jan-25
Jan-25,Flipkart,North,BEC-CLN-003,BEC-CLN-003,307,91793,18862.27,17910.03,6,Cleaners,299,150,MATCH,72930.73,36.86%,5.13,8970.7,1.95%,Flipkart,Jan-25
Mar-25,Swiggy Instamart,North,BEC-CLN-003,BEC-CLN-003,245,73255,6216.65,17915.2,13,Cleaners,299,150,MATCH,67038.35,45.18%,4.09,12373.15,5.31%,Swiggy Instamart,Mar-25
Jun-25,Amazon ,West,BEC-KT-002,BEC-KT-002,533,223860,45398.12,17945.62,22,Kitchen Towel,420,205,MATCH,178461.88,38.77%,12.47,51251.26,4.13%,Amazon,Jun-25
May-25,Amazon ,South,BEC-CLN-002,BEC-CLN-002,401,74185,15801.56,17964.31,14,Cleaners,185,88,MATCH,58383.44,39.56%,4.13,5131.13,3.49%,Amazon,May-25
Jun-24, Zepto,West,BEC-CLN-001,BEC-CLN-001,456,90744,22217.53,17981.04,19,Cleaners,199,96,MATCH,68526.47,36.12%,5.05,6769.43,4.17%,Zepto,Jun-24
Mar-24,D2C,West,BEC-CLN-003,BEC-CLN-003,226,67574,4722.35,17990.2,25,Cleaners,299,150,MATCH,62851.65,46.06%,3.76,10961.45,11.06%,D2C,Mar-24
Jun-25,Flipkart,West,BEC-CLN-003,BEC-CLN-003,261,78039,13174.5,18006.64,8,Cleaners,299,150,MATCH,64864.5,39.64%,4.33,7707.86,3.07%,Flipkart,Jun-25
Jan-25,Amazon,South,BEC-CLN-001,BEC-CLN-001,360,71640,12856.22,18015.44,14,Cleaners,199,96,MATCH,58783.78,41.21%,3.98,6208.34,3.89%,Amazon,Jan-25
Jun-25,D2C,North,BEC-CLN-003,BEC-CLN-003,290,86710,4036.35,18051.21,38,Cleaners,299,150,MATCH,82673.65,47.38%,4.80,21122.44,13.10%,D2C,Jun-25
May-24, Zepto,West,BEC-CLN-002,BEC-CLN-002,480,88800,16842.12,18069.35,15,Cleaners,185,88,MATCH,71957.88,41.30%,4.91,11648.53,3.13%,Zepto,May-24
Jan-25,Blinkit,North,BEC-CLN-003,BEC-CLN-003,358,107042,9646.99,18117.49,17,Cleaners,299,150,MATCH,97395.01,44.86%,5.91,25577.52,4.75%,Blinkit,Jan-25
Jun-25,Zepto,West,  BEC-CLN-002,BEC-CLN-002,357,66045,5549.96,18123.4,17,Cleaners,185,88,MATCH,60495.04,48.07%,3.64,10955.64,4.76%,Zepto,Jun-25
Feb-25,Amazon ,North,BEC-CLN-002,BEC-CLN-002,641,118585,24709.73,18135.92,22,Cleaners,185,88,MATCH,93875.27,39.91%,6.54,19331.35,3.43%,Amazon,Feb-25
Feb-25,Flipkart,West,BEC-CLN-003,BEC-CLN-003,314,93886,18495.19,18188.51,6,Cleaners,299,150,MATCH,75390.81,37.53%,5.16,10102.3,1.91%,Flipkart,Feb-25
Mar-25,Blinkit,North,BEC-CLN-001,BEC-CLN-001,507,100893,27587.58,18195.42,17,Cleaners,199,96,MATCH,73305.42,33.60%,5.54,6438,3.35%,Blinkit,Mar-25
May-25,Blinkit,North,BEC-CLN-003,BEC-CLN-003,309,92391,21435.46,18259.45,10,Cleaners,299,150,MATCH,70955.54,34.68%,5.06,6346.09000000001,3.24%,Blinkit,May-25
Jan-25,Zepto,West,BEC-CLN-001,BEC-CLN-001,478,95122,27570.22,18260.79,20,Cleaners,199,96,MATCH,67551.78,32.07%,5.21,3402.99,4.18%,Zepto,Jan-25
Jun-24,Flipkart,West,BEC-CLN-002,BEC-CLN-002,330,61050,3556.26,18262.55,14,Cleaners,185,88,MATCH,57493.74,49.49%,3.34,10191.19,4.24%,Flipkart,Jun-24
Feb-24,Blinkit,North,BEC-CLN-002,BEC-CLN-002,342,63270,9443.86,18279.4,13,Cleaners,185,88,MATCH,53826.14,44.09%,3.46,5450.74,3.80%,Blinkit,Feb-24
May-25,Amazon,West,BEC-CLN-004,BEC-CLN-004,726,71874,15794.33,18302.32,29,Cleaners,99,44,MATCH,56079.67,43.04%,3.93,5833.35,3.99%,Amazon,May-25
Mar-25,Swiggy Instamart,South,BEC-CLN-003,BEC-CLN-003,232,69368,9979.13,18457.38,7,Cleaners,299,150,MATCH,59388.87,41.40%,3.76,6131.49,3.02%,Swiggy Instamart,Mar-25
Mar-25,Flipkart,West,BEC-CLN-001,BEC-CLN-001,436,86764,24429.73,18487.19,22,Cleaners,199,96,MATCH,62334.27,32.85%,4.69,1991.08000000001,5.05%,Flipkart,Mar-25
Jul-24,Blinkit,South,BEC-CLN-003,BEC-CLN-003,215,64285,7421.76,18524.99,5,Cleaners,299,150,MATCH,56863.24,43.28%,3.47,6088.25,2.33%,Blinkit,Jul-24
Apr-25,Flipkart,West,BEC-CLN-003,BEC-CLN-003,297,88803,9147.29,18527.47,15,Cleaners,299,150,MATCH,79655.71,44.07%,4.79,16578.24,5.05%,Flipkart,Apr-25
May-25,Zepto,North,BEC-CLN-003,BEC-CLN-003,311,92989,22115,18533.48,9,Cleaners,299,150,MATCH,70874,34.18%,5.02,5690.52,2.89%,Zepto,May-25
Dec-24,Flipkart,North,BEC-CLN-001,BEC-CLN-001,302,60098,3224.79,18536.79,17,Cleaners,199,96,MATCH,56873.21,49.02%,3.24,9344.42,5.63%,Flipkart,Dec-24
Feb-25,Blinkit,South,BEC-CLN-003,BEC-CLN-003,355,106145,9607.94,18575.63,18,Cleaners,299,150,MATCH,96537.06,44.84%,5.71,24711.43,5.07%,Blinkit,Feb-25
Aug-24,Blinkit,West,BEC-CLN-003,BEC-CLN-003,299,89401,24373.75,18611.33,10,Cleaners,299,150,MATCH,65027.25,31.03%,4.80,1565.92,3.34%,Blinkit,Aug-24
Jun-25, Zepto,West,BEC-CLN-001,BEC-CLN-001,490,97510,21060.45,18616.42,28,Cleaners,199,96,MATCH,76449.55,38.47%,5.24,10793.13,5.71%,Zepto,Jun-25
Jun-24, Zepto,North,BEC-CLN-001,BEC-CLN-001,342,68058,7627.77,18630.49,16,Cleaners,199,96,MATCH,60430.23,45.67%,3.65,8967.73999999999,4.68%,Zepto,Jun-24
Mar-25,Flipkart,West,BEC-CLN-003,BEC-CLN-003,428,127972,35613.89,18642.5,12,Cleaners,299,150,MATCH,92358.11,30.49%,6.86,9515.61,2.80%,Flipkart,Mar-25
Apr-24,D2C,West,BEC-CLN-003,BEC-CLN-003,251,75049,3994.92,18663.69,26,Cleaners,299,150,MATCH,71054.08,47.01%,4.02,14740.39,10.36%,D2C,Apr-24
Sep-24,Amazon,South,BEC-CLN-003,BEC-CLN-003,361,107939,10793.83,18683.27,15,Cleaners,299,150,MATCH,97145.17,44.26%,5.78,24311.9,4.16%,Amazon,Sep-24
Dec-24,Blinkit,North,BEC-CLN-001,BEC-CLN-001,403,80197,14828.68,18702.05,19,Cleaners,199,96,MATCH,65368.32,40.82%,4.29,7978.27,4.71%,Blinkit,Dec-24
Feb-25,Zepto,West,BEC-CLN-001,BEC-CLN-001,467,92933,8931.78,18779.98,27,Cleaners,199,96,MATCH,84001.22,46.63%,4.95,20389.24,5.78%,Zepto,Feb-25
Mar-24,Blinkit,North,BEC-CLN-003,BEC-CLN-003,293,87607,8047.06,18795.87,15,Cleaners,299,150,MATCH,79559.94,44.76%,4.66,16814.07,5.12%,Blinkit,Mar-24
Apr-24,Flipkart,West,BEC-CLN-001,BEC-CLN-001,390,77610,6875.89,18841.2,11,Cleaners,199,96,MATCH,70734.11,47.07%,4.12,14452.91,2.82%,Flipkart,Apr-24
Mar-24,D2C,North,BEC-CLN-003,BEC-CLN-003,242,72358,5900.88,18845.41,30,Cleaners,299,150,MATCH,66457.12,45.38%,3.84,11311.71,12.40%,D2C,Mar-24
May-24, Zepto,West,BEC-CLN-001,BEC-CLN-001,375,74625,8072.79,18952.99,17,Cleaners,199,96,MATCH,66552.21,45.91%,3.94,11599.22,4.53%,Zepto,May-24
Jan-25,Swiggy Instamart,North,BEC-CLN-003,BEC-CLN-003,237,70863,8304.57,18958.74,4,Cleaners,299,150,MATCH,62558.43,43.17%,3.74,8049.69,1.69%,Swiggy Instamart,Jan-25
Apr-24,Flipkart,South,BEC-CLN-003,BEC-CLN-003,257,76843,11374.15,18961.41,7,Cleaners,299,150,MATCH,65468.85,41.12%,4.05,7957.44,2.72%,Flipkart,Apr-24
Mar-24,Amazon ,North,BEC-CLN-002,BEC-CLN-002,406,75110,12136.13,18974.47,22,Cleaners,185,88,MATCH,62973.87,43.27%,3.96,8271.4,5.42%,Amazon,Mar-24
Apr-25,Amazon,North,BEC-CLN-001,BEC-CLN-001,507,100893,13430.62,19007.32,26,Cleaners,199,96,MATCH,87462.38,44.35%,5.31,19783.06,5.13%,Amazon,Apr-25
Jan-24,D2C,West,BEC-CLN-003,BEC-CLN-003,269,80431,11910.41,19024.19,24,Cleaners,299,150,MATCH,68520.59,41.11%,4.23,9146.4,8.92%,D2C,Jan-24
Jul-24,Zepto,North,BEC-CLN-003,BEC-CLN-003,312,93288,14792.7,19036.67,14,Cleaners,299,150,MATCH,78495.3,40.38%,4.90,12658.63,4.49%,Zepto,Jul-24
Jan-24,Amazon,West,BEC-CLN-002,BEC-CLN-002,589,108965,19144.17,19056.1,23,Cleaners,185,88,MATCH,89820.83,42.29%,5.72,18932.73,3.90%,Amazon,Jan-24
Apr-24,Amazon ,North,BEC-CLN-001,BEC-CLN-001,545,108455,30373.6,19072.43,20,Cleaners,199,96,MATCH,78081.4,32.99%,5.69,6688.96999999999,3.67%,Amazon,Apr-24
May-24,Amazon,South,BEC-CLN-003,BEC-CLN-003,378,113022,30764.47,19099.34,19,Cleaners,299,150,MATCH,82257.53,31.07%,5.92,6458.19,5.03%,Amazon,May-24
Dec-24,Amazon ,South,BEC-CLN-003,BEC-CLN-003,330,98670,26069.16,19125.47,12,Cleaners,299,150,MATCH,72600.84,31.82%,5.16,3975.37,3.64%,Amazon,Dec-24
Nov-24,Flipkart,West,BEC-CLN-003,BEC-CLN-003,266,79534,4174.94,19158.74,5,Cleaners,299,150,MATCH,75359.06,47.05%,4.15,16300.32,1.88%,Flipkart,Nov-24
Jan-25,Flipkart,West,BEC-CLN-001,BEC-CLN-001,350,69650,11973.4,19159.7,8,Cleaners,199,96,MATCH,57676.6,41.74%,3.64,4916.9,2.29%,Flipkart,Jan-25
Apr-24,Blinkit,West,BEC-CLN-002,BEC-CLN-002,468,86580,19515.75,19173.54,11,Cleaners,185,88,MATCH,67064.25,38.59%,4.52,6706.71,2.35%,Blinkit,Apr-24
Apr-25,Flipkart,West,BEC-CLN-002,BEC-CLN-002,449,83065,4502.28,19232.29,25,Cleaners,185,88,MATCH,78562.72,49.71%,4.32,19818.43,5.57%,Flipkart,Apr-25
Feb-24,D2C,West,BEC-CLN-001,BEC-CLN-001,359,71441,4927.14,19260.52,49,Cleaners,199,96,MATCH,66513.86,48.19%,3.71,12789.34,13.65%,D2C,Feb-24
Jun-25,Zepto,North,BEC-CLN-001,BEC-CLN-001,350,69650,10986.18,19283.96,11,Cleaners,199,96,MATCH,58663.82,42.72%,3.61,5779.86,3.14%,Zepto,Jun-25
Aug-24,Amazon,South,BEC-CLN-003,BEC-CLN-003,365,109135,29110.49,19330.17,11,Cleaners,299,150,MATCH,80024.51,31.58%,5.65,5944.34,3.01%,Amazon,Aug-24
Apr-25,Flipkart,West,BEC-CLN-001,BEC-CLN-001,355,70645,10129.64,19331.93,9,Cleaners,199,96,MATCH,60515.36,43.68%,3.65,7103.43,2.54%,Flipkart,Apr-25
Jun-25,Flipkart,North,BEC-CLN-003,BEC-CLN-003,275,82225,16476.12,19345.76,7,Cleaners,299,150,MATCH,65748.88,37.26%,4.25,5153.12000000001,2.55%,Flipkart,Jun-25
Jul-24,Amazon,North,BEC-CLN-003,BEC-CLN-003,431,128869,31356.29,19355.07,17,Cleaners,299,150,MATCH,97512.71,33.70%,6.66,13507.64,3.94%,Amazon,Jul-24
Jul-24,Amazon ,South,BEC-CLN-001,BEC-CLN-001,377,75023,15430.7,19442.78,8,Cleaners,199,96,MATCH,59592.3,39.27%,3.86,3957.52,2.12%,Amazon,Jul-24
Dec-24,Flipkart,West,BEC-CLN-003,BEC-CLN-003,345,103155,13185.09,19456.71,9,Cleaners,299,150,MATCH,89969.91,42.48%,5.30,18763.2,2.61%,Flipkart,Dec-24
Feb-24,Zepto,North,BEC-CLN-001,BEC-CLN-001,385,76615,13108.63,19486.36,11,Cleaners,199,96,MATCH,63506.37,41.80%,3.93,7060.01,2.86%,Zepto,Feb-24
Dec-24,Zepto,North,BEC-CLN-003,BEC-CLN-003,311,92989,12478.6,19509.03,6,Cleaners,299,150,MATCH,80510.4,42.06%,4.77,14351.37,1.93%,Zepto,Dec-24
Jan-25,Blinkit,North,BEC-CLN-001,BEC-CLN-001,404,80396,17542.46,19650.44,18,Cleaners,199,96,MATCH,62853.54,38.29%,4.09,4419.1,4.46%,Blinkit,Jan-25
Aug-24,Blinkit,West,BEC-CLN-002,BEC-CLN-002,379,70115,8423.48,19694.55,17,Cleaners,185,88,MATCH,61691.52,45.94%,3.56,8644.97000000001,4.49%,Blinkit,Aug-24
Feb-24,Swiggy Instamart,West,  BEC-CLN-003,BEC-CLN-003,298,89102,11836.51,19698.44,17,Cleaners,299,150,MATCH,77265.49,42.15%,4.52,12867.05,5.70%,Swiggy Instamart,Feb-24
Dec-24,D2C,South,BEC-CLN-003,BEC-CLN-003,224,66976,3954.18,19703.66,38,Cleaners,299,150,MATCH,63021.82,46.69%,3.40,9718.16,16.96%,D2C,Dec-24
Sep-24,D2C,West,BEC-CLN-003,BEC-CLN-003,286,85514,7022.36,19732.21,26,Cleaners,299,150,MATCH,78491.64,45.34%,4.33,15859.43,9.09%,D2C,Sep-24
Nov-24,Blinkit,West,BEC-CLN-001,BEC-CLN-001,410,81590,4915.98,19748.11,14,Cleaners,199,96,MATCH,76674.02,48.67%,4.13,17565.91,3.41%,Blinkit,Nov-24
Jan-25,D2C,North,BEC-CLN-003,BEC-CLN-003,233,69667,9607.22,19752.47,34,Cleaners,299,150,MATCH,60059.78,41.81%,3.53,5357.31,14.59%,D2C,Jan-25
Mar-24,Zepto,South,BEC-CLN-003,BEC-CLN-003,270,80730,18551.5,19764.8,7,Cleaners,299,150,MATCH,62178.5,34.86%,4.08,1913.7,2.59%,Zepto,Mar-24
Jul-24,Amazon ,South,BEC-CLN-003,BEC-CLN-003,293,87607,11834.47,19777.5,15,Cleaners,299,150,MATCH,75772.53,42.00%,4.43,12045.03,5.12%,Amazon,Jul-24
Jan-25, Zepto,South,BEC-CLN-003,BEC-CLN-003,340,101660,26526.12,19813.24,8,Cleaners,299,150,MATCH,75133.88,32.12%,5.13,4320.64,2.35%,Zepto,Jan-25
Feb-24,Flipkart,West,BEC-CLN-003,BEC-CLN-003,348,104052,22510.38,19852.78,11,Cleaners,299,150,MATCH,81541.62,35.98%,5.24,9488.84,3.16%,Flipkart,Feb-24
May-25,Amazon,North,BEC-CLN-002,BEC-CLN-002,546,101010,18595.25,19879.21,22,Cleaners,185,88,MATCH,82414.75,41.70%,5.08,14487.54,4.03%,Amazon,May-25
Mar-24,Blinkit,West,BEC-CLN-001,BEC-CLN-001,435,86565,5755.49,19888.26,17,Cleaners,199,96,MATCH,80809.51,48.32%,4.35,19161.25,3.91%,Blinkit,Mar-24
Jun-25,Swiggy Instamart,West,BEC-CLN-003,BEC-CLN-003,266,79534,20346.51,19897.28,5,Cleaners,299,150,MATCH,59187.49,32.59%,4.00,-609.789999999994,1.88%,Swiggy Instamart,Jun-25
Mar-25,Zepto,West,BEC-CLN-001,BEC-CLN-001,388,77212,14365.5,19921.49,15,Cleaners,199,96,MATCH,62846.5,40.73%,3.88,5677.01,3.87%,Zepto,Mar-25
Jan-24,Swiggy Instamart,North,BEC-CLN-003,BEC-CLN-003,242,72358,12515.58,19931.25,13,Cleaners,299,150,MATCH,59842.42,39.34%,3.63,3611.17,5.37%,Swiggy Instamart,Jan-24
Mar-24,Flipkart,West,  BEC-CLN-001,BEC-CLN-001,334,66466,5836.58,19951.11,18,Cleaners,199,96,MATCH,60629.42,47.11%,3.33,8614.31,5.39%,Flipkart,Mar-24
Oct-24,Amazon,South,BEC-CLN-003,BEC-CLN-003,315,94185,6077.65,19958.65,18,Cleaners,299,150,MATCH,88107.35,46.37%,4.72,20898.7,5.71%,Amazon,Oct-24
Feb-24,Zepto,North,BEC-CLN-003,BEC-CLN-003,320,95680,14007.49,19969.86,7,Cleaners,299,150,MATCH,81672.51,41.23%,4.79,13702.65,2.19%,Zepto,Feb-24
Nov-24,Amazon ,North,BEC-CLN-001,BEC-CLN-001,438,87162,5545.82,19974.78,12,Cleaners,199,96,MATCH,81616.18,48.48%,4.36,19593.4,2.74%,Amazon,Nov-24
Jun-24,Swiggy Instamart,West,BEC-CLN-003,BEC-CLN-003,306,91494,6852.82,19981.97,17,Cleaners,299,150,MATCH,84641.18,45.77%,4.58,18759.21,5.56%,Swiggy Instamart,Jun-24
Jan-25,Blinkit,South,BEC-CLN-003,BEC-CLN-003,395,118105,13211.56,20008.06,18,Cleaners,299,150,MATCH,104893.44,43.51%,5.90,25635.38,4.56%,Blinkit,Jan-25
Sep-24,Blinkit,West,BEC-CLN-002,BEC-CLN-002,413,76405,8012.44,20008.66,11,Cleaners,185,88,MATCH,68392.56,46.86%,3.82,12039.9,2.66%,Blinkit,Sep-24
Oct-24, Zepto,West,BEC-CLN-001,BEC-CLN-001,365,72635,7938.92,20058.17,16,Cleaners,199,96,MATCH,64696.08,45.84%,3.62,9597.91,4.38%,Zepto,Oct-24
Jun-25,Blinkit,West,BEC-CLN-002,BEC-CLN-002,467,86395,18970.87,20061.88,26,Cleaners,185,88,MATCH,67424.13,39.05%,4.31,6266.25,5.57%,Blinkit,Jun-25
Feb-24,D2C,West,BEC-CLN-003,BEC-CLN-003,338,101062,12309.53,20072.56,34,Cleaners,299,150,MATCH,88752.47,42.87%,5.03,17979.91,10.06%,D2C,Feb-24
Jan-24,Amazon ,West,BEC-CLN-001,BEC-CLN-001,405,80595,5388.55,20084.89,9,Cleaners,199,96,MATCH,75206.45,48.30%,4.01,16241.56,2.22%,Amazon,Jul-24
Mar-25,Amazon ,West,BEC-KT-002,BEC-KT-002,471,197820,34876.68,20088.06,15,Kitchen Towel,420,205,MATCH,162943.32,40.74%,9.85,46300.26,3.18%,Amazon,Mar-25
Jan-25,D2C,West,BEC-CLN-002,BEC-CLN-002,357,66045,5783.84,20211.65,53,Cleaners,185,88,MATCH,60261.16,47.87%,3.27,8633.51,14.85%,D2C,Jan-25
Mar-24,Flipkart,North,BEC-CLN-003,BEC-CLN-003,295,88205,25490.71,20216.71,11,Cleaners,299,150,MATCH,62714.29,29.44%,4.36,-1752.42,3.73%,Flipkart,Mar-24
Dec-24,Amazon,West,BEC-CLN-001,BEC-CLN-001,589,117211,15626.53,20230.89,26,Cleaners,199,96,MATCH,101584.47,44.34%,5.79,24809.58,4.41%,Amazon,Dec-24
Jan-25,Blinkit,West,BEC-KT-002,BEC-KT-002,398,167160,12646.73,20326.26,18,Kitchen Towel,420,205,MATCH,154513.27,47.20%,8.22,52597.01,4.52%,Blinkit,Jan-25
Jan-25,D2C,West,BEC-CLN-001,BEC-CLN-001,383,76217,11252.16,20333.32,42,Cleaners,199,96,MATCH,64964.84,43.40%,3.75,7863.52,10.97%,D2C,Jan-25
Oct-24, Zepto,West,BEC-CLN-002,BEC-CLN-002,412,76220,10102.14,20335.98,18,Cleaners,185,88,MATCH,66117.86,45.16%,3.75,9525.88,4.37%,Zepto,Oct-24
Apr-25,D2C,West,BEC-CLN-001,BEC-CLN-001,431,85769,9657.59,20347.45,55,Cleaners,199,96,MATCH,76111.41,45.64%,4.22,14387.96,12.76%,D2C,Apr-25
Feb-25,Flipkart,North,BEC-CLN-003,BEC-CLN-003,294,87906,15641.91,20349.39,14,Cleaners,299,150,MATCH,72264.09,38.97%,4.32,7814.7,4.76%,Flipkart,Feb-25
May-24,Amazon,West,BEC-CLN-002,BEC-CLN-002,476,88060,24778.2,20372.56,10,Cleaners,185,88,MATCH,63281.8,33.81%,4.32,1021.24,2.10%,Amazon,May-24
Mar-24,Flipkart,West,BEC-CLN-003,BEC-CLN-003,386,115414,8835.4,20378.75,13,Cleaners,299,150,MATCH,106578.6,45.67%,5.66,28299.85,3.37%,Flipkart,Mar-24
Jun-24,Amazon,South,BEC-CLN-001,BEC-CLN-001,404,80396,15024.58,20389.44,21,Cleaners,199,96,MATCH,65371.42,40.67%,3.94,6197.98,5.20%,Amazon,Jun-24
Apr-25, Zepto,West,BEC-CLN-003,BEC-CLN-003,448,133952,22357.81,20456.72,14,Cleaners,299,150,MATCH,111594.19,39.78%,6.55,23937.47,3.13%,Zepto,Apr-25
Apr-25,Blinkit,North,BEC-CLN-001,BEC-CLN-001,476,"94,724",13999.97,20475.12,21,Cleaners,199,96,MATCH,80724.03,43.39%,4.63,14552.91,4.41%,Blinkit,Apr-25
Jun-25,D2C,West,BEC-CLN-003,BEC-CLN-003,301,89999,12847.68,20506.9,32,Cleaners,299,150,MATCH,77151.32,41.48%,4.39,11494.42,10.63%,D2C,Jun-25
Feb-25,Flipkart,West,BEC-CLN-001,BEC-CLN-001,405,80595,5773.62,20527.92,15,Cleaners,199,96,MATCH,74821.38,48.04%,3.93,15413.46,3.70%,Flipkart,Feb-25
Jun-25,Amazon,South,BEC-CLN-003,BEC-CLN-003,310,92690,15144.85,20565.76,12,Cleaners,299,150,MATCH,77545.15,40.03%,4.51,10479.39,3.87%,Amazon,Jun-25
May-24,Zepto,North,BEC-CLN-003,BEC-CLN-003,249,74451,11837.81,20594.83,7,Cleaners,299,150,MATCH,62613.19,40.35%,3.62,4668.36,2.81%,Zepto,May-24
Feb-24,Amazon,South,BEC-CLN-002,BEC-CLN-002,412,76220,9461.78,20605.8,12,Cleaners,185,88,MATCH,66758.22,45.69%,3.70,9896.42,2.91%,Amazon,Feb-24
May-24,Amazon,South,BEC-CLN-001,BEC-CLN-001,444,88356,17432.58,20624.67,20,Cleaners,199,96,MATCH,70923.42,39.90%,4.28,7674.75,4.50%,Amazon,May-24
Oct-24,Amazon,West,BEC-CLN-002,BEC-CLN-002,436,80660,9045.43,20627.61,17,Cleaners,185,88,MATCH,71614.57,46.42%,3.91,12618.96,3.90%,Amazon,Oct-24
May-24,Blinkit,West,BEC-CLN-002,BEC-CLN-002,460,85100,9672.96,20647.6,14,Cleaners,185,88,MATCH,75427.04,46.33%,4.12,14299.44,3.04%,Blinkit,May-24
Apr-25,Amazon ,South,BEC-CLN-003,BEC-CLN-003,341,101959,25246.14,20649.95,10,Cleaners,299,150,MATCH,76712.86,33.32%,4.94,4912.91,2.93%,Amazon,Apr-25
May-25,Zepto,West,BEC-CLN-002,BEC-CLN-002,451,83435,7317.34,20707.98,9,Cleaners,185,88,MATCH,76117.66,47.86%,4.03,15721.68,2.00%,Zepto,May-25
Apr-25,Zepto,North,BEC-CLN-003,BEC-CLN-003,405,121095,28986.37,20727.61,19,Cleaners,299,150,MATCH,92108.63,34.05%,5.84,10631.02,4.69%,Zepto,Apr-25
Jun-24,Zepto,North,BEC-CLN-003,BEC-CLN-003,314,93886,14088.31,20732.08,12,Cleaners,299,150,MATCH,79797.69,40.98%,4.53,11965.61,3.82%,Zepto,Jun-24
Apr-24,Amazon ,South,BEC-CLN-002,BEC-CLN-002,431,79735,17391.92,20892.98,14,Cleaners,185,88,MATCH,62343.08,39.16%,3.82,3522.1,3.25%,Amazon,Apr-24
Feb-25,Amazon,North,BEC-CLN-001,BEC-CLN-001,585,116415,19762.26,20977.71,32,Cleaners,199,96,MATCH,96652.74,41.90%,5.55,19515.03,5.47%,Amazon,Feb-25
Mar-25,D2C,West,BEC-CLN-001,BEC-CLN-001,427,84973,4843.58,21052.55,55,Cleaners,199,96,MATCH,80129.42,48.84%,4.04,18084.87,12.88%,D2C,Mar-25
Oct-24,D2C,North,  BEC-CLN-003,BEC-CLN-003,229,68471,5642.37,21059.41,28,Cleaners,299,150,MATCH,62828.63,45.33%,3.25,7419.22,12.23%,D2C,Oct-24
Jun-25, Zepto,South,BEC-CLN-003,BEC-CLN-003,316,94484,26720.34,21148.15,13,Cleaners,299,150,MATCH,67763.66,30.05%,4.47,-784.489999999998,4.11%,Zepto,Jun-25
Jun-24,Amazon,West,BEC-CLN-002,BEC-CLN-002,645,119325,23221.26,21162.91,33,Cleaners,185,88,MATCH,96103.74,40.94%,5.64,18180.83,5.12%,Amazon,Jun-24
Sep-24,Amazon ,West,BEC-CLN-002,BEC-CLN-002,493,91205,5965.2,21163.5,21,Cleaners,185,88,MATCH,85239.8,49.10%,4.31,20692.3,4.26%,Amazon,Sep-24
Dec-24,Zepto,South,BEC-CLN-003,BEC-CLN-003,292,87308,6177.52,21234.97,8,Cleaners,299,150,MATCH,81130.48,46.01%,4.11,16095.51,2.74%,Zepto,Dec-24
Jan-25,Amazon ,West,BEC-KT-002,BEC-KT-002,503,211260,42807.39,21252.39,28,Kitchen Towel,420,205,MATCH,168452.61,38.79%,9.94,44085.22,5.57%,Amazon,Jan-25
Jun-24,D2C,West,BEC-CLN-001,BEC-CLN-001,339,67461,3705.31,21272.49,41,Cleaners,199,96,MATCH,63755.69,48.96%,3.17,9939.2,12.09%,D2C,Jun-24
Mar-24,Flipkart,South,BEC-CLN-003,BEC-CLN-003,250,74750,9960.72,21273.92,7,Cleaners,299,150,MATCH,64789.28,42.12%,3.51,6015.36,2.80%,Flipkart,Mar-24
Apr-24, Zepto,West,BEC-CLN-002,BEC-CLN-002,433,80105,9491.74,21313.53,19,Cleaners,185,88,MATCH,70613.26,46.04%,3.76,11195.73,4.39%,Zepto,Apr-24
Jun-24,Amazon ,North,BEC-CLN-002,BEC-CLN-002,529,97865,20822.89,21324.67,26,Cleaners,185,88,MATCH,77042.11,39.58%,4.59,9165.44,4.91%,Amazon,Jun-24
May-25,Amazon,West,BEC-KT-002,BEC-KT-002,511,214620,0,21384.42,22,Kitchen Towel,420,205,MATCH,214620,51.19%,10.04,88480.58,4.31%,Amazon,May-25
Jun-25,Amazon,North,BEC-CLN-003,BEC-CLN-003,357,106743,31711.2,21403.9,19,Cleaners,299,150,MATCH,75031.8,28.63%,4.99,77.9000000000015,5.32%,Amazon,Jun-25
Jan-24,Blinkit,North,BEC-CLN-003,BEC-CLN-003,338,101062,16793.04,21456.08,8,Cleaners,299,150,MATCH,84268.96,39.84%,4.71,12112.88,2.37%,Blinkit,Jan-24
Mar-25,Blinkit,West,BEC-CLN-001,BEC-CLN-001,430,85570,7120.93,21474.38,18,Cleaners,199,96,MATCH,78449.07,47.38%,3.98,15694.69,4.19%,Blinkit,Mar-25
Feb-24,Blinkit,South,  BEC-CLN-003,BEC-CLN-003,310,92690,19282.63,21476.08,11,Cleaners,299,150,MATCH,73407.37,36.65%,4.32,5431.28999999999,3.55%,Blinkit,Feb-24
Jan-24,Amazon,South,BEC-CLN-001,BEC-CLN-001,460,91540,17635.06,21585.18,10,Cleaners,199,96,MATCH,73904.94,40.25%,4.24,8159.76,2.17%,Amazon,Jan-24
Jun-25,Zepto,West,BEC-CLN-099,BEC-CLN-099,459,137241,22516.56,21603.09,16,NOT FOUND,Not Found,NOT FOUND,NOT FOUND,114724.44,0.00%,6.35,0,3.49%,Zepto,Jun-25
Jun-25,Zepto,West,BEC-CLN-003,BEC-CLN-003,459,137241,22516.56,21603.09,16,Cleaners,299,150,MATCH,114724.44,39.99%,6.35,24271.35,3.49%,Zepto,Jun-25
Apr-24, Zepto,North,BEC-CLN-003,BEC-CLN-003,281,84019,6698.45,21691.57,10,Cleaners,299,150,MATCH,77320.55,45.49%,3.87,13478.98,3.56%,Zepto,Apr-24
May-24,D2C,West,BEC-CLN-003,BEC-CLN-003,347,103753,5533.39,21743.99,34,Cleaners,299,150,MATCH,98219.61,47.01%,4.77,24425.62,9.80%,D2C,May-24
May-24, Zepto,West,BEC-CLN-003,BEC-CLN-003,482,144118,42728.35,21775.96,17,Cleaners,299,150,MATCH,101389.65,28.69%,6.62,7313.69,3.53%,Zepto,May-24
Oct-24,Blinkit,North,BEC-CLN-003,BEC-CLN-003,345,103155,14938,22004.55,12,Cleaners,299,150,MATCH,88217,41.34%,4.69,14462.45,3.48%,Blinkit,Oct-24
May-24,Flipkart,North,BEC-CLN-003,BEC-CLN-003,287,85813,14667.08,22077.15,13,Cleaners,299,150,MATCH,71145.92,39.49%,3.89,6018.77,4.53%,Flipkart,May-24
Jan-25,Amazon,West,BEC-CLN-002,BEC-CLN-002,599,110815,15692.92,22079.16,14,Cleaners,185,88,MATCH,95122.08,44.58%,5.02,20330.92,2.34%,Amazon,Jan-25
Jun-24,Amazon ,West,BEC-CLN-001,BEC-CLN-001,489,97311,25341.76,22163.03,26,Cleaners,199,96,MATCH,71969.24,34.77%,4.39,2862.21000000001,5.32%,Amazon,Jun-24
Jun-25,Blinkit,South,BEC-CLN-003,BEC-CLN-003,321,95979,7878.47,22193.54,12,Cleaners,299,150,MATCH,88100.53,45.35%,4.32,17756.99,3.74%,Blinkit,Jun-25
Apr-25,Amazon,West,BEC-KT-002,BEC-KT-002,482,202440,15389.98,22206.46,9,Kitchen Towel,420,205,MATCH,187050.02,47.17%,9.12,66033.56,1.87%,Amazon,Apr-25
Jan-24,Blinkit,West,BEC-CLN-001,BEC-CLN-001,442,87958,14016.78,22346.15,10,Cleaners,199,96,MATCH,73941.22,42.61%,3.94,9163.07,2.26%,Blinkit,Jan-24
Apr-24,Blinkit,South,BEC-CLN-003,BEC-CLN-003,381,113919,33992.9,22357.43,17,Cleaners,299,150,MATCH,79926.1,28.50%,5.10,418.670000000006,4.46%,Blinkit,Apr-24
Mar-24,Amazon,South,BEC-CLN-003,BEC-CLN-003,443,132457,34332.13,22425.59,13,Cleaners,299,150,MATCH,98124.87,32.28%,5.91,9249.28,2.93%,Amazon,Mar-24
Feb-24,Flipkart,West,BEC-CLN-001,BEC-CLN-001,379,75421,6635.69,22426.18,9,Cleaners,199,96,MATCH,68785.31,47.10%,3.36,9975.13,2.37%,Flipkart,Feb-24
Apr-25,D2C,North,BEC-CLN-003,BEC-CLN-003,316,94484,5180.1,22462.22,30,Cleaners,299,150,MATCH,89303.9,46.92%,4.21,19441.68,9.49%,D2C,Apr-25
Feb-24,Blinkit,West,BEC-CLN-003,BEC-CLN-003,473,141427,35928.21,22497.31,26,Cleaners,299,150,MATCH,105498.79,32.75%,6.29,12051.48,5.50%,Blinkit,Feb-24
Jul-24,Swiggy Instamart,West,BEC-CLN-003,BEC-CLN-003,278,83122,4986.55,22576.96,6,Cleaners,299,150,MATCH,78135.45,46.63%,3.68,13858.49,2.16%,Swiggy Instamart,Jul-24
Mar-24,Amazon,West,BEC-CLN-001,BEC-CLN-001,545,108455,0,22588.63,26,Cleaners,199,96,MATCH,108455,51.76%,4.80,33546.37,4.77%,Amazon,Mar-24
May-24,Amazon,North,BEC-CLN-003,BEC-CLN-003,353,105547,9477.38,22608.12,18,Cleaners,299,150,MATCH,96069.62,44.88%,4.67,20511.5,5.10%,Amazon,May-24
Sep-24,Amazon,North,BEC-CLN-003,BEC-CLN-003,434,129766,20573.57,22613.45,21,Cleaners,299,150,MATCH,109192.43,40.38%,5.74,21478.98,4.84%,Amazon,Sep-24
Mar-25,Amazon,South,BEC-CLN-002,BEC-CLN-002,577,106745,30502.07,22626.25,21,Cleaners,185,88,MATCH,76242.93,33.40%,4.72,2840.67999999999,3.64%,Amazon,Mar-25
Jan-25,Blinkit,West,BEC-CLN-001,BEC-CLN-001,485,96515,15339.52,22629.92,19,Cleaners,199,96,MATCH,81175.48,42.64%,4.26,11985.56,3.92%,Blinkit,Jan-25
Jul-24,Zepto,West,BEC-CLN-003,BEC-CLN-003,407,121693,21525.29,22690.54,9,Cleaners,299,150,MATCH,100167.71,39.05%,5.36,16427.17,2.21%,Zepto,Jul-24
Feb-25,Amazon,West,BEC-CLN-002,BEC-CLN-002,627,115995,10567.4,22733.46,31,Cleaners,185,88,MATCH,105427.6,47.66%,5.10,27518.14,4.94%,Amazon,Feb-25
May-24,Flipkart,West,BEC-CLN-003,BEC-CLN-003,307,91793,24458.05,22792.22,12,Cleaners,299,150,MATCH,67334.95,31.61%,4.03,-1507.27,3.91%,Flipkart,May-24
Jan-24, Zepto,North,BEC-CLN-001,BEC-CLN-001,373,74227,6006.97,22804.82,10,Cleaners,199,96,MATCH,68220.03,47.51%,3.25,9607.21,2.68%,Zepto,Jan-24
Mar-24,Zepto,West,  BEC-CLN-002,BEC-CLN-002,488,"90,280",7850.36,22835.35,28,Cleaners,185,88,MATCH,82429.64,47.90%,3.95,16650.29,5.74%,Zepto,Mar-24
Apr-24,Zepto,West,BEC-CLN-003,BEC-CLN-003,384,114816,33992.4,22846.6,9,Cleaners,299,150,MATCH,80823.6,28.73%,5.03,377.000000000007,2.34%,Zepto,Apr-24
Aug-24,Amazon,West,BEC-CLN-001,BEC-CLN-001,569,113231,17810.51,22876.76,28,Cleaners,199,96,MATCH,95420.49,42.75%,4.95,17919.73,4.92%,Amazon,Aug-24
Jan-24,Amazon,North,BEC-CLN-001,BEC-CLN-001,465,92535,17476.2,22929.23,11,Cleaners,199,96,MATCH,75058.8,40.53%,4.04,7489.57,2.37%,Amazon,Jan-24
Apr-25,Amazon,South,  BEC-CLN-002,BEC-CLN-002,503,93055,6593.29,22932.2,19,Cleaners,185,88,MATCH,86461.71,48.81%,4.06,19265.51,3.78%,Amazon,Apr-25
Feb-25,Blinkit,South,BEC-CLN-002,BEC-CLN-002,419,77515,6233.96,22969.36,22,Cleaners,185,88,MATCH,71281.04,48.27%,3.37,11439.68,5.25%,Blinkit,Feb-25
Nov-24,Blinkit,West,BEC-CLN-002,BEC-CLN-002,493,91205,22751.49,23067.28,12,Cleaners,185,88,MATCH,68453.51,36.62%,3.95,2002.23,2.43%,Blinkit,Nov-24
Jan-25,Blinkit,West,BEC-CLN-002,BEC-CLN-002,600,111000,16925.7,23157.7,30,Cleaners,185,88,MATCH,94074.3,43.87%,4.79,18116.6,5.00%,Blinkit,Jan-25
May-24,Blinkit,West,BEC-CLN-001,BEC-CLN-001,407,80993,8206.15,23159.87,16,Cleaners,199,96,MATCH,72786.85,46.32%,3.50,10554.98,3.93%,Blinkit,May-24
Apr-25,Flipkart,South,BEC-CLN-003,BEC-CLN-003,266,79534,8280.63,23205.47,15,Cleaners,299,150,MATCH,71253.37,44.00%,3.43,8147.89999999999,5.64%,Flipkart,Apr-25
May-25,D2C,North,BEC-CLN-003,BEC-CLN-003,306,91494,5283.5,23243.62,33,Cleaners,299,150,MATCH,86210.5,46.76%,3.94,17066.88,10.78%,D2C,May-25
Mar-25,D2C,West,BEC-CLN-003,BEC-CLN-003,393,117507,13481.74,23266.83,58,Cleaners,299,150,MATCH,104025.26,43.33%,5.05,21808.43,14.76%,D2C,Mar-25
Jan-25,Amazon ,North,BEC-CLN-001,BEC-CLN-001,663,131937,35465.52,23334.14,13,Cleaners,199,96,MATCH,96471.48,34.02%,5.65,9489.34000000001,1.96%,Amazon,Jan-25
Jan-25,Amazon,North,BEC-CLN-002,BEC-CLN-002,598,110630,18329.68,23356.95,23,Cleaners,185,88,MATCH,92300.32,42.99%,4.74,16319.37,3.85%,Amazon,Jan-25
Mar-25,Swiggy Instamart,West,BEC-CLN-003,BEC-CLN-003,385,115115,29782.34,23370,15,Cleaners,299,150,MATCH,85332.66,32.32%,4.93,4212.66,3.90%,Swiggy Instamart,Mar-25
Apr-25,Flipkart,North,BEC-CLN-003,BEC-CLN-003,308,92092,6517.07,23395.38,9,Cleaners,299,150,MATCH,85574.93,46.01%,3.94,15979.55,2.92%,Flipkart,Apr-25
Nov-24,Amazon ,South,  BEC-CLN-003,BEC-CLN-003,432,129168,10561.81,23440.18,21,Cleaners,299,150,MATCH,118606.19,45.37%,5.51,30366.01,4.86%,Amazon,Nov-24
Feb-25,Blinkit,North,BEC-CLN-001,BEC-CLN-001,460,91540,17225.54,23445.78,23,Cleaners,199,96,MATCH,74314.46,40.58%,3.90,6708.67999999999,5.00%,Blinkit,Feb-25
Jan-24,Zepto,North,BEC-CLN-003,BEC-CLN-003,366,109434,10752.61,23513.78,20,Cleaners,299,150,MATCH,98681.39,44.37%,4.65,20267.61,5.46%,Zepto,Jan-24
Feb-24,Blinkit,West,BEC-CLN-001,BEC-CLN-001,536,106664,7792.95,23534.74,18,Cleaners,199,96,MATCH,98871.05,47.96%,4.53,23880.31,3.36%,Blinkit,Feb-24
Aug-24,Blinkit,West,BEC-CLN-001,BEC-CLN-001,404,80396,9195.48,23721.94,13,Cleaners,199,96,MATCH,71200.52,45.53%,3.39,8694.58000000001,3.22%,Blinkit,Aug-24
Mar-24,Amazon,North,BEC-CLN-001,BEC-CLN-001,573,114027,18312.92,23730.61,31,Cleaners,199,96,MATCH,95714.08,42.53%,4.81,16975.47,5.41%,Amazon,Mar-24
Jun-24,Amazon,North,BEC-CLN-001,BEC-CLN-001,580,115420,31968.17,23750.98,15,Cleaners,199,96,MATCH,83451.83,33.28%,4.86,4020.85,2.59%,Amazon,Jun-24
Feb-25,Amazon,South,BEC-CLN-001,BEC-CLN-001,444,88356,18020.33,23768.79,11,Cleaners,199,96,MATCH,70335.67,39.40%,3.72,3942.88,2.48%,Amazon,Feb-25
May-25,Flipkart,West,BEC-CLN-003,BEC-CLN-003,419,125281,21826.1,23774.07,18,Cleaners,299,150,MATCH,103454.9,39.25%,5.27,16830.83,4.30%,Flipkart,May-25
Jun-25,Amazon,South,BEC-CLN-002,BEC-CLN-002,496,91760,7760.35,23884.26,21,Cleaners,185,88,MATCH,83999.65,48.04%,3.84,16467.39,4.23%,Amazon,Jun-25
Aug-24,Zepto,West,BEC-CLN-001,BEC-CLN-001,405,80595,4631.38,23888.59,18,Cleaners,199,96,MATCH,75963.62,48.82%,3.37,13195.03,4.44%,Zepto,Aug-24
Dec-24,Blinkit,South,BEC-CLN-003,BEC-CLN-003,283,84617,14033.22,23989.79,14,Cleaners,299,150,MATCH,70583.78,39.86%,3.53,4143.99,4.95%,Blinkit,Dec-24
Feb-25,Zepto,West,BEC-CLN-002,BEC-CLN-002,459,84915,14092.92,24016.91,12,Cleaners,185,88,MATCH,70822.08,42.97%,3.54,6413.17,2.61%,Zepto,Feb-25
Jun-24,Zepto,West,BEC-CLN-003,BEC-CLN-003,375,112125,30006.16,24233.63,10,Cleaners,299,150,MATCH,82118.84,31.50%,4.63,1635.21,2.67%,Zepto,Jun-24
Apr-25,Blinkit,West,  BEC-CLN-002,BEC-CLN-002,629,116365,7944.91,24303.34,21,Cleaners,185,88,MATCH,108420.09,48.95%,4.79,28764.75,3.34%,Blinkit,Apr-25
May-25,Blinkit,West,BEC-CLN-001,BEC-CLN-001,502,99898,20362.16,24446.81,11,Cleaners,199,96,MATCH,79535.84,39.41%,4.09,6897.03,2.19%,Blinkit,May-25
Jul-24,Amazon ,West,BEC-CLN-002,BEC-CLN-002,694,128390,29979.05,24457.66,18,Cleaners,185,88,MATCH,98410.95,37.94%,5.25,12881.29,2.59%,Amazon,Jul-24
Apr-24,Amazon ,West,BEC-KT-002,BEC-KT-002,531,223020,38584.71,24504.88,11,Kitchen Towel,420,205,MATCH,184435.29,40.98%,9.10,51075.41,2.07%,Amazon,Apr-24
Apr-24,Amazon,South,BEC-CLN-003,BEC-CLN-003,382,114218,18450.67,24640.16,8,Cleaners,299,150,MATCH,95767.33,40.17%,4.64,13827.17,2.09%,Amazon,Apr-24
Apr-24,Flipkart,West,BEC-CLN-003,BEC-CLN-003,412,123188,31180.76,24904.58,13,Cleaners,299,150,MATCH,92007.24,32.83%,4.95,5302.66,3.16%,Flipkart,Apr-24
Oct-24,Swiggy Instamart,West,BEC-CLN-003,BEC-CLN-003,273,81627,6234.89,24984.97,9,Cleaners,299,150,MATCH,75392.11,45.68%,3.27,9457.14,3.30%,Swiggy Instamart,Oct-24
May-24,Amazon ,West,BEC-CLN-001,BEC-CLN-001,650,129350,21845.77,25019.68,16,Cleaners,199,96,MATCH,107504.23,41.96%,5.17,20084.55,2.46%,Amazon,May-24
Oct-24,Blinkit,West,BEC-CLN-003,BEC-CLN-003,347,103753,22892.11,25055.38,9,Cleaners,299,150,MATCH,80860.89,35.63%,4.14,3755.51,2.59%,Blinkit,Oct-24
Mar-25,Amazon ,North,BEC-CLN-002,BEC-CLN-002,616,113960,29714.44,25136.02,26,Cleaners,185,88,MATCH,84245.56,35.65%,4.53,4901.54,4.22%,Amazon,Mar-25
Mar-24, Zepto,West,BEC-CLN-003,BEC-CLN-003,314,93886,7362.29,25160.58,13,Cleaners,299,150,MATCH,86523.71,45.56%,3.73,14263.13,4.14%,Zepto,Mar-24
May-25,Amazon ,South,BEC-CLN-003,BEC-CLN-003,501,149799,13562.21,25274.64,27,Cleaners,299,150,MATCH,136236.79,44.84%,5.93,35812.15,5.39%,Amazon,May-25
Sep-24, Zepto,North,BEC-CLN-003,BEC-CLN-003,288,86112,8945.47,25314.36,8,Cleaners,299,150,MATCH,77166.53,44.02%,3.40,8652.17,2.78%,Zepto,Sep-24
Feb-25,D2C,West,BEC-CLN-003,BEC-CLN-003,289,86411,4833.86,25337,36,Cleaners,299,150,MATCH,81577.14,46.86%,3.41,12890.14,12.46%,D2C,Feb-25
May-25, Zepto,West,BEC-CLN-001,BEC-CLN-001,493,98107,11669.35,25460.45,20,Cleaners,199,96,MATCH,86437.65,45.25%,3.85,13649.2,4.06%,Zepto,May-25
Jan-25, Zepto,West,BEC-CLN-003,BEC-CLN-003,562,168038,33998.67,25687.74,22,Cleaners,299,150,MATCH,134039.33,37.11%,6.54,24051.59,3.91%,Zepto,Jan-25
Apr-25,Blinkit,South,BEC-CLN-003,BEC-CLN-003,427,127673,29311.8,25735.36,13,Cleaners,299,150,MATCH,98361.2,34.88%,4.96,8575.84,3.04%,Blinkit,Apr-25
Jan-24,Flipkart,West,BEC-CLN-003,BEC-CLN-003,352,105248,14681.5,25784.68,11,Cleaners,299,150,MATCH,90566.5,41.70%,4.08,11981.82,3.13%,Flipkart,Jan-24
Apr-25,Swiggy Instamart,West,BEC-CLN-003,BEC-CLN-003,331,98969,11441.07,25905.3,12,Cleaners,299,150,MATCH,87527.93,43.28%,3.82,11972.63,3.63%,Swiggy Instamart,Apr-25
Feb-24,Blinkit,West,BEC-CLN-002,BEC-CLN-002,470,86950,6749.75,25914.45,22,Cleaners,185,88,MATCH,80200.25,48.43%,3.36,12925.8,4.68%,Blinkit,Feb-24
May-24,Amazon ,North,BEC-CLN-001,BEC-CLN-001,609,121191,23964.76,25943.92,22,Cleaners,199,96,MATCH,97226.24,39.87%,4.67,12818.32,3.61%,Amazon,May-24
Jun-24,Blinkit,North,BEC-CLN-003,BEC-CLN-003,326,97474,14347.86,26043.52,9,Cleaners,299,150,MATCH,83126.14,41.17%,3.74,8182.62,2.76%,Blinkit,Jun-24
Apr-24,Blinkit,West,BEC-CLN-003,BEC-CLN-003,532,159068,47475.97,26067.34,16,Cleaners,299,150,MATCH,111592.03,28.49%,6.10,5724.69,3.01%,Blinkit,Apr-24
Feb-25,Amazon ,South,BEC-CLN-003,BEC-CLN-003,328,98072,15639.03,26150.33,8,Cleaners,299,150,MATCH,82432.97,40.32%,3.75,7082.64,2.44%,Amazon,Feb-25
Jun-25,Blinkit,West,BEC-CLN-001,BEC-CLN-001,592,117808,33180,26194.19,18,Cleaners,199,96,MATCH,84628,32.84%,4.50,1601.81,3.04%,Blinkit,Jun-25
Apr-25, Zepto,South,BEC-CLN-003,BEC-CLN-003,328,98072,12130.61,26598.53,14,Cleaners,299,150,MATCH,85941.39,42.75%,3.69,10142.86,4.27%,Zepto,Apr-25
Feb-25,Blinkit,West,BEC-CLN-002,BEC-CLN-002,568,105080,20788.22,26947.91,15,Cleaners,185,88,MATCH,84291.78,40.70%,3.90,7359.87,2.64%,Blinkit,Feb-25
Jan-25,Zepto,West,BEC-CLN-003,BEC-CLN-003,377,112723,25670.52,27019.21,10,Cleaners,299,150,MATCH,87052.48,35.04%,4.17,3483.27,2.65%,Zepto,May-25
Apr-24,Amazon,West,BEC-CLN-001,BEC-CLN-001,686,136514,37787.51,27035.62,25,Cleaners,199,96,MATCH,98726.49,33.29%,5.05,5834.86999999999,3.64%,Amazon,Apr-24
Jan-25,Amazon,North,BEC-CLN-003,BEC-CLN-003,379,113321,28007.16,27044.9,9,Cleaners,299,150,MATCH,85313.84,33.36%,4.19,1418.94,2.37%,Amazon,Jan-25
Oct-24,Amazon,West,BEC-CLN-003,BEC-CLN-003,599,179101,29618.14,27075.88,26,Cleaners,299,150,MATCH,149482.86,39.89%,6.61,32556.98,4.34%,Amazon,Oct-24
Mar-25,Amazon ,North,BEC-CLN-003,BEC-CLN-003,462,138138,15348.38,27077.89,17,Cleaners,299,150,MATCH,122789.62,43.56%,5.10,26411.73,3.68%,Amazon,Mar-25
Nov-24,Amazon,West,BEC-CLN-002,BEC-CLN-002,505,93425,7411.54,27120.39,19,Cleaners,185,88,MATCH,86013.46,48.33%,3.44,14453.07,3.76%,Amazon,Nov-24
Mar-24,Blinkit,North,BEC-CLN-001,BEC-CLN-001,480,95520,9248.46,27807.81,17,Cleaners,199,96,MATCH,86271.54,46.59%,3.44,12383.73,3.54%,Blinkit,Mar-24
Oct-24,Flipkart,West,BEC-CLN-003,BEC-CLN-003,320,95680,6095.32,27876.82,13,Cleaners,299,150,MATCH,89584.68,46.42%,3.43,13707.86,4.06%,Flipkart,Oct-24
May-25,D2C,West,BEC-CLN-003,BEC-CLN-003,302,90298,4326.17,27965.89,39,Cleaners,299,150,MATCH,85971.83,47.31%,3.23,12705.94,12.91%,D2C,May-25
Oct-24,Zepto,West,BEC-CLN-003,BEC-CLN-003,360,107640,22819.08,27983.39,13,Cleaners,299,150,MATCH,84820.92,36.34%,3.85,2837.53,3.61%,Zepto,Oct-24
Jun-24,D2C,West,BEC-CLN-003,BEC-CLN-003,308,92092,7114.88,28083.3,42,Cleaners,299,150,MATCH,84977.12,45.63%,3.28,10693.82,13.64%,D2C,Jun-24
May-25,Amazon,North,BEC-CLN-003,BEC-CLN-003,420,125580,10801.32,28152.64,18,Cleaners,299,150,MATCH,114778.68,45.11%,4.46,23626.04,4.29%,Amazon,May-25
Apr-25,Amazon ,West,BEC-CLN-001,BEC-CLN-001,683,135917,9594.21,28834.23,26,Cleaners,199,96,MATCH,126322.79,48.09%,4.71,31920.56,3.81%,Amazon,Apr-25
Nov-24,Blinkit,North,BEC-CLN-003,BEC-CLN-003,350,104650,11805.34,28907.13,14,Cleaners,299,150,MATCH,92844.66,43.45%,3.62,11437.53,4.00%,Blinkit,Nov-24
May-25,Blinkit,West,BEC-CLN-003,BEC-CLN-003,418,124982,33261.76,29009.51,23,Cleaners,299,150,MATCH,91720.24,31.64%,4.31,10.7299999999923,5.50%,Blinkit,May-25
Dec-24,Blinkit,West,BEC-CLN-001,BEC-CLN-001,509,101291,6327.34,29244.59,17,Cleaners,199,96,MATCH,94963.66,48.54%,3.46,16855.07,3.34%,Blinkit,Dec-24
Oct-24,Amazon,West,BEC-CLN-001,BEC-CLN-001,614,122186,34693.91,29298.72,14,Cleaners,199,96,MATCH,87492.09,32.63%,4.17,-750.630000000005,2.28%,Amazon,Oct-24
Apr-24,Amazon ,West,BEC-CLN-002,BEC-CLN-002,766,141710,10731.04,29373.57,18,Cleaners,185,88,MATCH,130978.96,48.54%,4.82,34197.39,2.35%,Amazon,Apr-24
Dec-24, Zepto,West,BEC-CLN-003,BEC-CLN-003,374,111826,6878.68,29438.52,7,Cleaners,299,150,MATCH,104947.32,46.54%,3.80,19408.8,1.87%,Zepto,Dec-24
May-24,Amazon ,West,BEC-CLN-003,BEC-CLN-003,488,145912,32127.16,29478.46,26,Cleaners,299,150,MATCH,113784.84,35.67%,4.95,11106.38,5.33%,Amazon,May-24
Oct-24,Amazon,North,BEC-CLN-001,BEC-CLN-001,513,102087,13290.77,29542.79,10,Cleaners,199,96,MATCH,88796.23,44.54%,3.46,10005.44,1.95%,Amazon,Oct-24
Dec-24,D2C,West,BEC-CLN-003,BEC-CLN-003,342,102258,6576.12,29663.88,43,Cleaners,299,150,MATCH,95681.88,46.38%,3.45,14718,12.57%,D2C,Dec-24
Apr-25,D2C,West,BEC-CLN-003,BEC-CLN-003,356,106444,4795.72,29684.71,39,Cleaners,299,150,MATCH,101648.28,47.47%,3.59,18563.57,10.96%,D2C,Apr-25
Jan-24,Blinkit,South,BEC-CLN-003,BEC-CLN-003,369,110331,21715.16,29725,18,Cleaners,299,150,MATCH,88615.84,37.54%,3.71,3540.84,4.88%,Blinkit,Mar-24
Apr-25,Blinkit,West,BEC-CLN-003,BEC-CLN-003,403,120497,21368.4,29907.1,19,Cleaners,299,150,MATCH,99128.6,39.02%,4.03,8771.50000000001,4.71%,Blinkit,Apr-25
Oct-24,Amazon ,North,BEC-CLN-003,BEC-CLN-003,481,143819,15145.42,30240.41,21,Cleaners,299,150,MATCH,128673.58,43.93%,4.76,26283.17,4.37%,Amazon,Oct-24
Feb-24,Amazon,North,BEC-CLN-002,BEC-CLN-002,603,111555,18358.63,30899.52,34,Cleaners,185,88,MATCH,93196.37,43.06%,3.61,9232.85,5.64%,Amazon,Feb-24
Mar-24,Amazon,West,BEC-CLN-002,BEC-CLN-002,779,144115,24489.72,31051.44,39,Cleaners,185,88,MATCH,119625.28,42.69%,4.64,20021.84,5.01%,Amazon,Mar-24
Feb-25,Swiggy Instamart,West,BEC-CLN-003,BEC-CLN-003,375,112125,11779.18,31351.32,14,Cleaners,299,150,MATCH,100345.82,43.94%,3.58,12744.5,3.73%,Swiggy Instamart,Feb-25
Apr-25,Zepto,West,BEC-CLN-001,BEC-CLN-001,565,112435,8790.37,31460.09,15,Cleaners,199,96,MATCH,103644.63,47.67%,3.57,17944.54,2.65%,Zepto,Apr-25
Jan-25,D2C,West,BEC-CLN-003,BEC-CLN-003,401,119899,13341.59,31502.66,53,Cleaners,299,150,MATCH,106557.41,43.55%,3.81,14904.75,13.22%,D2C,Jan-25
Mar-24,Blinkit,West,BEC-CLN-003,BEC-CLN-003,532,159068,37942.29,31503.75,29,Cleaners,299,150,MATCH,121125.71,34.12%,5.05,9821.95999999999,5.45%,Blinkit,Mar-24
Jun-25,Amazon,West,BEC-CLN-001,BEC-CLN-001,644,128156,12536.46,31713.54,35,Cleaners,199,96,MATCH,115619.54,46.53%,4.04,22082,5.43%,Amazon,Jun-25
Jan-25,Amazon ,South,BEC-CLN-003,BEC-CLN-003,464,138736,24321.09,31741.16,20,Cleaners,299,150,MATCH,114414.91,39.17%,4.37,13073.75,4.31%,Amazon,Jan-25
May-25,Amazon ,West,BEC-CLN-001,BEC-CLN-001,733,145867,33811.83,31756.11,18,Cleaners,199,96,MATCH,112055.17,37.20%,4.59,9931.06,2.46%,Amazon,May-25
Feb-25,Blinkit,West,BEC-CLN-003,BEC-CLN-003,401,119899,14313.07,31766.76,8,Cleaners,299,150,MATCH,105585.93,43.03%,3.77,13669.17,2.00%,Blinkit,Feb-25
Nov-24,Amazon,North,BEC-CLN-003,BEC-CLN-003,447,133653,32957.78,31772.87,26,Cleaners,299,150,MATCH,100695.22,33.41%,4.21,1872.35,5.82%,Amazon,Nov-24
Aug-24,Amazon ,West,BEC-CLN-003,BEC-CLN-003,359,107341,9656.11,31875.43,18,Cleaners,299,150,MATCH,97684.89,44.87%,3.37,11959.46,5.01%,Amazon,Aug-24
Sep-24,Blinkit,West,BEC-CLN-003,BEC-CLN-003,436,130364,8247.24,32240.72,20,Cleaners,299,150,MATCH,122116.76,46.44%,4.04,24476.04,4.59%,Blinkit,Sep-24
Aug-24,Amazon,North,BEC-CLN-003,BEC-CLN-003,390,116610,18963.85,32763.86,20,Cleaners,299,150,MATCH,97646.15,40.09%,3.56,6382.28999999999,5.13%,Amazon,Aug-24
Jun-25,Amazon,North,BEC-CLN-002,BEC-CLN-002,570,105450,7204.45,32932.16,32,Cleaners,185,88,MATCH,98245.55,48.94%,3.20,15153.39,5.61%,Amazon,Jun-25
Mar-24,Amazon,North,BEC-CLN-003,BEC-CLN-003,577,172523,21977.99,33313.56,24,Cleaners,299,150,MATCH,150545.01,42.51%,5.18,30681.45,4.16%,Amazon,Mar-24
Feb-25,Zepto,West,BEC-CLN-003,BEC-CLN-003,466,139334,21062.53,33527.53,11,Cleaners,299,150,MATCH,118271.47,40.90%,4.16,14843.94,2.36%,Zepto,Feb-25
Feb-24,Amazon ,North,BEC-CLN-003,BEC-CLN-003,535,159965,44876.37,33723.3,12,Cleaners,299,150,MATCH,115088.63,30.27%,4.74,1115.33,2.24%,Amazon,Feb-24
Nov-24,Blinkit,West,BEC-CLN-003,BEC-CLN-003,411,122889,16912.87,33927.11,24,Cleaners,299,150,MATCH,105976.13,41.83%,3.62,10399.02,5.84%,Blinkit,Nov-24
Jan-24,Blinkit,West,BEC-CLN-003,BEC-CLN-003,564,168636,20177.45,34237.08,30,Cleaners,299,150,MATCH,148458.55,43.01%,4.93,29621.47,5.32%,Blinkit,Jan-24
Mar-25,Amazon,West,BEC-CLN-001,BEC-CLN-001,690,137310,18317.26,34463.99,29,Cleaners,199,96,MATCH,118992.74,44.33%,3.98,18288.75,4.20%,Amazon,Mar-25
Dec-24,Amazon,West,BEC-CLN-003,BEC-CLN-003,682,203918,18675.4,35433.44,14,Cleaners,299,150,MATCH,185242.6,44.78%,5.75,47509.16,2.05%,Amazon,Dec-24
Jun-25,Blinkit,North,BEC-CLN-003,BEC-CLN-003,436,130364,23560.15,35434.78,18,Cleaners,299,150,MATCH,106803.85,38.77%,3.68,5969.07000000001,4.13%,Blinkit,Jun-25
Jul-24,Blinkit,West,BEC-CLN-003,BEC-CLN-003,484,144716,10672.73,36008.78,20,Cleaners,299,150,MATCH,134043.27,45.84%,4.02,25434.49,4.13%,Blinkit,Jul-24
Mar-25,Amazon ,South,BEC-CLN-003,BEC-CLN-003,445,133055,18742.99,36201.72,26,Cleaners,299,150,MATCH,114312.01,41.61%,3.68,11360.29,5.84%,Amazon,Mar-25
Mar-25,Blinkit,North,BEC-CLN-003,BEC-CLN-003,465,139035,16221.89,36337.52,19,Cleaners,299,150,MATCH,122813.11,43.21%,3.83,16725.59,4.09%,Blinkit,Mar-25
Nov-24,Amazon,West,BEC-CLN-003,BEC-CLN-003,564,168636,19679.89,36633.46,15,Cleaners,299,150,MATCH,148956.11,43.20%,4.60,27722.65,2.66%,Amazon,Nov-24
Feb-24, Zepto,West,BEC-CLN-003,BEC-CLN-003,472,141128,13026.51,36719.68,20,Cleaners,299,150,MATCH,128101.49,44.73%,3.84,20581.81,4.24%,Zepto,Feb-24
Jan-24,Zepto,West,BEC-CLN-003,BEC-CLN-003,474,141726,10240.81,36756.83,16,Cleaners,299,150,MATCH,131485.19,45.93%,3.86,23628.36,3.38%,Zepto,Jan-24
Dec-24,Blinkit,West,BEC-CLN-003,BEC-CLN-003,458,136942,18141.78,36976.59,22,Cleaners,299,150,MATCH,118800.22,42.17%,3.70,13123.63,4.80%,Blinkit,Dec-24
Jun-24,Amazon,North,BEC-CLN-003,BEC-CLN-003,531,158769,41044.09,37112.44,15,Cleaners,299,150,MATCH,117724.91,32.34%,4.28,962.470000000001,2.82%,Amazon,Jun-24
Apr-24,Amazon ,North,BEC-CLN-003,BEC-CLN-003,612,182988,45336.03,37772.25,28,Cleaners,299,150,MATCH,137651.97,33.31%,4.84,8079.72,4.58%,Amazon,Apr-24
May-24,Blinkit,West,BEC-CLN-003,BEC-CLN-003,511,152789,15763.9,37997.65,22,Cleaners,299,150,MATCH,137025.1,44.06%,4.02,22377.45,4.31%,Blinkit,May-24
Feb-25,Zepto,North,BEC-CLN-003,BEC-CLN-003,455,136045,8091.32,38263.27,14,Cleaners,299,150,MATCH,127953.68,46.66%,3.56,21440.41,3.08%,Zepto,Feb-25
Mar-25,Amazon,West,BEC-CLN-002,BEC-CLN-002,879,162615,44662.66,38922.7,38,Cleaners,185,88,MATCH,117952.34,34.42%,4.18,1677.64,4.32%,Amazon,Mar-25
Apr-25,Blinkit,North,BEC-CLN-003,BEC-CLN-003,440,131560,11748.36,39121.73,9,Cleaners,299,150,MATCH,119811.64,44.91%,3.36,14689.91,2.05%,Blinkit,Apr-25
Dec-24,Amazon,North,BEC-CLN-003,BEC-CLN-003,466,139334,18885.05,39305.41,16,Cleaners,299,150,MATCH,120448.95,41.97%,3.54,11243.54,3.43%,Amazon,Dec-24
Jul-24,Amazon,West,BEC-CLN-003,BEC-CLN-003,553,165347,22578.36,39481.18,12,Cleaners,299,150,MATCH,142768.64,41.90%,4.19,20337.46,2.17%,Amazon,Jul-24
Apr-25,Amazon,North,BEC-CLN-003,BEC-CLN-003,669,200031,24982.84,39682.95,17,Cleaners,299,150,MATCH,175048.16,42.67%,5.04,35015.21,2.54%,Amazon,Apr-25
Jan-24,Amazon,North,BEC-CLN-003,BEC-CLN-003,574,171626,27599.54,40040,23,Cleaners,299,150,MATCH,144026.46,40.22%,4.29,17886.46,4.01%,Amazon,Jan-24
Jan-25,Amazon,West,BEC-CLN-001,BEC-CLN-001,784,156016,10241.87,40318.44,40,Cleaners,199,96,MATCH,145774.13,48.37%,3.87,30191.69,5.10%,Amazon,Jan-25
Dec-24,Amazon ,West,BEC-CLN-002,BEC-CLN-002,807,149295,22702.22,40594.74,21,Cleaners,185,88,MATCH,126592.78,43.90%,3.68,14982.04,2.60%,Amazon,Dec-24
Jun-25,Amazon,West,BEC-CLN-002,BEC-CLN-002,848,156880,18633.96,41429.19,35,Cleaners,185,88,MATCH,138246.04,46.02%,3.79,22192.85,4.13%,Amazon,Jun-25
Apr-25,Amazon,West,BEC-CLN-003,BEC-CLN-003,800,239200,48654.9,42012.74,33,Cleaners,299,150,MATCH,190545.1,37.02%,5.69,28532.36,4.13%,Amazon,Apr-25
Feb-25,Amazon ,West,BEC-CLN-001,BEC-CLN-001,876,174324,13463.52,42452.28,45,Cleaners,199,96,MATCH,160860.48,47.72%,4.11,34312.2,5.14%,Amazon,Feb-25
Feb-25,Amazon,North,BEC-CLN-003,BEC-CLN-003,574,171626,25137.04,42666.66,12,Cleaners,299,150,MATCH,146488.96,41.22%,4.02,17722.3,2.09%,Amazon,Feb-25
Jun-24,Amazon ,West,BEC-CLN-003,BEC-CLN-003,710,212290,51241.94,43004.18,35,Cleaners,299,150,MATCH,161048.06,33.87%,4.94,11543.88,4.93%,Amazon,Jun-24
Mar-25,Blinkit,West,BEC-CLN-003,BEC-CLN-003,631,188669,50865.6,44016.97,35,Cleaners,299,150,MATCH,137803.4,31.32%,4.29,-863.570000000007,5.55%,Blinkit,Mar-25
Mar-25,Amazon ,West,BEC-CLN-003,BEC-CLN-003,676,202124,10175.01,44550.93,38,Cleaners,299,150,MATCH,191948.99,47.17%,4.54,45998.06,5.62%,Amazon,Mar-25
Jun-25,Blinkit,West,BEC-CLN-003,BEC-CLN-003,583,174317,21869.56,44969.76,12,Cleaners,299,150,MATCH,152447.44,42.64%,3.88,20027.68,2.06%,Blinkit,Jun-25
Apr-25,Amazon ,West,BEC-CLN-002,BEC-CLN-002,946,175010,10846.79,45359.36,25,Cleaners,185,88,MATCH,164163.21,49.29%,3.86,35555.85,2.64%,Amazon,Apr-25
Feb-24,Amazon,South,BEC-CLN-003,BEC-CLN-003,490,146510,11507.19,45439.18,10,Cleaners,299,150,MATCH,135002.81,45.56%,3.22,16063.63,2.04%,Amazon,Feb-24
Jan-25,Blinkit,West,BEC-CLN-003,BEC-CLN-003,632,188968,41979.35,49581.86,21,Cleaners,299,150,MATCH,146988.65,35.51%,3.81,2606.78999999999,3.32%,Blinkit,Jan-25
Sep-24,Amazon,West,BEC-CLN-003,BEC-CLN-003,539,161161,9943.45,50733.75,15,Cleaners,299,150,MATCH,151217.55,46.53%,3.18,19633.8,2.78%,Amazon,Sep-24
Jan-24,Amazon ,West,BEC-CLN-003,BEC-CLN-003,712,212888,18301.19,53295.02,25,Cleaners,299,150,MATCH,194586.81,45.11%,3.99,34491.79,3.51%,Amazon,Jan-24
Mar-24,Amazon ,West,BEC-CLN-003,BEC-CLN-003,717,214383,21386.79,54043.74,38,Cleaners,299,150,MATCH,192996.21,44.27%,3.97,31402.47,5.30%,Amazon,Mar-24
Jun-25,Amazon,West,BEC-CLN-003,BEC-CLN-003,791,236509,39699.57,54806.28,36,Cleaners,299,150,MATCH,196809.43,39.71%,4.32,23353.15,4.55%,Amazon,Jun-25
May-25,Amazon,West,BEC-CLN-003,BEC-CLN-003,831,248469,53468.8,54955.93,38,Cleaners,299,150,MATCH,195000.2,36.08%,4.52,15394.27,4.57%,Amazon,May-25
Feb-25,Amazon,West,BEC-CLN-003,BEC-CLN-003,936,279864,61320.79,55352.74,41,Cleaners,299,150,MATCH,218543.21,35.76%,5.06,22790.47,4.38%,Amazon,Feb-25
Jan-25,Amazon ,West,BEC-CLN-003,BEC-CLN-003,881,263419,15388.52,55508.09,34,Cleaners,299,150,MATCH,248030.48,46.72%,4.75,60372.39,3.86%,Amazon,Jan-25
Apr-24,Amazon,West,  BEC-CLN-003,BEC-CLN-003,746,223054,25461.83,58655.64,34,Cleaners,299,150,MATCH,197592.17,43.37%,3.80,27036.53,4.56%,Amazon,Apr-24
Feb-24,Amazon,West,BEC-CLN-003,BEC-CLN-003,784,234416,45494.98,61151.24,24,Cleaners,299,150,MATCH,188921.02,37.75%,3.83,10169.78,3.06%,Amazon,Feb-24
